split,qid,claim,doc_id,kind,gold,cosine,cos_evidence
train,0,0-dimensional biomaterials lack inductive properties.,31715818,cited_no_evidence,unsupported,0.336615,"Nanotechnologies are emerging platforms that could be useful in measuring, understanding, and manipulating stem cells. Examples include magnetic nanoparticles and quantum dots for stem cell labeling and in vivo tracking; nanoparticles, carbon nanotubes, and polyplexes for the intracellular delivery of genes/oligonucleotides and protein/peptides; and engineered nanometer-scale scaffolds for stem cell differentiation and transplantation."
train,2,1 in 5 million in UK have abnormal PrP positivity.,13734012,contradict,unsupported,0.701211,"RESULTS Of the 32,441 appendix samples 16 were positive for abnormal PrP, indicating an overall prevalence of 493 per million population (95% confidence interval 282 to 801 per million). The prevalence in those born in 1941-60 (733 per million, 269 to 1596 per million) did not differ significantly from those born between 1961 and 1985 (412 per million, 198 to 758 per million) and was similar in both sexes and across the three broad geographical areas sampled."
train,4,1-1% of colorectal cancer patients are diagnosed with regional or distant metastases.,22942787,cited_no_evidence,unsupported,0.692377,"During the study period, 44,924 eligible patients were diagnosed with colorectal cancer. The proportion of patients diagnosed at an early stage increased from 22.5% in period 1 to 25.5% in period 2 and 26.3% in period 3 (P<.001 for each pairwise comparison)."
train,6,10% of sudden infant death syndrome (SIDS) deaths happen in newborns aged less than 6 months.,2613775,cited_no_evidence,unsupported,0.815097,"Despite declines in prevalence during the past two decades, sudden infant death syndrome (SIDS) continues to be the leading cause of death for infants aged between 1 month and 1 year in developed countries. Behavioural risk factors identified in epidemiological studies include prone and side positions for infant sleep, smoke exposure, soft bedding and sleep surfaces, and overheating."
train,9,32% of liver transplantation programs required patients to discontinue methadone treatment in 2001.,44265107,support,supported,0.887991,Patients receiving methadone maintenance are accepted by 56% of the responding programs. Approximately 180 patients receiving methadone maintenance are reported to have undergone liver transplantation.
train,9,32% of liver transplantation programs required patients to discontinue methadone treatment in 2001.,25182647,wrong_paper,unsupported,0.439649,"Thirty-two patients (70%) had clinical features and laboratory values consistent with AFLP, and 7 (15%) had HELLP syndrome. One patient had preeclamptic liver rupture requiring liver transplantation."
train,10,4-PBA treatment decreases endoplasmic reticulum stress in response to general endoplasmic reticulum stress markers.,32587939,cited_no_evidence,unsupported,0.502161,"Endoplasmic reticulum (ER) stress causes pancreatic β-cell dysfunction and contributes to β-cell loss and the progression of type 2 diabetes. Wolfram syndrome 1 (WFS1) has been shown to be an important regulator of the ER stress signalling pathway; however, its role in β-cell function remains unclear."
train,11,4-PBA treatment raises endoplasmic reticulum stress in response to general endoplasmic reticulum stress markers.,32587939,cited_no_evidence,unsupported,0.510476,"Endoplasmic reticulum (ER) stress causes pancreatic β-cell dysfunction and contributes to β-cell loss and the progression of type 2 diabetes. Wolfram syndrome 1 (WFS1) has been shown to be an important regulator of the ER stress signalling pathway; however, its role in β-cell function remains unclear."
train,12,40mg/day dosage of folic acid and 2mg/day dosage of vitamin B12 does not affect chronic kidney disease (CKD) progression.,33409100,support,supported,0.806594,"OBJECTIVE To determine whether high doses of folic acid and B vitamins administered daily reduce mortality in patients with chronic kidney disease. DESIGN, SETTING, AND PARTICIPANTS Double-blind randomized controlled trial (2001-2006) in 36 US Department of Veterans Affairs medical centers."
train,12,40mg/day dosage of folic acid and 2mg/day dosage of vitamin B12 does not affect chronic kidney disease (CKD) progression.,11705328,wrong_paper,unsupported,0.639448,CONCLUSIONS A dosage of folic acid of 0.8 mg/d appears necessary to achieve the maximum reduction in serum homocysteine level across the range of homocysteine levels in the population. Current US food fortification levels will achieve only a small proportion of the achievable homocysteine reduction.
train,14,5'-nucleotidase metabolizes 6MP.,641786,cited_no_evidence,unsupported,0.446416,"Enzymatic analysis of mutant proteins showed that base substitutions conferred increased enzymatic activity and resistance to treatment with nucleoside analog therapies. Clinically, all individuals who harbored NT5C2 mutations relapsed early, within 36 months of initial diagnosis (P = 0.03)."
train,15,50% of patients exposed to radiation have activated markers of mesenchymal stem cells.,22080671,cited_no_evidence,unsupported,0.382194,"Here, using Myh11-CreERT2 ROSA floxed STOP eYFP Apoe−/− mice to perform SMC lineage tracing, we find that traditional methods for detecting SMCs based on immunostaining for SMC markers fail to detect >80% of SMC-derived cells within advanced atherosclerotic lesions. These unidentified SMC-derived cells exhibit phenotypes of other cell lineages, including macrophages and mesenchymal stem cells (MSCs)."
train,17,53% of perinatal mortality is due to low birth weight.,1606628,cited_no_evidence,unsupported,0.507314,"Worldwide, the number of underweight children was projected to decline from 163.8 million in 1990 to 113.4 million in 2015, a change of -31% (95% CI, -40% to -20%). Numbers are projected to decrease in all subregions except the subregions of sub-Saharan, Eastern, Middle, and Western Africa, which are expected to experience substantial increases in the number of underweight children."
train,18,61% of colorectal cancer patients are diagnosed with regional or distant metastases.,22942787,cited_no_evidence,unsupported,0.704784,"During the study period, 44,924 eligible patients were diagnosed with colorectal cancer. The proportion of patients diagnosed at an early stage increased from 22.5% in period 1 to 25.5% in period 2 and 26.3% in period 3 (P<.001 for each pairwise comparison)."
train,19,7-day-old adult Caenorhabditis elegans exhibit approximately 5% of the learning capacity seen in 1-day old adults.,3202143,cited_no_evidence,unsupported,0.597796,"While conditions that increase longevity have been identified, the effects of these longevity-promoting factors on learning and memory are unknown. Here we show that the C. elegans Insulin/IGF-1 receptor mutant daf-2 improves memory performance early in adulthood and maintains learning ability better with age but, surprisingly, demonstrates no extension in long-term memory with age."
train,20,7-day-old adult Caenorhabditis elegans exhibit approximately 75% of the learning capacity seen in 1-day old adults.,3202143,cited_no_evidence,unsupported,0.597826,"While conditions that increase longevity have been identified, the effects of these longevity-promoting factors on learning and memory are unknown. Here we show that the C. elegans Insulin/IGF-1 receptor mutant daf-2 improves memory performance early in adulthood and maintains learning ability better with age but, surprisingly, demonstrates no extension in long-term memory with age."
train,21,70% of burn patients are admitted for hospitalization and further treatment after appearing at hospital emergency wards or outpatient clinics.,41493639,cited_no_evidence,unsupported,0.682866,"This series provides an overview of the most important aspects of burn injuries for hospital and non-hospital healthcare workers.​workers. Figure 1 Top: Child with 70% full thickness burns, which required resuscitation, intensive care support, and extensive debridement and skin grafting."
train,22,76-85% of people with severe mental disorder receive no treatment in low and middle income countries.,6490571,support,supported,0.693585,"CONTEXT Little is known about the extent or severity of untreated mental disorders, especially in less-developed countries. OBJECTIVE To estimate prevalence, severity, and treatment of Diagnostic and Statistical Manual of Mental Disorders, Fourth Edition (DSM-IV) mental disorders in 14 countries (6 less developed, 8 developed) in the World Health Organization (WHO) World Mental Health (WMH) Survey Initiative."
train,22,76-85% of people with severe mental disorder receive no treatment in low and middle income countries.,35022568,wrong_paper,unsupported,0.448298,"Recent years have seen the emergence of a 'global mental health' agenda, focused on providing evidence-based interventions for mental illnesses in low- and middle-income countries. Anthropologists and cultural psychiatrists have engaged in vigorous debates about the appropriateness of this agenda."
train,24,90% of patients with melanoma and an objective response to PD-1 blockade will experience a progression in their melanoma.,3471191,cited_no_evidence,unsupported,0.680468,IMPORTANCE The programmed death 1 (PD-1) pathway limits immune responses to melanoma and can be blocked with the humanized anti-PD-1 monoclonal antibody pembrolizumab. OBJECTIVE To characterize the association of pembrolizumab with tumor response and overall survival among patients with advanced melanoma.
train,25,90% of sudden infant death syndrome (SIDS) deaths happen in newborns aged less than 6 months.,2613775,cited_no_evidence,unsupported,0.835668,"Despite declines in prevalence during the past two decades, sudden infant death syndrome (SIDS) continues to be the leading cause of death for infants aged between 1 month and 1 year in developed countries. Behavioural risk factors identified in epidemiological studies include prone and side positions for infant sleep, smoke exposure, soft bedding and sleep surfaces, and overheating."
train,26,A 100g dose of chloroquine chemoprophylactic regimen results in retinal toxicity after 1 year of weekly intake.,32390525,cited_no_evidence,unsupported,0.426099,"OBJECTIVES To examine the risk of malaria in long-term travelers, recent developments in personal protective measures, and the safety and tolerability of malaria chemoprophylaxis during long-term use and to consider prevention strategies including continuous chemoprophylaxis, stand-by emergency self-treatment, seasonal prophylaxis, and strategies to prevent primary infection and relapses from P vivax malaria. EVIDENCE ACQUISITION Comprehensive search of scientific publications including MEDLINE via both OVID and PubMED for relevant studies and articles with a cutoff date of July 2006, using the search terms long-term travel and malaria prevention, long-term malaria chemoprophylaxis, and insect repellent and malaria."
train,27,A 100g dose of chloroquine chemoprophylactic regimen results in retinal toxicity after 5-6 years of weekly intake.,32390525,cited_no_evidence,unsupported,0.420342,"OBJECTIVES To examine the risk of malaria in long-term travelers, recent developments in personal protective measures, and the safety and tolerability of malaria chemoprophylaxis during long-term use and to consider prevention strategies including continuous chemoprophylaxis, stand-by emergency self-treatment, seasonal prophylaxis, and strategies to prevent primary infection and relapses from P vivax malaria. EVIDENCE ACQUISITION Comprehensive search of scientific publications including MEDLINE via both OVID and PubMED for relevant studies and articles with a cutoff date of July 2006, using the search terms long-term travel and malaria prevention, long-term malaria chemoprophylaxis, and insect repellent and malaria."
train,28,A T helper 2 cell (Th2) environment impedes disease development in patients with systemic lupus erythematosus (SLE).,12670680,contradict,unsupported,0.626937,BASOPHILS AND THE T HELPER 2 ENVIRONMENT CAN PROMOTE THE DEVELOPMENT OF LUPUS NEPHRITIS
train,30,A breast cancer patient's capacity to metabolize tamoxifen influences treatment outcome.,24341590,support,supported,0.744801,"DESIGN, SETTING, AND PATIENTS Retrospective analysis of German and US cohorts of patients treated with adjuvant tamoxifen for early stage breast cancer. The 1325 patients had diagnoses between 1986 and 2005 of stage I through III breast cancer and were mainly postmenopausal (95.4%)."
train,30,A breast cancer patient's capacity to metabolize tamoxifen influences treatment outcome.,13069283,wrong_paper,unsupported,0.723531,"Plasma levels of tamoxifen and its metabolites were quantified by high-performance liquid chromatography. RESULTS The CYP2D6 phenotype was extensive metabolizer in 80%, intermediate metabolizer in 12.2%, ultra-rapid metabolizer in 2.2%, and poor metabolizer in 5.6% of patients, and the allele frequency was 35.0% for allele (*)1, 21.0% for *2, and 18.9% for *4."
train,32,A country's Vaccine Alliance (GAVI) eligibility is not indictivate of accelerated adoption of the Hub vaccine.,12428497,contradict,unsupported,0.635957,Global recommendations and local studies were not associated with time to decision. CONCLUSIONS This study substantiates previous findings related to vaccine price and presents new evidence to suggest that GAVI eligibility is associated with accelerated decisions to adopt Hib vaccine.
train,34,A deficiency of folate increases blood levels of homocysteine.,11705328,support,supported,0.82328,Randomized trial of folic acid supplementation and serum homocysteine levels.
train,34,A deficiency of folate increases blood levels of homocysteine.,42441846,wrong_paper,unsupported,0.771253,"Levels of plasma homocysteine, folate and vitamin B12 were also determined. We then defined the genotype-specific threshold values of folate and vitamin B12 required to keep homocysteine levels in a normal range for individuals of each MTHFR C677T genotype."
train,35,A deficiency of vitamin B12 decreases blood levels of homocysteine.,5152028,cited_no_evidence,unsupported,0.647995,It has been proposed that improvement occurs through reduction in total (tHcy) or free (non-protein bound) homocysteine (fHcy). We investigated the effects of folic acid on endothelial function before a change in homocysteine in patients with CAD.
train,35,A deficiency of vitamin B12 decreases blood levels of homocysteine.,11705328,cited_no_evidence,unsupported,0.702915,Randomized trial of folic acid supplementation and serum homocysteine levels.
train,37,A deficiency of vitamin B6 decreases blood levels of homocysteine.,5152028,cited_no_evidence,unsupported,0.609361,It has been proposed that improvement occurs through reduction in total (tHcy) or free (non-protein bound) homocysteine (fHcy). We investigated the effects of folic acid on endothelial function before a change in homocysteine in patients with CAD.
train,37,A deficiency of vitamin B6 decreases blood levels of homocysteine.,11705328,cited_no_evidence,unsupported,0.663118,Randomized trial of folic acid supplementation and serum homocysteine levels.
train,39,A diminished ovarian reserve does not solely indicate infertility in an a priori non-infertile population.,13497630,support,supported,0.751101,"Conclusions and Relevance Among women aged 30 to 44 years without a history of infertility who had been trying to conceive for 3 months or less, biomarkers indicating diminished ovarian reserve compared with normal ovarian reserve were not associated with reduced fertility. These findings do not support the use of urinary or blood follicle-stimulating hormone tests or antimüllerian hormone levels to assess natural fertility for women with these characteristics."
train,39,A diminished ovarian reserve does not solely indicate infertility in an a priori non-infertile population.,11109043,wrong_paper,unsupported,0.379776,"BACKGROUND To compare the clinical results and the cost-effectiveness of using the aromatase inhibitor, letrozole, in conjunction with FSH and FSH alone for controlled ovarian stimulation (COS) in patients undergoing intrauterine insemination (IUI) for a variety of indications. METHODS Four hundred and thirty-two consecutive patients who underwent 872 IUI cycles were included."
train,40,"A diminished ovarian reserve is a very strong indicator of infertility, even in an a priori non-infertile population.",13497630,contradict,unsupported,0.762436,"Conclusions and Relevance Among women aged 30 to 44 years without a history of infertility who had been trying to conceive for 3 months or less, biomarkers indicating diminished ovarian reserve compared with normal ovarian reserve were not associated with reduced fertility. These findings do not support the use of urinary or blood follicle-stimulating hormone tests or antimüllerian hormone levels to assess natural fertility for women with these characteristics."
train,41,A high microerythrocyte count protects against severe anemia in homozygous alpha (+)- thalassemia trait subjects.,18174210,support,supported,0.800292,Increased Microerythrocyte Count in Homozygous α+-Thalassaemia Contributes to Protection against Severe Malarial Anaemia
train,41,A high microerythrocyte count protects against severe anemia in homozygous alpha (+)- thalassemia trait subjects.,40913091,wrong_paper,unsupported,0.73696,GENOTYPING OF THALASSEMIA IN MICROCYTIC HYPOCHROMIC ANEMIA PATIENTS FROM SOUTHWEST REGION OF IRAN
train,43,A low percentage of hematopoietic progenitor cells are susceptible to HIV-1 infection ex vivo.,7224723,cited_no_evidence,unsupported,0.763261,"Here we used CD34(+) cells from infected people as well as in vitro studies of wild-type HIV to show infection and killing of CD34(+) multipotent hematopoietic progenitor cells (HPCs). In some HPCs, we detected latent infection that stably persisted in cell culture until viral gene expression was activated by differentiation factors."
train,44,A mutation in HNF4A leads to an increased risk of developing diabetes by the age of 14 years.,56893404,support,supported,0.653584,"The increased rate of macrosomia in the offspring of pregnant women with diabetes and in congenital hyperinsulinaemia is mediated by increased foetal insulin secretion. We assessed the in utero and neonatal role of two key regulators of pancreatic insulin secretion by studying birthweight and the incidence of neonatal hypoglycaemia in patients with heterozygous mutations in the maturity-onset diabetes of the young (MODY) genes HNF4A (encoding HNF-4α) and HNF1A/TCF1 (encoding HNF-1α), and the effect of pancreatic deletion of Hnf4a on foetal and neonatal insulin secretion in mice."
train,44,A mutation in HNF4A leads to an increased risk of developing diabetes by the age of 14 years.,17656445,wrong_paper,unsupported,0.43725,"CONCLUSIONS Fructosamine, glycated albumin, and 1,5-AG were associated with the subsequent development of diabetes independently of baseline A1C and fasting glucose. Our results suggest these alternative biomarkers may be useful in identifying persons at risk for diabetes."
train,45,A mutation in HNF4A leads to an increased risk of diabetes by the age of 14 years.,56893404,cited_no_evidence,unsupported,0.640067,Macrosomia and Hyperinsulinaemic Hypoglycaemia in Patients with Heterozygous Mutations in the HNF4A Gene
train,46,A single nucleotide variant the gene DGKK is strongly associated with increased risk of hypospadias.,380526,support,supported,0.931343,Common variants in DGKK are strongly associated with risk of hypospadias
train,46,A single nucleotide variant the gene DGKK is strongly associated with increased risk of hypospadias.,43329366,wrong_paper,unsupported,0.403607,"The adverse effect is less severe in sons, although links to testicular cancer and urogenital anomalies, such as epididymal cysts, have been reported.2 3 A recent study also found an increased risk of hypospadias in the sons of women exposed to diethylstilbestrol in utero.4 Clomifene has a half life of about five days, but its metabolites have been found in blood samples on day 22 of the menstrual cycle and in faeces up to six weeks after administration.5 The occurrence of hypospadias may be increasing. Little is known about the risk of hypospadias in boys born to women who have used clomifene to induce ovulation. ### Methods and results Our case-control study was done in the Danish counties of North Jutland, Aarhus, Viborg, and …"
train,47,A strong bias in the phage genome locations where the spacers were derived has been observed in many CRISPR subtypes that confer the immunity to phage.,26996935,support,supported,0.855911,Strong bias in the bacterial CRISPR elements that confer immunity to phage.
train,47,A strong bias in the phage genome locations where the spacers were derived has been observed in many CRISPR subtypes that confer the immunity to phage.,3512154,cited_no_evidence,unsupported,0.626995,CRISPR adaptation biases explain preference for acquisition of foreign DNA
train,47,A strong bias in the phage genome locations where the spacers were derived has been observed in many CRISPR subtypes that confer the immunity to phage.,11336632,wrong_paper,unsupported,0.668993,"Clustered, regularly interspaced, short palindromic repeat (CRISPR) loci confer sequence-directed immunity against phages. A clinical isolate of Staphylococcus epidermidis harbors a CRISPR spacer that matches the nickase gene present in nearly all staphylococcal conjugative plasmids."
train,52,ALDH1 expression is associated with poorer prognosis for breast cancer primary tumors.,45638119,support,supported,0.862808,"In a series of 577 breast carcinomas, expression of ALDH1 detected by immunostaining correlated with poor prognosis. These findings offer an important new tool for the study of normal and malignant breast stem cells and facilitate the clinical application of stem cell concepts."
train,52,ALDH1 expression is associated with poorer prognosis for breast cancer primary tumors.,7821634,wrong_paper,unsupported,0.514124,"Low concentrations of dual specificity protein phosphatase 4 (DUSP4), an ERK phosphatase, correlated with high post-NAC tumor cell proliferation and with basal-like breast cancer (BLBC) status. BLBC had higher DUSP4 promoter methylation and gene expression patterns of Ras-ERK pathway activation relative to other breast cancer subtypes."
train,55,AMP-activated protein kinase (AMPK) activation reduces inflammation-related fibrosis in the lungs.,49556906,support,supported,0.814647,"However, the role of AMPK in fibrosis is not well understood. Here, we demonstrate that in humans with idiopathic pulmonary fibrosis (IPF) and in an experimental mouse model of lung fibrosis, AMPK activity is lower in fibrotic regions associated with metabolically active and apoptosis-resistant myofibroblasts."
train,55,AMP-activated protein kinase (AMPK) activation reduces inflammation-related fibrosis in the lungs.,3419709,wrong_paper,unsupported,0.64163,"Because AMPK activity is reduced by inflammation, obesity, and diabetes, increasing AMPK activity has been viewed as a viable therapeutic strategy to improve NAFLD. In this review, we propose three primary mechanisms by which AMPK activation may improve NAFLD."
train,58,APOE4 expression in iPSC-derived neurons results in decreased tau phosphorylation.,4709641,contradict,unsupported,0.763622,"Using human neurons derived from induced pluripotent stem cells that expressed apolipoprotein E4 (ApoE4), a variant of the APOE gene product and the major genetic risk factor for AD, we demonstrated that ApoE4-expressing neurons had higher levels of tau phosphorylation, unrelated to their increased production of amyloid-β (Aβ) peptides, and that they displayed GABAergic neuron degeneration. ApoE4 increased Aβ production in human, but not in mouse, neurons."
train,60,ART has no effect on the infectiveness of HIV-positive people.,13899137,contradict,unsupported,0.63329,"The impact of optimistic interventions including immediate ART initiation varied widely across models, maintaining substantial uncertainty about the theoretical prospect for elimination of HIV from the population using ART alone over the next four decades. The number of person-years of ART per infection averted over 8 y ranged between 5.8 and 18.7."
train,60,ART has no effect on the infectiveness of HIV-positive people.,13901073,cited_no_evidence,unsupported,0.528176,"All models predict elimination, yet those that capture more processes underlying the HIV transmission dynamics predict elimination at a later point in time, after 20 to 25 y. Importantly, the most comprehensive model predicts that the current strategy of ART at CD4 count ≤350 cells/µl will also lead to elimination, albeit 10 y later compared to UTT."
train,61,ART substantially reduces infectiveness of HIV-positive people.,13899137,support,supported,0.80686,"CONCLUSIONS Mathematical models evaluating the impact of ART vary substantially in structure, complexity, and parameter choices, but all suggest that ART, at high levels of access and with high adherence, has the potential to substantially reduce new HIV infections. There was broad agreement regarding the short-term epidemiologic impact of ambitious treatment scale-up, but more variation in longer term projections and in the efficiency with which treatment can reduce new infections."
train,61,ART substantially reduces infectiveness of HIV-positive people.,13901073,cited_no_evidence,unsupported,0.555701,"Also, UTT is a cost-effective intervention, but less cost-effective than previously predicted because the current South African ART treatment policy alone could already drive HIV into elimination. Please see later in the article for the Editors' Summary."
train,61,ART substantially reduces infectiveness of HIV-positive people.,374902,wrong_paper,unsupported,0.737826,"FINDINGS The studied strategy could greatly accelerate the transition from the present endemic phase, in which most adults living with HIV are not receiving ART, to an elimination phase, in which most are on ART, within 5 years. It could reduce HIV incidence and mortality to less than one case per 1000 people per year by 2016, or within 10 years of full implementation of the strategy, and reduce the prevalence of HIV to less than 1% within 50 years."
train,62,ATF4 is a general endoplasmic reticulum stress marker.,32587939,cited_no_evidence,unsupported,0.495549,"Endoplasmic reticulum (ER) stress causes pancreatic β-cell dysfunction and contributes to β-cell loss and the progression of type 2 diabetes. Wolfram syndrome 1 (WFS1) has been shown to be an important regulator of the ER stress signalling pathway; however, its role in β-cell function remains unclear."
train,63,ATM and Rad3 related protein are critical for sensing DNA damage.,40349336,cited_no_evidence,unsupported,0.456511,"Developmental abnormalities, cancer, and premature aging each have been linked to defects in the DNA damage response (DDR). Mutations in the ATR checkpoint regulator cause developmental defects in mice (pregastrulation lethality) and humans (Seckel syndrome)."
train,64,ATM and Rad3 related protein have no role in sensing DNA damage.,40349336,cited_no_evidence,unsupported,0.414085,"Developmental abnormalities, cancer, and premature aging each have been linked to defects in the DNA damage response (DDR). Mutations in the ATR checkpoint regulator cause developmental defects in mice (pregastrulation lethality) and humans (Seckel syndrome)."
train,66,AZT given with ribavirin increases anemia.,14806256,cited_no_evidence,unsupported,0.32359,"PATIENTS A total of 298 patients who were prescribed new antiretroviral therapies between January 1996 and January 1998, 211 (71%) of whom received protease inhibitors as part of combination therapy (median follow-up, 182 days) and 87 (29%) of whom received dual nucleoside analog regimens (median follow-up, 167 days). Chronic hepatitis C and B virus infection was present in 154 (52%) and 8 (2.7%) patients, respectively."
train,67,Activated Cdk5 phosphorylates the ATM protein in response to DNA damage.,21295300,support,supported,0.857737,Phosphorylation of ATM by Cdk5 mediates DNA damage signaling and regulates neuronal death
train,67,Activated Cdk5 phosphorylates the ATM protein in response to DNA damage.,12909503,wrong_paper,unsupported,0.617682,"DNA damage and perturbation of replication machinery causes replication stress, characterized by accumulation of single-stranded DNA bound by replication protein A (RPA), which triggers activation of ataxia telangiectasia and Rad3 related (ATR) and phosphorylation of the RPA32, subunit of RPA, leading to Chk1 activation and arrest. DNA-dependent protein kinase catalytic subunit (DNA-PKcs) [a kinase related to ataxia telangiectasia mutated (ATM) and ATR] has well characterized roles in DNA double-strand break repair, but poorly understood roles in replication stress-induced RPA phosphorylation."
train,68,Activated Cdk5 regulates DNA damage-induced neuronal death.,21295300,support,supported,0.862815,Phosphorylation of ATM by Cdk5 mediates DNA damage signaling and regulates neuronal death
train,68,Activated Cdk5 regulates DNA damage-induced neuronal death.,29422484,wrong_paper,unsupported,0.722436,"Cdk5 is a member of the cyclin-dependent kinase (Cdk) family, which is activated by neuronal activators p35 or p39. Cdk5 regulates a variety of neuronal activities including migration, synaptic activity and neuronal death."
train,69,Activation of PPM1D enhances p53 function.,5956380,contradict,unsupported,0.735686,PPM1D mutations were mutually exclusive with TP53 mutations in BSG and attenuated p53 activation in vitro. PPM1D mutations were truncating alterations in exon 6 that enhanced the ability of PPM1D to suppress the activation of the DNA damage response checkpoint protein CHK2.
train,69,Activation of PPM1D enhances p53 function.,4414547,contradict,unsupported,0.635001,"Functional studies demonstrate that the mutations result in enhanced suppression of p53 in response to ionizing radiation exposure, suggesting that the mutant alleles encode hyperactive PPM1D isoforms. Thus, although the mutations cause premature protein truncation, they do not result in the simple loss-of-function effect typically associated with this class of variant, but instead probably have a gain-of-function effect."
train,71,Activation of the Rac1 homolog CED-10 kills viable cells in SRGP-1 mutant Caenorhabditis elegans.,1127562,support,supported,0.78677,"Many of the pathways that mediate this cell removal are conserved through evolution. Here, we identify srgp-1 as a negative regulator of cell clearance in both Caenorhabditis elegans and mammalian cells."
train,71,Activation of the Rac1 homolog CED-10 kills viable cells in SRGP-1 mutant Caenorhabditis elegans.,16267205,wrong_paper,unsupported,0.465667,Sex-specific effects of the DAF-12 steroid receptor on aging in Caenorhabditis elegans.
train,73,Activator-inhibitor pairs are provided ventrally by Xrl-sizzled.,6076903,cited_no_evidence,unsupported,0.467654,It is unable to signal dorsally because of inhibition by Chordin. The ventral BMP antagonists Sizzled and Bambi further refine the pattern.
train,74,Active H. pylori urease has a polymeric structure consisting of five distinct subunits.,4387784,cited_no_evidence,unsupported,0.61417,Structure of the proton-gated urea channel from the gastric pathogen Helicobacter pylori
train,76,Active Ly49Q induces neutrophil polarization.,5531479,support,supported,0.859606,"During the steady state, Ly49Q inhibited neutrophil adhesion by preventing focal-complex formation, likely by inhibiting Src and PI3 kinases. However, in the presence of inflammatory stimuli, Ly49Q mediated rapid neutrophil polarization and tissue infiltration in an ITIM-domain-dependent manner."
train,76,Active Ly49Q induces neutrophil polarization.,52925737,wrong_paper,unsupported,0.460066,"GC-Ex transported high mobility group box-1 (HMGB1) that activated NF-κB pathway through interaction with TLR4, resulting in an increased autophagic response in neutrophils. Blocking HMGB1/TLR4 interaction, NF-κB pathway, and autophagy reversed GC-Ex-induced neutrophil activation."
train,77,Active Ly49Q prevents neutrophil polarization.,5531479,contradict,unsupported,0.850874,"During the steady state, Ly49Q inhibited neutrophil adhesion by preventing focal-complex formation, likely by inhibiting Src and PI3 kinases. However, in the presence of inflammatory stimuli, Ly49Q mediated rapid neutrophil polarization and tissue infiltration in an ITIM-domain-dependent manner."
train,78,Active caspase-11 participate in regulating phagosome-lysosome fusion.,5099266,support,supported,0.841849,Caspase-11 promotes the fusion of phagosomes harboring pathogenic bacteria with lysosomes by modulating actin polymerization.
train,78,Active caspase-11 participate in regulating phagosome-lysosome fusion.,38043606,wrong_paper,unsupported,0.602898,"Despite our understanding of the trafficking events that regulate phagosome maturation, our appreciation of the lumenal environment within the phagosome is only now becoming elucidated through real-time functional assays. The assays quantify pH change, phagosome/lysosome fusion, proteolysis, lipolysis, and beta-galactosidase activity."
train,79,Active caspase-11 protein promotes pyroptosis.,5099266,support,supported,0.585551,"Similarly, human caspase-4 and caspase-5, homologs of mouse caspase-11, cooperated to restrict L. pneumophila infection in human macrophages. Caspase-11 promoted the fusion of the L. pneumophila vacuole with lysosomes by modulating actin polymerization through cofilin."
train,79,Active caspase-11 protein promotes pyroptosis.,4407455,wrong_paper,unsupported,0.710876,"Inflammatory caspases (caspase-1, -4, -5 and -11) are critical for innate defences. Caspase-1 is activated by ligands of various canonical inflammasomes, and caspase-4, -5 and -11 directly recognize bacterial lipopolysaccharide, both of which trigger pyroptosis."
train,80,Acute ablation of KRAS causes severe growth impairment.,4920376,cited_no_evidence,unsupported,0.400212,Long-Term ERK Inhibition in KRAS-Mutant Pancreatic Cancer Is Associated with MYC Degradation and Senescence-like Growth Suppression.
train,81,Acute ablation of Snail in the embryonic cortex affects the proliferation and number of embryonic cortical precursors.,1797622,cited_no_evidence,unsupported,0.440787,"Therefore, C. elegans dnj-11 MIDA1, ces-2 HLF, and ces-1 Snail may be components of a pathway involved in asymmetric cell division that is conserved throughout the plant and animal kingdoms. Furthermore, based on our results, we propose that this pathway directly controls the apoptotic fate in C. elegans, and possibly other animals as well."
train,82,"Addition of BMP4, activin A, CHIR99021, and SU504 to reprogramming fibroblasts generates, expands and maintains cardiovascular progenitor cells (CPCs)",3619372,cited_no_evidence,unsupported,0.7853,Expandable Cardiovascular Progenitor Cells Reprogrammed from Fibroblasts.
train,85,Adult tissue-resident macrophages are seeded before birth.,7521113,support,supported,0.646073,"We have demonstrated that major tissue-resident macrophage populations, including liver Kupffer cells and lung alveolar, splenic, and peritoneal macrophages, are established prior to birth and maintain themselves subsequently during adulthood independent of replenishment by blood monocytes. Furthermore, we have established that short-lived Ly6C(+) monocytes constitute obligatory steady-state precursors of blood-resident Ly6C(-) cells and that the abundance of Ly6C(+) blood monocytes dynamically controls the circulation lifespan of their progeny."
train,85,Adult tissue-resident macrophages are seeded before birth.,22406695,support,supported,0.77934,"Macrophages are distributed in tissues throughout the body and contribute to both homeostasis and disease. Recently, it has become evident that most adult tissue macrophages originate during embryonic development and not from circulating monocytes."
train,85,Adult tissue-resident macrophages are seeded before birth.,12827098,wrong_paper,unsupported,0.659846,Tissue-resident macrophages self-maintain locally throughout adult life with minimal contribution from circulating monocytes.
train,86,Adult tissue-resident macrophages are seeded before birth.,7521113,support,supported,0.646073,"We have demonstrated that major tissue-resident macrophage populations, including liver Kupffer cells and lung alveolar, splenic, and peritoneal macrophages, are established prior to birth and maintain themselves subsequently during adulthood independent of replenishment by blood monocytes. Furthermore, we have established that short-lived Ly6C(+) monocytes constitute obligatory steady-state precursors of blood-resident Ly6C(-) cells and that the abundance of Ly6C(+) blood monocytes dynamically controls the circulation lifespan of their progeny."
train,86,Adult tissue-resident macrophages are seeded before birth.,22406695,support,supported,0.77934,"Macrophages are distributed in tissues throughout the body and contribute to both homeostasis and disease. Recently, it has become evident that most adult tissue macrophages originate during embryonic development and not from circulating monocytes."
train,86,Adult tissue-resident macrophages are seeded before birth.,12827098,wrong_paper,unsupported,0.659846,Tissue-resident macrophages self-maintain locally throughout adult life with minimal contribution from circulating monocytes.
train,88,Adult tissue-resident macrophages possess a self-renewing capacity.,7521113,support,supported,0.678134,"We have demonstrated that major tissue-resident macrophage populations, including liver Kupffer cells and lung alveolar, splenic, and peritoneal macrophages, are established prior to birth and maintain themselves subsequently during adulthood independent of replenishment by blood monocytes. Furthermore, we have established that short-lived Ly6C(+) monocytes constitute obligatory steady-state precursors of blood-resident Ly6C(-) cells and that the abundance of Ly6C(+) blood monocytes dynamically controls the circulation lifespan of their progeny."
train,88,Adult tissue-resident macrophages possess a self-renewing capacity.,22406695,cited_no_evidence,unsupported,0.668702,"Macrophages are distributed in tissues throughout the body and contribute to both homeostasis and disease. Recently, it has become evident that most adult tissue macrophages originate during embryonic development and not from circulating monocytes."
train,88,Adult tissue-resident macrophages possess a self-renewing capacity.,12827098,wrong_paper,unsupported,0.814216,Tissue-resident macrophages self-maintain locally throughout adult life with minimal contribution from circulating monocytes.
train,89,Adult tissue-resident macrophages stem from the embryonal yolk sac and fetal liver.,7521113,cited_no_evidence,unsupported,0.630008,"We have demonstrated that major tissue-resident macrophage populations, including liver Kupffer cells and lung alveolar, splenic, and peritoneal macrophages, are established prior to birth and maintain themselves subsequently during adulthood independent of replenishment by blood monocytes. Furthermore, we have established that short-lived Ly6C(+) monocytes constitute obligatory steady-state precursors of blood-resident Ly6C(-) cells and that the abundance of Ly6C(+) blood monocytes dynamically controls the circulation lifespan of their progeny."
train,89,Adult tissue-resident macrophages stem from the embryonal yolk sac and fetal liver.,22406695,cited_no_evidence,unsupported,0.760606,"Macrophages are distributed in tissues throughout the body and contribute to both homeostasis and disease. Recently, it has become evident that most adult tissue macrophages originate during embryonic development and not from circulating monocytes."
train,90,Adult tissue-resident macrophages stem from the embryonal yolk sac and fetal liver.,22406695,cited_no_evidence,unsupported,0.760606,"Macrophages are distributed in tissues throughout the body and contribute to both homeostasis and disease. Recently, it has become evident that most adult tissue macrophages originate during embryonic development and not from circulating monocytes."
train,91,Aged patients are less susceptible to ischaemia/reperfusion injury.,1084345,cited_no_evidence,unsupported,0.362341,"We have analyzed in this model the consequences of preventing the age-dependent decrease in receptor abundance in aged rodents at the cellular and organ levels. We show here that CMA activity is maintained until advanced ages if the decrease in the receptor abundance is prevented and that preservation of autophagic activity is associated with lower intracellular accumulation of damaged proteins, better ability to handle protein damage and improved organ function."
train,92,Aged patients are more susceptible to ischaemia/reperfusion injury.,1084345,cited_no_evidence,unsupported,0.36485,"We have analyzed in this model the consequences of preventing the age-dependent decrease in receptor abundance in aged rodents at the cellular and organ levels. We show here that CMA activity is maintained until advanced ages if the decrease in the receptor abundance is prevented and that preservation of autophagic activity is associated with lower intracellular accumulation of damaged proteins, better ability to handle protein damage and improved organ function."
train,93,Aggravated inflammation is dependent on NLRP3 inflammasome activation.,2692522,support,supported,0.602047,"Here we show that MSU and CPPD engage the caspase-1-activating NALP3 (also called cryopyrin) inflammasome, resulting in the production of active interleukin (IL)-1β and IL-18. Macrophages from mice deficient in various components of the inflammasome such as caspase-1, ASC and NALP3 are defective in crystal-induced IL-1β activation."
train,93,Aggravated inflammation is dependent on NLRP3 inflammasome activation.,4399311,wrong_paper,unsupported,0.762166,"An inflammatory response initiated by the NLRP3 inflammasome is triggered by a variety of situations of host ‘danger’, including infection and metabolic dysregulation. Previous studies suggested that NLRP3 inflammasome activity is negatively regulated by autophagy and positively regulated by reactive oxygen species (ROS) derived from an uncharacterized organelle."
train,95,Albendazole is used to treat soil-transmitted helminths.,1215116,cited_no_evidence,unsupported,0.377521,"In the case of guinea worm infection, disease eradication might also soon be possible [9]. Box 2."
train,96,Algerian physicians constitue the largest component of sub-Saharan Africa-trained physicians in the United States.,14500725,cited_no_evidence,unsupported,0.572776,Physician Emigration from Sub-Saharan Africa to the United States: Analysis of the 2011 AMA Physician Masterfile
train,98,Alirocumab treatment reduces apo(a) fractional clearance rate.,6540064,contradict,unsupported,0.650279,"They received 2 doses of placebo, 2 weeks apart, followed by 5 doses of 150 mg of alirocumab, 2 weeks apart. At the end of each period, fractional clearance rates (FCRs) and production rates (PRs) of apoB and apo(a) were determined."
train,104,Allogeneic mechanical circulatory support is not as effective as autologous mechanical circulatory support for treating acute myocardial infarction.,40164383,contradict,unsupported,0.568844,"Both autologous and allogeneic MSC therapies are possible; however, their safety and efficacy have not been compared. OBJECTIVE To test whether allogeneic MSCs are as safe and effective as autologous MSCs in patients with left ventricular (LV) dysfunction due to ICM."
train,105,Alteration of origin firing causes changes in termination zones of Okazaki fragments.,36606083,contradict,unsupported,0.428248,"Via the deep sequencing of Okazaki fragments, we comprehensively document replication fork directionality throughout the S. cerevisiae genome, which permits the systematic analysis of initiation, origin efficiency, fork progression, and termination. We show that leading-strand initiation preferentially occurs within a nucleosome-free region at replication origins."
train,106,Ambulatory blood pressure monitoring is inaccurate at diagnosing hypertension.,25515907,contradict,unsupported,0.783822,Relative effectiveness of clinic and home blood pressure monitoring compared with ambulatory blood pressure monitoring in diagnosis of hypertension: systematic review
train,106,Ambulatory blood pressure monitoring is inaccurate at diagnosing hypertension.,5151024,contradict,unsupported,0.765144,"This finding was robust when assessed with a wide range of deterministic sensitivity analyses around the base case, but was sensitive if home monitoring was judged to have equal test performance to ambulatory monitoring or if treatment was judged effective irrespective of whether an individual was hypertensive. INTERPRETATION Ambulatory monitoring as a diagnostic strategy for hypertension after an initial raised reading in the clinic would reduce misdiagnosis and save costs."
train,108,Amitriptyline is an effective treatment for chronic tension-type headaches.,6191684,support,supported,0.744275,"CONTEXT Chronic tension-type headaches are characterized by near-daily headaches and often are difficult to manage in primary practice. Behavioral and pharmacological therapies each appear modestly effective, but data are lacking on their separate and combined effects."
train,108,Amitriptyline is an effective treatment for chronic tension-type headaches.,22995579,support,supported,0.906766,Amitriptyline is effective in chronic but not in episodic tension-type headache: pathogenetic implications.
train,108,Amitriptyline is an effective treatment for chronic tension-type headaches.,23865182,support,supported,0.928533,"Amitriptyline is the medication of first choice in the treatment of chronic tension-type headache. In 197 patients with chronic tension-type headache (87M and 110F with a mean age of 38 +/- 13 (18-68)) efficacy and tolerability of 60-90 mg amitriptylinoxide (AO) were compared with 50-75 mg amitriptyline (AM) and placebo (PL) in a double-blind, parallel-group trial consisting of a four weeks' baseline phase and 12 weeks of treatment."
train,108,Amitriptyline is an effective treatment for chronic tension-type headaches.,24865781,wrong_paper,unsupported,0.874834,A comparison of pharmacological (amitriptyline HCL) and nonpharmacological (cognitive-behavioral) therapies for chronic tension headaches.
train,109,An M2-like phenotype in brown adipose tissue macrophages is quickly induced by cold exposure.,4319174,support,supported,0.76793,"Exposure to cold temperature rapidly promoted alternative activation of adipose tissue macrophages, which secrete catecholamines to induce thermogenic gene expression in brown adipose tissue and lipolysis in white adipose tissue. Absence of alternatively activated macrophages impaired metabolic adaptations to cold, whereas administration of IL-4 increased thermogenic gene expression, fatty acid mobilization and energy expenditure, all in a macrophage-dependent manner."
train,109,An M2-like phenotype in brown adipose tissue macrophages is quickly induced by cold exposure.,29381091,wrong_paper,unsupported,0.712558,Brown and white adipose tissues: intrinsic differences in gene expression and response to cold exposure in mice
train,111,Androgenetic haploid mouse embryonic stem cells (ESCs) can be derived and genetically manipulated in vitro.,13513790,support,supported,0.824981,Generation of Genetically Modified Mice by Oocyte Injection of Androgenetic Haploid Embryonic Stem Cells
train,111,Androgenetic haploid mouse embryonic stem cells (ESCs) can be derived and genetically manipulated in vitro.,7581911,wrong_paper,unsupported,0.797072,Human embryonic stem cells with biological and epigenetic characteristics similar to those of mouse ESCs.
train,112,Angiotensin converting enzyme inhibitors are associated with decreased risk for functional renal insufficiency.,6157837,contradict,unsupported,0.868366,Renal considerations in angiotensin converting enzyme inhibitor therapy: a statement for healthcare professionals from the Council on the Kidney in Cardiovascular Disease and the Council for High Blood Pressure Research of the American Heart Association.
train,114,Anthrax spores are very difficult to dispose once they are dispersed.,33872649,support,supported,0.649523,"Nominal size characteristics, airborne concentrations, and surface contamination of B anthracis particles (colony-forming units) were evaluated. RESULTS Viable B anthracis spores reaerosolized under semiquiescent conditions, with a marked increase in reaerosolization during simulated active office conditions."
train,114,Anthrax spores are very difficult to dispose once they are dispersed.,15194125,wrong_paper,unsupported,0.061356,"The images were then available for user-interactive (mouse and computer screen), or automatic measurements using a specially designed algorithm. For all methods reproducibility of the RR interval was excellent (mean absolute errors 3-4 ms, relative errors 0.3-0.5%)."
train,116,Anthrax spores remain deadly until affected areas are decontaminated.,33872649,support,supported,0.709094,"Nominal size characteristics, airborne concentrations, and surface contamination of B anthracis particles (colony-forming units) were evaluated. RESULTS Viable B anthracis spores reaerosolized under semiquiescent conditions, with a marked increase in reaerosolization during simulated active office conditions."
train,116,Anthrax spores remain deadly until affected areas are decontaminated.,2140513,wrong_paper,unsupported,0.343126,"Ignoring DIF-1 and not becoming prestalk should allow cells to cheat by avoiding the stalk. However, we find that in aggregations containing the wild-type cells, lack of the dimA gene results in exclusion from spores."
train,119,Antidepressants increase the severity of migraines.,14606752,contradict,unsupported,0.696269,"CONCLUSIONS Tricyclic antidepressants are effective in preventing migraine and tension-type headaches and are more effective than selective serotonin reuptake inhibitors, although with greater adverse effects. The effectiveness of tricyclics seems to increase over time."
train,120,Antidepressants reduce the severity of migraines.,14606752,support,supported,0.705001,"CONCLUSIONS Tricyclic antidepressants are effective in preventing migraine and tension-type headaches and are more effective than selective serotonin reuptake inhibitors, although with greater adverse effects. The effectiveness of tricyclics seems to increase over time."
train,120,Antidepressants reduce the severity of migraines.,22995579,wrong_paper,unsupported,0.57597,"The tricyclic antidepressant, amitriptyline, is an effective drug for the treatment of chronic tension-type headache and for other chronic pain syndromes, but it is also effective in the prophylaxis of an episodic type of headache such as migraine. However, its efficacy in episodic tension-type headache has not yet been clarified."
train,121,Antimicrobial agents are less effective due to the pressure of antimicrobial usage.,31460499,support,supported,0.557425,Resistance to antimicrobials in humans and animals.
train,121,Antimicrobial agents are less effective due to the pressure of antimicrobial usage.,24157077,wrong_paper,unsupported,0.403052,Cationic host defense (antimicrobial) peptides.
train,122,Antimicrobial agents are more effective due to the pressure of antimicrobial usage.,31460499,contradict,unsupported,0.527906,Resistance to antimicrobials in humans and animals.
train,123,Antiretroviral therapy increases rates of tuberculosis across a broad range of CD4 strata.,4883040,contradict,unsupported,0.89727,CONCLUSIONS Antiretroviral therapy is strongly associated with a reduction in the incidence of tuberculosis across all CD4 count strata. Earlier initiation of antiretroviral therapy may be a key component of global and national strategies to control the HIV-associated tuberculosis syndemic.
train,126,"Approximately 250,000 people are infected with human T-cell lymphotropic virus type 1 in the United Kingdom.",24512064,cited_no_evidence,unsupported,0.604781,"Apart from HIV two exogenous retroviruses (human T cell leukaemia viruses type I (HTLV-I) and type II (HTLV-II)) infect humans. HTLV-I infection is endemic in Japan, the Caribbean, Africa, and Melanesia and is found among immigrants from these regions in Europe."
train,134,Assessing treatment adherence is more beneficial to clinical practice than measuring routine outcomes.,4695046,cited_no_evidence,unsupported,0.561734,CONCLUSIONS The routine measurement of outcome is a costly exercise. Little evidence shows that it is of benefit in improving psychosocial outcomes of those with psychiatric disorder managed in non-psychiatric settings.
train,138,Asymptomatic visual impairment screening in elderly populations leads to improved vision.,26016929,contradict,unsupported,0.840643,CONCLUSIONS Screening of asymptomatic older people in the community is not justified on present evidence. Visual impairment in this age group can usually be reduced with treatment.
train,139,At least 85% of patients exposed to radiation have activated markers of myofibroblasts.,22080671,cited_no_evidence,unsupported,0.284822,"Here, using Myh11-CreERT2 ROSA floxed STOP eYFP Apoe−/− mice to perform SMC lineage tracing, we find that traditional methods for detecting SMCs based on immunostaining for SMC markers fail to detect >80% of SMC-derived cells within advanced atherosclerotic lesions. These unidentified SMC-derived cells exhibit phenotypes of other cell lineages, including macrophages and mesenchymal stem cells (MSCs)."
train,144,Autologous transplantation of mesenchymal stem cells has better graft function than induction therapy with anti-interleukin-2 receptor antibodies.,10582939,support,supported,0.783464,Induction therapy with autologous mesenchymal stem cells in living-related kidney transplants: a randomized controlled trial.
train,144,Autologous transplantation of mesenchymal stem cells has better graft function than induction therapy with anti-interleukin-2 receptor antibodies.,27243019,wrong_paper,unsupported,0.447995,"UCB transplantation has traditionally been associated with delayed engraftment, poor immune reconstitution and consequent increased risk of infection. More recent clinical studies, however, suggest that conditioning regimens and in particular the omission of in vivo T-cell depletion may play a crucial role in post-transplant T-cell expansion, facilitating a uniquely rapid immune recovery after UCB transplantation."
train,149,Autophagy deficiency in the liver increases vulnerability to insulin resistance.,6227220,contradict,unsupported,0.751176,"We also observed induction of Fgf21, resistance to diet-induced obesity and amelioration of insulin resistance in mice with autophagy deficiency in the liver, another insulin target tissue. These findings suggest that autophagy deficiency and subsequent mitochondrial dysfunction promote Fgf21 expression, a hormone we consequently term a 'mitokine', and together these processes promote protection from diet-induced obesity and insulin resistance."
train,152,B cells go though plasmablast differentiation and antibody production by continuous expression of EBI2.,15488881,support,supported,0.804158,"Conversely, downregulation of EBI2 enabled B cells to access the center of follicles and promoted efficient GC formation. EBI2 therefore provides a previously uncharacterized dimension to B cell migration that is crucial for coordinating rapid versus long-term antibody responses."
train,152,B cells go though plasmablast differentiation and antibody production by continuous expression of EBI2.,38587347,wrong_paper,unsupported,0.647895,Finding the right niche: B-cell migration in the early phases of T-dependent antibody responses.
train,153,B3-Galectin decreases cell resistance to tyrosine kinase inhibitors (TKIs) by engaging the alternate KRAS-RalB signaling complex downstream of EGFR.,4702639,cited_no_evidence,unsupported,0.521216,An integrin β3–KRAS–RalB complex drives tumour stemness and resistance to EGFR inhibition
train,154,B3-Galectin increases cell resistance to tyrosine kinase inhibitors (TKIs) by engaging the alternate KRAS-RalB signaling complex downstream of EGFR.,4702639,cited_no_evidence,unsupported,0.523551,An integrin β3–KRAS–RalB complex drives tumour stemness and resistance to EGFR inhibition
train,155,BCL-2 activation antagonizes the apoptotic effects of c-Myc.,37549932,support,supported,0.699272,"To test this, we generated mice expressing a conditional BCL-2 gene and constitutive c-myc that develop lymphoblastic leukemia. Eliminating BCL-2 yielded rapid loss of leukemic cells and significantly prolonged survival, formally validating BCL-2 as a rational target for cancer therapy."
train,155,BCL-2 activation antagonizes the apoptotic effects of c-Myc.,34439544,wrong_paper,unsupported,0.638582,"Anti-apoptotic BCL-2 family proteins (e.g., BCL-2 related gene, long isoform, BCL-xL; myeloid cell leukemia 1, MCL-1) regulate cellular survival by tightly controlling the interactions between BAK/BAX and the BH3-only proteins capable of directly inducing BAK/BAX activation(7,8). In addition, anti-apoptotic BCL-2 protein availability is also dictated by sensitizer/de-repressor BH3-only proteins, such as BAD (BCL-2 antagonist of cell death) or PUMA (p53 upregulated modulator of apoptosis), which bind and inhibit anti-apoptotic members(7,9)."
train,156,BCL-2 promotes the apoptotic effects of c-Myc.,37549932,contradict,unsupported,0.708138,"However, it remains uncertain whether apoptotic defects are essential for tumor maintenance. To test this, we generated mice expressing a conditional BCL-2 gene and constitutive c-myc that develop lymphoblastic leukemia."
train,157,BLM gene encodes RecQ-class DNA helicase.,13439128,support,supported,0.676602,"In this novel mapping method, cells were used from persons with BS that had undergone intragenic recombination within BLM. cDNA analysis of the candidate gene identified a 4437 bp cDNA that encodes a 1417 amino acid peptide with homology to the RecQ helicases, a subfamily of DExH box-containing DNA and RNA helicases."
train,157,BLM gene encodes RecQ-class DNA helicase.,13771184,wrong_paper,unsupported,0.763161,"RecQ helicases are an important family of genome surveillance proteins conserved from bacteria to humans. Each of the five human RecQ helicases plays critical roles in genome maintenance and stability, and the RecQ protein family members are often referred to as guardians of the genome."
train,159,BRCA 1 mutation carriers' risk of breast and ovarian cancer depends on where the mutation is located.,9394119,support,supported,0.894794,"CONCLUSIONS AND RELEVANCE Breast and ovarian cancer risks varied by type and location of BRCA1/2 mutations. With appropriate validation, these data may have implications for risk assessment and cancer prevention decision making for carriers of BRCA1 and BRCA2 mutations."
train,159,BRCA 1 mutation carriers' risk of breast and ovarian cancer depends on where the mutation is located.,2015126,wrong_paper,unsupported,0.812656,"Women who have BRCA 1 and BRCA 2 mutations are at increased risk for breast cancer and for other cancers as well, particularly ovarian cancer. Screening, prophlyactic surgery, and chemoprevention are commonly utilized strategies in the management of these patients, and women may choose more than one of these strategies."
train,160,Bacterial meningitis can be diagnosed on the basis of positive cerebrospinal fluid (CSF) cultures.,52874170,support,supported,0.803629,"OBJECTIVE To systematically review the evidence about diagnostic LP techniques that may decrease the risk of adverse events and the evidence about test accuracy of cerebrospinal fluid (CSF) analysis in adult patients with suspected bacterial meningitis. DATA SOURCES We searched the Cochrane Library, MEDLINE (using Ovid and PubMed) from 1966 to January 2006 and EMBASE from 1980 to January 2006 without language restrictions to identify relevant studies and identified others from the bibliographies of retrieved articles."
train,160,Bacterial meningitis can be diagnosed on the basis of positive cerebrospinal fluid (CSF) cultures.,23816832,wrong_paper,unsupported,0.55095,"For this reason, the cerebrospinal fluid (CSF) should be routinely analysed in patients with a first clinical event suggestive of MS. CSF analysis is no longer mandatory for diagnosis of relapsing–remitting MS, as long as MRI diagnostic criteria are fulfilled."
train,161,Bacteriophagaes MS2 and Qβ are members of the Leviviridae.,6903077,cited_no_evidence,unsupported,0.577756,"Using cryo-electron microscopy and single particle analysis we determined the asymmetric virion structure of bacteriophage MS2, which includes 178 copies of the coat protein, a single copy of the A-protein and the RNA genome. This reveals that in situ, the viral RNA genome can adopt a defined conformation."
train,164,Bariatric surgery increases rates of colorectal cancer.,5824985,support,supported,0.675073,BACKGROUND Bariatric surgery is becoming a more widespread treatment for obesity. Comprehensive evidence of the long-term effects of contemporary surgery on a broad range of clinical outcomes in large populations treated in routine clinical practice is lacking.
train,164,Bariatric surgery increases rates of colorectal cancer.,18872233,wrong_paper,unsupported,0.575987,"IMPORTANCE Bariatric surgery is associated with sustained weight loss and improved physical health status for severely obese individuals. Mental health conditions may be common among patients seeking bariatric surgery; however, the prevalence of these conditions and whether they are associated with postoperative outcomes remains unknown."
train,165,Bariatric surgery increases rates of postmenopausal breast cancer.,5824985,support,supported,0.654264,BACKGROUND Bariatric surgery is becoming a more widespread treatment for obesity. Comprehensive evidence of the long-term effects of contemporary surgery on a broad range of clinical outcomes in large populations treated in routine clinical practice is lacking.
train,165,Bariatric surgery increases rates of postmenopausal breast cancer.,15559582,wrong_paper,unsupported,0.459541,"In a comparative study of pre- and postmenopausal women with benign and malignant breast disease, a number of differences were observed in circulating plasma prolactin and lipid concentrations. Plasma lipids, phospholipids, triglycerides, cholesterol and free fatty acids were all higher in blood obtained from breast cancer patients prior to surgery."
train,166,Bariatric surgery leads to negative outcomes in mental health.,18872233,contradict,unsupported,0.876729,"IMPORTANCE Bariatric surgery is associated with sustained weight loss and improved physical health status for severely obese individuals. Mental health conditions may be common among patients seeking bariatric surgery; however, the prevalence of these conditions and whether they are associated with postoperative outcomes remains unknown."
train,167,Bariatric surgery leads to positive outcomes in mental health.,18872233,support,supported,0.883098,"IMPORTANCE Bariatric surgery is associated with sustained weight loss and improved physical health status for severely obese individuals. Mental health conditions may be common among patients seeking bariatric surgery; however, the prevalence of these conditions and whether they are associated with postoperative outcomes remains unknown."
train,167,Bariatric surgery leads to positive outcomes in mental health.,43220289,wrong_paper,unsupported,0.85018,"Health-related psychological and psychosocial variables have been increasingly considered as important outcome variables of bariatric surgery. However, the long-term impact of bariatric surgery on psychological and psychosocial functioning is largely unclear."
train,168,Bariatric surgery reduces colorectal cancer.,5824985,contradict,unsupported,0.663351,BACKGROUND Bariatric surgery is becoming a more widespread treatment for obesity. Comprehensive evidence of the long-term effects of contemporary surgery on a broad range of clinical outcomes in large populations treated in routine clinical practice is lacking.
train,169,Bariatric surgery reduces postmenopausal breast cancer.,5824985,contradict,unsupported,0.647786,BACKGROUND Bariatric surgery is becoming a more widespread treatment for obesity. Comprehensive evidence of the long-term effects of contemporary surgery on a broad range of clinical outcomes in large populations treated in routine clinical practice is lacking.
train,172,Basophils promote disease development in patients with systemic lupus erythematosus (SLE).,12670680,support,supported,0.842287,BASOPHILS AND THE T HELPER 2 ENVIRONMENT CAN PROMOTE THE DEVELOPMENT OF LUPUS NEPHRITIS
train,172,Basophils promote disease development in patients with systemic lupus erythematosus (SLE).,14938990,wrong_paper,unsupported,0.517876,"Systemic lupus erythematosus (SLE) is a multisystem autoimmune disease with complicated genetic inheritance. Programmed death 1 (PD-1), a negative T cell regulator to maintain peripheral tolerance, induces negative signals to T cells during interaction with its ligands and is therefore a candidate gene in the development of SLE."
train,173,Bcp1 is a chaperone for Rpl23.,8126244,cited_no_evidence,unsupported,0.184228,"Here, we employ network-guided genetics-an approach for associating candidate genes with biological processes that capitalizes on recent advances in functional genomic and proteomic studies-to computationally identify additional ribosomal biogenesis genes. We experimentally evaluated >100 candidate yeast genes in a battery of assays, confirming involvement of at least 15 new genes, including previously uncharacterized genes (YDL063C, YIL091C, YOR287C, YOR006C/TSR3, YOL022C/TSR4)."
train,174,Beta-band coherence is diminished for visible stimuli over invisible stimuli.,1710116,cited_no_evidence,unsupported,0.552551,"Nonconscious processing of masked words was observed in multiple cortical areas, mostly within an early time window (<300 ms), accompanied by induced gamma-band activity, but without coherent long-distance neural activity, suggesting a quickly dissipating feedforward wave. In contrast, conscious processing of unmasked words was characterized by the convergence of four distinct neurophysiological markers: sustained voltage changes, particularly in prefrontal cortex, large increases in spectral power in the gamma band, increases in long-distance phase synchrony in the beta range, and increases in long-range Granger causality."
train,175,Beta-band coherence is enhanced for visible stimuli over invisible stimuli.,1710116,cited_no_evidence,unsupported,0.521399,"Nonconscious processing of masked words was observed in multiple cortical areas, mostly within an early time window (<300 ms), accompanied by induced gamma-band activity, but without coherent long-distance neural activity, suggesting a quickly dissipating feedforward wave. In contrast, conscious processing of unmasked words was characterized by the convergence of four distinct neurophysiological markers: sustained voltage changes, particularly in prefrontal cortex, large increases in spectral power in the gamma band, increases in long-distance phase synchrony in the beta range, and increases in long-range Granger causality."
train,176,BiP is a general endoplasmic reticulum stress marker.,32587939,cited_no_evidence,unsupported,0.519154,"Endoplasmic reticulum (ER) stress causes pancreatic β-cell dysfunction and contributes to β-cell loss and the progression of type 2 diabetes. Wolfram syndrome 1 (WFS1) has been shown to be an important regulator of the ER stress signalling pathway; however, its role in β-cell function remains unclear."
train,177,Binding of p53 to enhancer regions (p53BERs) regulates the activity of p53 transcription and cell cycle arrest through the production of p53-dependent eRNAs.,9669099,support,supported,0.889749,"We demonstrate that these p53-bound enhancer regions (p53BERs) indeed contain enhancer activity and interact intrachromosomally with multiple neighboring genes to convey long-distance p53-dependent transcription regulation. Furthermore, p53BERs produce, in a p53-dependent manner, enhancer RNAs (eRNAs) that are required for efficient transcriptional enhancement of interacting target genes and induction of a p53-dependent cell-cycle arrest."
train,177,Binding of p53 to enhancer regions (p53BERs) regulates the activity of p53 transcription and cell cycle arrest through the production of p53-dependent eRNAs.,43880096,wrong_paper,unsupported,0.632896,"In addition to this, p53 normally exists in an largely inactive state that is relatively inefficient at binding to DNA and activating transcription. Activation of p53 in response to DNA damage is associated with a rapid increase in its levels and with an increased ability of p53 to bind DNA and mediate transcriptional activation."
train,178,Birth-weight is negatively associated with breast cancer.,16322674,contradict,unsupported,0.719066,"Relative to women who weighed 3.000-3.499 kg, the risk was 0.96 (CI 0.80-1.16) in those who weighed < 2.500 kg, and 1.12 (95% CI 1.00-1.25) in those who weighed > or = 4.000 kg (p for linear trend = 0.001) in birth record data. Birth length and head circumference from birth records were also positively associated with breast cancer risk (pooled RR per one SD increment: 1.06 [95% CI 1.03-1.10] and 1.09 [95% CI 1.03-1.15], respectively)."
train,178,Birth-weight is negatively associated with breast cancer.,27123743,contradict,unsupported,0.883177,Role of birthweight in the etiology of breast cancer.
train,178,Birth-weight is negatively associated with breast cancer.,23557241,contradict,unsupported,0.774063,"FINDINGS We identified 57 studies published between Oct 1, 1980, and June 21, 2007. Increased risk of breast cancer was noted with increased birthweight (relative risk [RR] 1.15 [95% CI 1.09-1.21]), birth length (1.28 [1.11-1.48]), higher maternal age (1.13 [1.02-1.25]), and paternal age (1.12 [1.05-1.19])."
train,178,Birth-weight is negatively associated with breast cancer.,17450673,contradict,unsupported,0.783691,"RESULTS We found that heavier birth weights were associated with increased breast cancer risk, with studies involving five categories of birth weight identifying odds ratios (ORs) of 1.24 (95% confidence interval [CI] 1.04 to 1.48) for 4,000 g or more and 1.15 (95% CI 1.04 to 1.26) for 3,500 g to 3,999 g, relative to a birth weight of 2,500 to 2,599 g. These studies provided no support for a J-shaped relationship of birthweight to risk."
train,181,Blocking the interaction between TDP-43 and respiratory complex I proteins ND3 and ND6 prevents TDP-43-induced neuronal loss.,16966326,support,supported,0.690591,"In mitochondria, wild-type (WT) and mutant TDP-43 preferentially bind mitochondria-transcribed messenger RNAs (mRNAs) encoding respiratory complex I subunits ND3 and ND6, impair their expression and specifically cause complex I disassembly. The suppression of TDP-43 mitochondrial localization abolishes WT and mutant TDP-43-induced mitochondrial dysfunction and neuronal loss, and improves phenotypes of transgenic mutant TDP-43 mice."
train,181,Blocking the interaction between TDP-43 and respiratory complex I proteins ND3 and ND6 prevents TDP-43-induced neuronal loss.,9217800,wrong_paper,unsupported,0.617426,"Through cross-rescue analysis, we demonstrated that FUS acted together with and downstream of TDP-43 in a common genetic pathway in neurons. Furthermore, we found that these proteins associated with each other in an RNA-dependent complex."
train,182,Bone Marrow (BM) transplantation is used to treat acute myeloid leukemia (AML),11369420,cited_no_evidence,unsupported,0.669684,"Acute Myelogenous Leukemia (AML) is an aggressive cancer that strikes both adults and children and is frequently resistant to therapy. Thus, identifying signals needed for AML propagation is a critical step toward developing new approaches for treating this disease."
train,184,Bone marrow cells don't contribute to adult macrophage compartments.,12827098,support,supported,0.64015,Tissue-resident macrophages self-maintain locally throughout adult life with minimal contribution from circulating monocytes.
train,184,Bone marrow cells don't contribute to adult macrophage compartments.,8137081,wrong_paper,unsupported,0.462421,"Substantial depletion of B cells in bone marrow and blood was associated with an increase in splenic B cells indicating a redirection of this cell type to the spleen. In contrast, T cells were markedly reduced in these immune compartments."
train,186,British female students are bullied more than British male students.,16855829,cited_no_evidence,unsupported,0.556048,Bullying in school: are short pupils at risk? Questionnaire study in a cohort.
train,187,British male students are bullied more than British female students.,16855829,cited_no_evidence,unsupported,0.5593,Bullying in school: are short pupils at risk? Questionnaire study in a cohort.
train,189,Broadly HIV-1 Neutralizing Antibodies (bnAb) 10EB have no affinity for phospholipids.,4421578,support,supported,0.691653,"An analysis of sera from 78 healthy HIV-1-infected donors demonstrated that 27% contained MPER-specific antibodies and 8% contained 10E8-like specificities. In contrast to other neutralizing MPER antibodies, 10E8 did not bind phospholipids, was not autoreactive, and bound cell-surface envelope."
train,189,Broadly HIV-1 Neutralizing Antibodies (bnAb) 10EB have no affinity for phospholipids.,5560962,wrong_paper,unsupported,0.660556,"Broadly neutralizing antibodies (bNAbs) to HIV-1 can prevent infection and are therefore of great importance for HIV-1 vaccine design. Notably, bNAbs are highly somatically mutated and generated by a fraction of HIV-1-infected individuals several years after infection."
train,196,C2 works synergistically with A-769662 to activate dephosphorylated AMPK.,19313533,support,supported,0.65616,C2 acts synergistically with the drug A769662 to activate AMPK α1-containing complexes independent of upstream kinases. Our results show that dual drug therapies could be effective AMPK-targeting strategies to treat metabolic diseases.
train,196,C2 works synergistically with A-769662 to activate dephosphorylated AMPK.,26025820,wrong_paper,unsupported,0.478221,Induction of AMPK activity corrects early pathophysiological alterations in the subtotal nephrectomy model of chronic kidney disease.
train,197,CCL19 is a ligand for CCR7.,2177022,support,supported,0.821104,"Upon direct contact with CCL21, DCs truncated the anchoring residues of CCL21, thereby releasing it from the solid phase. Soluble CCL21 functionally resembles the second CCR7 ligand, CCL19, which lacks anchoring residues and forms soluble gradients."
train,197,CCL19 is a ligand for CCR7.,40590358,wrong_paper,unsupported,0.60524,Transendothelial migration of FTY720-P-treated immature DCs to the CCR7 ligand CCL19 was reduced. These novel data suggest that modulation of DC trafficking by FTY720 may contribute to its immunosuppressive effects.
train,199,CCL19 is predominantly present within dLNs.,2177022,cited_no_evidence,unsupported,0.484118,"Upon direct contact with CCL21, DCs truncated the anchoring residues of CCL21, thereby releasing it from the solid phase. Soluble CCL21 functionally resembles the second CCR7 ligand, CCL19, which lacks anchoring residues and forms soluble gradients."
train,200,"CD28 initiates tonic signaling in conventional T cells, which causes an exhaustion phenotype and limited efficiency.",18231807,support,supported,0.631683,"We further determine that CD28 costimulation augments, whereas 4-1BB costimulation reduces, exhaustion induced by persistent CAR signaling. Our results provide biological explanations for the antitumor effects of CD19 CARs and for the observations that CD19 CAR T cells incorporating the 4-1BB costimulatory domain are more persistent than those incorporating CD28 in clinical trials."
train,200,"CD28 initiates tonic signaling in conventional T cells, which causes an exhaustion phenotype and limited efficiency.",35651106,wrong_paper,unsupported,0.742784,Efficient T cell activation requires both TCR signals and costimulatory signals. CD28 is one of the molecules that provide costimulatory signals for T cells.
train,201,CD28 signals regulate trafficking of murine auto-reactive T cells into target tissues.,2462673,support,supported,0.815631,CD28 and ITK signals regulate autoreactive T cell trafficking
train,201,CD28 signals regulate trafficking of murine auto-reactive T cells into target tissues.,35651106,wrong_paper,unsupported,0.756625,"CD28 is one of the molecules that provide costimulatory signals for T cells. We used mice deficient in CD28 expression (CD28-/- mice) to analyze the role of CD28 in the immune response against the intracellular bacterium Salmonella typhimurium, the causative agent of murine typhoid fever."
train,203,CD44v6 is not associated with constitutive and reprogrammed cancer stem cells driving cancer metastasis.,9558539,contradict,unsupported,0.903474,CD44v6 is a marker of constitutive and reprogrammed cancer stem cells driving colon cancer metastasis.
train,204,CDK6 shows impaired binding to loss-of-function variants of p18 INK4C.,7898952,cited_no_evidence,unsupported,0.524499,"Functional reconstitution of p18(INK4C) in GBM cells null for both p16(INK4A) and p18(INK4C) resulted in impaired cell-cycle progression and tumorigenic potential. Conversely, RNAi-mediated depletion of p18(INK4C) in p16(INK4A)-deficient primary astrocytes or established GBM cells enhanced tumorigenicity in vitro and in vivo."
train,205,CDK6 shows improved binding to loss-of-function variants of p18 INK4C.,7898952,cited_no_evidence,unsupported,0.49769,"Functional reconstitution of p18(INK4C) in GBM cells null for both p16(INK4A) and p18(INK4C) resulted in impaired cell-cycle progression and tumorigenic potential. Conversely, RNAi-mediated depletion of p18(INK4C) in p16(INK4A)-deficient primary astrocytes or established GBM cells enhanced tumorigenicity in vitro and in vivo."
train,205,CDK6 shows improved binding to loss-of-function variants of p18 INK4C.,470625,cited_no_evidence,unsupported,0.596606,"Here, we describe deletion of the p18(INK4c) cdk inhibitor as a novel genetic alteration driving the pathogenesis of GBM. Deletions of p18(INK4c) often occurred in tumors also harboring homozygous deletions of p16(INK4a)."
train,209,CHOP is a general endoplasmic reticulum stress marker.,32587939,cited_no_evidence,unsupported,0.478283,"Endoplasmic reticulum (ER) stress causes pancreatic β-cell dysfunction and contributes to β-cell loss and the progression of type 2 diabetes. Wolfram syndrome 1 (WFS1) has been shown to be an important regulator of the ER stress signalling pathway; however, its role in β-cell function remains unclear."
train,210,COPI coatmer is involved in lipid homeostasis.,13794374,support,supported,0.836464,COPI Complex Is a Regulator of Lipid Homeostasis
train,210,COPI coatmer is involved in lipid homeostasis.,8458567,wrong_paper,unsupported,0.354299,"6) form a heterodimer that activates acyl-CoA oxidase gene expression in response to either clofibric acid or the retinoid X receptor-α ligand, 9-cis retinoic acid, an all-trans retinoic acid metabolite7,8; simultaneous exposure to both activators results in a synergistic induction of gene expression. These data demonstrate the coupling of the peroxisome proliferator and retinoid signalling pathways and provide evidence for a physiological role for 9-cis retinoic acid in modulating lipid metabolism."
train,211,COPI coatmer is involved in viral replication.,13794374,cited_no_evidence,unsupported,0.482768,COPI Complex Is a Regulator of Lipid Homeostasis
train,214,CRP is positively correlated with postoperative mortality following Coronary Artery Bypass Graft (CABG) surgery.,13625993,cited_no_evidence,unsupported,0.56844,"The order in which to perform coronary artery bypass grafting in a cohort of patients was determined by each prioritisation strategy, and mean lifetime costs and quality adjusted life years (QALYs) were compared. DATA SOURCES Swedish Coronary Angiography and Angioplasty Registry (9935 patients with stable angina awaiting coronary artery bypass grafting and then followed up for cardiovascular events after the procedure for 3.8 years), and meta-analyses of prognostic effects (relative risks) of biomarkers."
train,220,Ca2+ cycling controls whole-body energy homeostasis in beige fat.,19205437,support,supported,0.794733,"In the absence of UCP1, beige fat dynamically expends glucose through enhanced glycolysis, tricarboxylic acid metabolism and pyruvate dehydrogenase activity for ATP-dependent thermogenesis through the SERCA2b pathway; beige fat thereby functions as a 'glucose sink' and improves glucose tolerance independently of body weight loss. Our study uncovers a noncanonical thermogenic mechanism through which beige fat controls whole-body energy homeostasis via Ca2+ cycling."
train,220,Ca2+ cycling controls whole-body energy homeostasis in beige fat.,14865329,wrong_paper,unsupported,0.519841,"The inducible brown adipocyte, beige adipocyte evolving by thermogenic activation of white adipose tissue have different origin and molecular signature from classical brown adipocytes but share the characteristics of high mitochondria content, UCP1 expression and thermogenic capacity when activated. Increasing browning may also be an efficient way to increase whole brown fat activity."
train,221,Ca2+ cycling is a UCP1-dependent thermogenic mechanism.,19205437,contradict,unsupported,0.684391,"In the absence of UCP1, beige fat dynamically expends glucose through enhanced glycolysis, tricarboxylic acid metabolism and pyruvate dehydrogenase activity for ATP-dependent thermogenesis through the SERCA2b pathway; beige fat thereby functions as a 'glucose sink' and improves glucose tolerance independently of body weight loss. Our study uncovers a noncanonical thermogenic mechanism through which beige fat controls whole-body energy homeostasis via Ca2+ cycling."
train,222,Ca2+ cycling is a UCP1-independent thermogenic mechanism.,19205437,support,supported,0.67957,"In the absence of UCP1, beige fat dynamically expends glucose through enhanced glycolysis, tricarboxylic acid metabolism and pyruvate dehydrogenase activity for ATP-dependent thermogenesis through the SERCA2b pathway; beige fat thereby functions as a 'glucose sink' and improves glucose tolerance independently of body weight loss. Our study uncovers a noncanonical thermogenic mechanism through which beige fat controls whole-body energy homeostasis via Ca2+ cycling."
train,222,Ca2+ cycling is a UCP1-independent thermogenic mechanism.,14865329,wrong_paper,unsupported,0.314071,"Prolonged cold exposure and beta adrenergic agonists can induce browning of white adipose tissue. The inducible brown adipocyte, beige adipocyte evolving by thermogenic activation of white adipose tissue have different origin and molecular signature from classical brown adipocytes but share the characteristics of high mitochondria content, UCP1 expression and thermogenic capacity when activated."
train,223,Cancer cells can stimulate the accumulation of intra-tumoural myeloid-derived suppressor cells by promoting granulocyte colony stimulating factor production.,2014909,support,supported,0.684232,"Myeloid-derived suppressor cells (MDSCs) play critical roles in primary and metastatic cancer progression. MDSC regulation is widely variable even among patients harbouring the same type of malignancy, and the mechanisms governing such heterogeneity are largely unknown."
train,223,Cancer cells can stimulate the accumulation of intra-tumoural myeloid-derived suppressor cells by promoting granulocyte colony stimulating factor production.,188911,wrong_paper,unsupported,0.634015,Generation of large numbers of dendritic cells from mouse bone marrow cultures supplemented with granulocyte/macrophage colony-stimulating factor
train,224,Cancer-associated fibroblasts (CAFs) are constituents of tumor microenvironments,6944800,cited_no_evidence,unsupported,0.510434,Microenvironmental regulation of tumor progression and metastasis
train,225,Cancer-associated fibroblasts (CAFs) have no known interaction with cancer cells in the formation and activation of CAFs.,6944800,cited_no_evidence,unsupported,0.430742,"Furthermore, many studies have shown that the microenvironment is capable of normalizing tumor cells, suggesting that re-education of stromal cells, rather than targeted ablation per se, may be an effective strategy for treating cancer. Here we discuss the paradoxical roles of the TME during specific stages of cancer progression and metastasis, as well as recent therapeutic attempts to re-educate stromal cells within the TME to have anti-tumorigenic effects."
train,226,Cancer-associated fibroblasts (CAFs) interact with cancer cells to mediate formation and activation of CAFs.,6944800,cited_no_evidence,unsupported,0.461365,Microenvironmental regulation of tumor progression and metastasis
train,227,Cancers that initially benefit from epidermal growth factor receptor targeted therapies later become refractory through several mechanisms.,26973393,support,supported,0.72735,"All patients with metastatic lung, colorectal, pancreatic or head and neck cancers who initially benefit from epidermal growth factor receptor (EGFR)-targeted therapies eventually develop resistance. An increasing understanding of the number and complexity of resistance mechanisms highlights the Herculean challenge of killing tumors that are resistant to EGFR inhibitors."
train,227,Cancers that initially benefit from epidermal growth factor receptor targeted therapies later become refractory through several mechanisms.,22980205,wrong_paper,unsupported,0.558633,"RECENT FINDINGS Trials in nonmuscle-invasive bladder cancer are evaluating the role of immunotherapy and agents targeting vascular endothelial growth factor (VEGF) or fibroblast growth factor receptor-3. In muscle-invasive bladder cancer, neoadjuvant studies have focused on combining VEGF agents with chemotherapy; adjuvant studies are testing vaccines and agents targeting the human epidermal growth factor receptor 2, p53, and Hsp27."
train,228,Cardiac tissue-resident macrophages directly contribute to electrical activity.,4928057,support,supported,0.908065,Macrophages Facilitate Electrical Conduction in the Heart
train,228,Cardiac tissue-resident macrophages directly contribute to electrical activity.,12827098,wrong_paper,unsupported,0.540865,Tissue-resident macrophages self-maintain locally throughout adult life with minimal contribution from circulating monocytes.
train,229,Carriers of HNF4A mutations are at reduced risk for diabetes.,56893404,cited_no_evidence,unsupported,0.685633,Macrosomia and Hyperinsulinaemic Hypoglycaemia in Patients with Heterozygous Mutations in the HNF4A Gene
train,235,Cell autonomous sex determination in somatic cells occurs in Galliformes.,4388470,support,supported,0.67185,Somatic sex identity is cell-autonomous in the chicken
train,235,Cell autonomous sex determination in somatic cells occurs in Galliformes.,5597586,wrong_paper,unsupported,0.182554,The purpose of this study was to determine the outcome of patients with AN during and after ASCT. METHODS We performed a case-control study of patients with AL amyloidosis with associated AN and compared them to a large matched cohort without AN who also underwent ASCT.
train,241,Cellular clocks are associated with mitosis timing in NIH 3T3 cells.,2212067,support,supported,0.680763,"In principle, such synchrony may be caused by either unidirectional or bidirectional coupling. While gating of cell division by the circadian cycle has been most studied, our data combined with stochastic modeling unambiguously show that the reverse coupling is predominant in NIH3T3 cells."
train,241,Cellular clocks are associated with mitosis timing in NIH 3T3 cells.,10608822,cited_no_evidence,unsupported,0.592196,"Cells transition to these states after dexamethasone synchronization. The temporal coordination of cell division by phase locking to the clock at a single-cell level has significant implications because disordered circadian function is increasingly being linked to the pathogenesis of many diseases, including cancer."
train,241,Cellular clocks are associated with mitosis timing in NIH 3T3 cells.,11557602,wrong_paper,unsupported,0.248325,"We further demonstrate that expression of LXR alpha in NIH 3T3 fibroblasts and/or treatment of these cells with oxysterols is sufficient to stimulate cholesterol efflux to extracellular apolipoprotein AI. The ability of oxysterol ligands of LXR to stimulate efflux is dramatically reduced in Tangier fibroblasts, which carry a loss of function mutation in the ABCA1 gene."
train,242,Cellular clocks are not predictive of mitosis timing in NIH 3T3 cells.,2212067,contradict,unsupported,0.666822,"In principle, such synchrony may be caused by either unidirectional or bidirectional coupling. While gating of cell division by the circadian cycle has been most studied, our data combined with stochastic modeling unambiguously show that the reverse coupling is predominant in NIH3T3 cells."
train,242,Cellular clocks are not predictive of mitosis timing in NIH 3T3 cells.,10608822,cited_no_evidence,unsupported,0.565837,"Cells transition to these states after dexamethasone synchronization. The temporal coordination of cell division by phase locking to the clock at a single-cell level has significant implications because disordered circadian function is increasingly being linked to the pathogenesis of many diseases, including cancer."
train,243,"Cellular differentiation of embryonic stem cells is accompanied by changes in replication timing, transcription and nuclear localization.",8148122,support,supported,0.866466,Global Reorganization of Replication Domains During Embryonic Stem Cell Differentiation
train,243,"Cellular differentiation of embryonic stem cells is accompanied by changes in replication timing, transcription and nuclear localization.",27279525,wrong_paper,unsupported,0.621092,"Detection, characterization, and spontaneous differentiation in vitro of very small embryonic-like putative stem cells in adult mammalian ovary."
train,244,Certain immunomodulator-human dialyzable leukocyte extract (hDLE) peptides are recognized by toll-like receptors (TLRs) on macrophages and dendritic cells.,21498497,cited_no_evidence,unsupported,0.724071,"Leprosy enables investigation of mechanisms by which the innate immune system contributes to host defense against infection, because in one form, the disease progresses, and in the other, the infection is limited. We report that Toll-like receptor (TLR) activation of human monocytes induces rapid differentiation into two distinct subsets: DC-SIGN+ CD16+ macrophages and CD1b+ DC-SIGN− dendritic cells."
train,245,Charcoal is an effective treatment for acute paraquat poisoning.,3430789,contradict,unsupported,0.845597,Effect of activated charcoal hemoperfusion on renal function in patients with paraquat poisoning.
train,245,Charcoal is an effective treatment for acute paraquat poisoning.,8447873,cited_no_evidence,unsupported,0.432785,"BACKGROUND Organophosphorus pesticide (OP) self-poisoning is a major problem in the developing rural world. There is little clinical trial data to guide therapy, hindering the identification of best therapy."
train,246,Charcoal shows no benefit for acute paraquat poisoning.,3430789,support,supported,0.674914,Effect of activated charcoal hemoperfusion on renal function in patients with paraquat poisoning.
train,246,Charcoal shows no benefit for acute paraquat poisoning.,8447873,cited_no_evidence,unsupported,0.32981,"No study compared an intervention against a control group receiving no gastric lavage or provided any data to indicate whether a significant quantity of poison was removed. CONCLUSION Despite widespread use of multiple gastric lavages for OP pesticide poisoning across Asia, there is currently no high-quality evidence to support its clinical effectiveness."
train,246,Charcoal shows no benefit for acute paraquat poisoning.,25104843,wrong_paper,unsupported,0.555265,Hemoperfusion-hemodialysis ineffective for paraquat removal in life-threatening poisoning?
train,247,Chemical injury represses transglutaminase 2 activity.,13578199,cited_no_evidence,unsupported,0.654504,Transglutaminase 2 Undergoes a Large Conformational Change upon Activation
train,250,Chenodeoxycholic acid treatment decreases brown adipose tissue activity.,1568684,contradict,unsupported,0.82821,The Bile Acid Chenodeoxycholic Acid Increases Human Brown Adipose Tissue Activity.
train,251,Chenodeoxycholic acid treatment increases brown adipose tissue activity.,1568684,support,supported,0.837293,The Bile Acid Chenodeoxycholic Acid Increases Human Brown Adipose Tissue Activity.
train,251,Chenodeoxycholic acid treatment increases brown adipose tissue activity.,14865329,wrong_paper,unsupported,0.651588,Brown fat is also able to utilize blood glucose and lipid and results in improved glucose metabolism and blood lipid independent of weight loss. Prolonged cold exposure and beta adrenergic agonists can induce browning of white adipose tissue.
train,253,Chinese individuals with TT homozygosity in the MTHFR gene are less vulnerable to strokes caused by low levels of folate intake.,37424881,cited_no_evidence,unsupported,0.653078,"Significant difference was observed between the subgroups with folate fortification and without folate fortification (P=0·05). The relative risk of stroke was 0·88 (95 % CI 0·77, 1·00, P=0·05) in the subgroup without folate fortification, 0·94 (95 % CI 0·58, 1·54, P=0·82) in the subgroup with folate fortification and 0·91 (95 % CI 0·82, 1·01, P=0·09) in the subgroup with partial folate fortification."
train,254,Chinese individuals with TT homozygosity in the MTHFR gene are more vulnerable to strokes caused by low levels of folate intake.,37424881,cited_no_evidence,unsupported,0.651166,"Significant difference was observed between the subgroups with folate fortification and without folate fortification (P=0·05). The relative risk of stroke was 0·88 (95 % CI 0·77, 1·00, P=0·05) in the subgroup without folate fortification, 0·94 (95 % CI 0·58, 1·54, P=0·82) in the subgroup with folate fortification and 0·91 (95 % CI 0·82, 1·01, P=0·09) in the subgroup with partial folate fortification."
train,255,Chlamydia trachomatis is most prevalent in the UK among individuals in their 50s and 60s.,5850219,cited_no_evidence,unsupported,0.722538,Chlamydia prevalence was 1·5% (95% CI 1·1-2·0) in women and 1·1% (0·7-1·6) in men. Prevalences in individuals aged 16-24 years were 3·1% (2·2-4·3) in women and 2·3% (1·5-3·4) in men.
train,256,Chlamydia trachomatis is most prevalent in the UK among sexually-experienced individuals aged 16 to 24.,5850219,support,supported,0.782789,Chlamydia prevalence was 1·5% (95% CI 1·1-2·0) in women and 1·1% (0·7-1·6) in men. Prevalences in individuals aged 16-24 years were 3·1% (2·2-4·3) in women and 2·3% (1·5-3·4) in men.
train,256,Chlamydia trachomatis is most prevalent in the UK among sexually-experienced individuals aged 16 to 24.,3413083,wrong_paper,unsupported,0.715258,"METHODS A probability sample survey of the British population undertaken 2010-2012 (the third National Survey of Sexual Attitudes and Lifestyles). We analysed weighted data on chlamydia testing (past year), including location of most recent test, and diagnoses (past 5 years) from individuals aged 16-44 years reporting at least one sexual partner in the past year (4992 women, 3406 men)."
train,258,"Cholesterol loading induces KLF4 expression in VSMCs, resulting in the expression of pro-inflammatory cytokines.",22080671,support,supported,0.702176,"On the basis of in vivo KLF4 chromatin immunoprecipitation–sequencing (ChIP-seq) analyses and studies of cholesterol-treated cultured SMCs, we identified >800 KLF4 target genes, including many that regulate pro-inflammatory responses of SMCs. Our findings indicate that the contribution of SMCs to atherosclerotic plaques has been greatly underestimated, and that KLF4-dependent transitions in SMC phenotype are critical in lesion pathogenesis."
train,258,"Cholesterol loading induces KLF4 expression in VSMCs, resulting in the expression of pro-inflammatory cytokines.",29509926,wrong_paper,unsupported,0.603317,High-Density Lipoproteins Exert Pro-inflammatory Effects on Macrophages via Passive Cholesterol Depletion and PKC-NF-κB/STAT1-IRF1 Signaling.
train,259,Chronic HIV stimulation of B cells leads to the premature exhaustion of B cells.,8883846,cited_no_evidence,unsupported,0.465412,"However, unlike acute viral pathogens, HIV-1 chronically replicates in the host and evades the antibody response. This immune evasion, along with the large genetic variation among HIV-1 strains worldwide, has posed major obstacles to vaccine development."
train,262,Cis-acting lncRNAs control the expression of genes that are positioned in the vicinity of their transcription sites.,14610165,cited_no_evidence,unsupported,0.472453,"We are investigating functionality of a set of long noncoding antisense transcripts, collectively called COOLAIR, produced at Arabidopsis FLOWERING LOCUS C (FLC). COOLAIR initiates just downstream of the major sense transcript poly(A) site and terminates either early or extends into the FLC promoter region."
train,263,Citrullinated proteins externalized in neutrophil extracellular traps act indirectly to disrupt the inflammatory cycle.,11328820,contradict,unsupported,0.680775,"The early events leading to the development of rheumatoid arthritis (RA) remain unclear, but formation of autoantibodies to citrullinated protein antigens (ACPAs) is considered a key pathogenic event. Neutrophils isolated from patients with various autoimmune diseases display enhanced neutrophil extracellular trap (NET) formation, a phenomenon that exposes autoantigens in the context of immunostimulatory molecules."
train,263,Citrullinated proteins externalized in neutrophil extracellular traps act indirectly to disrupt the inflammatory cycle.,30041340,contradict,unsupported,0.619542,Antibodies from patients with rheumatoid arthritis target citrullinated histone 4 contained in neutrophils extracellular traps.
train,263,Citrullinated proteins externalized in neutrophil extracellular traps act indirectly to disrupt the inflammatory cycle.,14853989,cited_no_evidence,unsupported,0.62028,"That situation rapidly changed once neutrophil extracellular chromatin traps (NETs) were discovered and observed to play a conserved role in innate immune responses to a broad variety of microbial pathogens. At the center of an infectious process, neutrophils exert various antimicrobial defenses, including the release of nuclear chromatin into the extracellular space."
train,264,Citrullinated proteins externalized in neutrophil extracellular traps act indirectly to perpetuate the inflammatory cycle via induction of autoantibodies.,11328820,support,supported,0.795462,"The early events leading to the development of rheumatoid arthritis (RA) remain unclear, but formation of autoantibodies to citrullinated protein antigens (ACPAs) is considered a key pathogenic event. Neutrophils isolated from patients with various autoimmune diseases display enhanced neutrophil extracellular trap (NET) formation, a phenomenon that exposes autoantigens in the context of immunostimulatory molecules."
train,264,Citrullinated proteins externalized in neutrophil extracellular traps act indirectly to perpetuate the inflammatory cycle via induction of autoantibodies.,14853989,wrong_paper,unsupported,0.684385,Neutrophil extracellular chromatin traps connect innate immune response to autoimmunity
train,265,Clathrin stabilizes the spindle fiber apparatus during mitosis.,2033917,support,supported,0.859098,"The formation of clathrin-coated vesicles occurs continuously in non-dividing cells, but is shut down during mitosis, when clathrin concentrates at the spindle apparatus. Here, we show that clathrin stabilizes fibres of the mitotic spindle to aid congression of chromosomes."
train,265,Clathrin stabilizes the spindle fiber apparatus during mitosis.,14205246,wrong_paper,unsupported,0.566363,"The spindle apparatus is a microtubule (MT)-based machinery that attaches to and segregates the chromosomes during mitosis and meiosis. Self-organization of the spindle around chromatin involves the assembly of MTs, their attachment to the chromosomes, and their organization into a bipolar array."
train,266,Cnn1 recruitment varies with cell cycle timing.,22405338,support,supported,0.573655,"Cnn1 regulates KMN activity in a spatiotemporal manner by inhibiting the interaction between its complexes. Cnn1 activity peaks in anaphase and is driven by the Cdc28, Mps1 and Ipl1 kinases."
train,266,Cnn1 recruitment varies with cell cycle timing.,7878807,wrong_paper,unsupported,0.499916,"Finally, phosphorylation of the Cnn1 N-terminus coordinates the binding of the two competing Ndc80 interaction partners. Together, our data provide structural insights into the modular binding mechanism of the Ndc80 complex to its centromere recruiters."
train,267,Cognitive behavioral therapy is an ineffective treatment for insomnia,5912283,contradict,unsupported,0.841749,"Previous research has suggested beneficial outcomes of both psychological and pharmacological treatments, but blinded placebo-controlled trials comparing the effects of these treatments are lacking. OBJECTIVE To examine short- and long-term clinical efficacy of cognitive behavioral therapy (CBT) and pharmacological treatment in older adults experiencing chronic primary insomnia."
train,267,Cognitive behavioral therapy is an ineffective treatment for insomnia,31554917,cited_no_evidence,unsupported,0.523487,A clinical approach to circadian rhythm sleep disorders.
train,272,Combination nicotine replacement therapies with varenicline or bupropion are more effective after 12 weeks of reatment compared to varenicline monotherapy.,11614737,support,supported,0.789214,"OBJECTIVE To determine efficacy and safety of varenicline and bupropion sustained-release (SR; combination therapy) compared with varenicline (monotherapy) in cigarette smokers. DESIGN, SETTING, AND PARTICIPANTS Randomized, blinded, placebo-controlled multicenter clinical trial with a 12-week treatment period and follow-up through week 52 conducted between October 2009 and April 2013 at 3 midwestern clinical research sites."
train,272,Combination nicotine replacement therapies with varenicline or bupropion are more effective after 12 weeks of reatment compared to varenicline monotherapy.,5114940,wrong_paper,unsupported,0.712318,"Varenicline was superior to single forms of NRT (OR 1.57; 95% CredI 1.29 to 1.91), and to bupropion (OR 1.59; 95% CredI 1.29 to 1.96). Varenicline was more effective than nicotine patch (OR 1.51; 95% CredI 1.22 to 1.87), than nicotine gum (OR 1.72; 95% CredI 1.38 to 2.13), and than 'other' NRT (inhaler, spray, tablets, lozenges; OR 1.42; 95% CredI 1.12 to 1.79), but was not more effective than combination NRT (OR 1.06; 95% CredI 0.75 to 1.48)."
train,277,"Commelina yellow mottle virus (ComYMV) has three typical badnavirus ORFs, capable of encoding proteins 23, 15, and 216 kD.",14376683,support,supported,0.795555,"Properties of Commelina yellow mottle virus's complete DNA sequence, genomic discontinuities and transcript suggest that it is a pararetrovirus."
train,277,"Commelina yellow mottle virus (ComYMV) has three typical badnavirus ORFs, capable of encoding proteins 23, 15, and 216 kD.",37677954,wrong_paper,unsupported,0.688757,"Characterization of complete genome and small RNA profile of pagoda yellow mosaic associated virus, a novel badnavirus in China."
train,278,Commelina yellow mottle virus' (ComYMV) genome consists of 2140 baise pairs.,14376683,contradict,unsupported,0.799913,"We have characterized the viral transcript and determined the complete sequence of the genome of Commelina mellow mottle virus (CoYMV), a member of this group. Analysis of the viral transcript indicates that the virus encodes a single terminally-redundant genome-length plus 120 nucleotide transcript."
train,280,Comparative transcriptome analysis identified new platelet proteins with structural features suggesting a role in platelet function.,25001628,support,supported,0.808098,"Although many of these were known platelet genes, a number of previously unidentified or poorly characterized transcripts were also detected. Many of these transcripts, including G6b, G6f, LRRC32, LAT2, and the G protein-coupled receptor SUCNR1, encode proteins with structural features or functions that suggest they may be involved in the modulation of platelet function."
train,280,Comparative transcriptome analysis identified new platelet proteins with structural features suggesting a role in platelet function.,2931832,wrong_paper,unsupported,0.460534,The prognostic impact of the platelet distribution width-to-platelet count ratio in patients with breast cancer
train,281,Concentrations of SNV and CNV in stem-cell regulatory elements and binding sites of transcription factors in iPSC-lines are distinct from their founding cells.,4632921,cited_no_evidence,unsupported,0.515922,"In addition, we were able to identify effects on gene expression of rare genic CNVs and regulatory single-nucleotide variants and found that reactivation of gene expression on the X chromosome depends on gene chromosomal position. Our work highlights the value of iPSCs for genetic association analyses and provides a unique resource for investigating the genetic regulation of gene expression in pluripotent cells."
train,283,Consumption of whole fruits increases the risk of type 2 diabetes.,1974176,contradict,unsupported,0.902613,Fruit consumption and risk of type 2 diabetes: results from three prospective longitudinal cohort studies
train,285,Continued HHV-8 transmission among MSM in San Francisco may be explained by urogenital contact.,5548081,cited_no_evidence,unsupported,0.396479,"The proportion of men practicing unprotected receptive anal intercourse with 1 or more partners declined from 54% to 11% during the 1984 through 1993 period (MHS) with similar though slightly higher values in the YMHS in 1992 and 1993; whereas for unprotected oral intercourse it ranged between 60% and 90% in the 1984 through 1996 period (MHS and YMHS). CONCLUSIONS Infection with KSHV was already highly prevalent in homosexual men when the HIV epidemic began in San Francisco, and its prevalence has been maintained at a nearly constant level."
train,286,Converting apoE4 to apoE3 by gene editing prevents the pathology associated with apoE4 in human iPSCderived neurons.,4709641,support,supported,0.904226,"Converting ApoE4 to ApoE3 by gene editing rescued these phenotypes, indicating the specific effects of ApoE4. Neurons that lacked APOE behaved similarly to those expressing ApoE3, and the introduction of ApoE4 expression recapitulated the pathological phenotypes, suggesting a gain of toxic effects from ApoE4."
train,286,Converting apoE4 to apoE3 by gene editing prevents the pathology associated with apoE4 in human iPSCderived neurons.,15347087,wrong_paper,unsupported,0.540895,"We identified the variants of the genes that are strongly associated with the risk of either late-onset or early-onset AD, including App, Apoe4, Bace1, Psen1, Psen2, and Picalm. We found that in OXYS rats nonsynonymous SNPs were located only in the genes Casp3 and Sorl1."
train,287,Converting apoE4 to apoE3 by gene editing worsens the pathology associated with apoE4 in human iPSCderived neurons.,4709641,contradict,unsupported,0.906209,"Converting ApoE4 to ApoE3 by gene editing rescued these phenotypes, indicating the specific effects of ApoE4. Neurons that lacked APOE behaved similarly to those expressing ApoE3, and the introduction of ApoE4 expression recapitulated the pathological phenotypes, suggesting a gain of toxic effects from ApoE4."
train,290,Cost effectiveness evaluations based on cRCT data accurately reflect prices for patients in actual clinical practice.,15048300,contradict,unsupported,0.683289,BACKGROUND Data on absolute risks of outcomes and patterns of drug use in cost-effectiveness analyses are often based on randomised clinical trials (RCTs). The objective of this study was to evaluate the external validity of published cost-effectiveness studies by comparing the data used in these studies (typically based on RCTs) to observational data from actual clinical practice.
train,292,Cost effectiveness evaluations based on cRCT data lack external validity.,15048300,support,supported,0.62692,The objective of this study was to evaluate the external validity of published cost-effectiveness studies by comparing the data used in these studies (typically based on RCTs) to observational data from actual clinical practice. Selective Cox-2 inhibitors (coxibs) were used as an example.
train,292,Cost effectiveness evaluations based on cRCT data lack external validity.,16705338,wrong_paper,unsupported,0.291777,"The range of the area under receiver operating characteristic curves was 0.73 to 0.83 for the external validation sets, which confirmed the reliability of the prediction. The weak-interaction hypothesis in CPI network was identified by the edge-weighted NBI method."
train,293,Crossover hot spots are found within gene promoters in Saccharomyces cerevisiae.,10874408,cited_no_evidence,unsupported,0.537166,Mapping Meiotic Single-Strand DNA Reveals a New Landscape of DNA Double-Strand Breaks in Saccharomyces cerevisiae
train,296,Cyclin A2 destruction is necessary to switch from unstable to stable kt-mt attachments in mitosis.,4398832,support,supported,0.738885,"Thus, the stability of k-MT attachments increases decisively in a coordinated fashion among all chromosomes as cells transit from prometaphase to metaphase. Cyclin A creates a cellular environment that promotes microtubule detachment from kinetochores in prometaphase to ensure efficient error correction and faithful chromosome segregation."
train,296,Cyclin A2 destruction is necessary to switch from unstable to stable kt-mt attachments in mitosis.,45875990,wrong_paper,unsupported,0.655455,Cyclin A2 activates the cyclin-dependent kinases Cdk1 and Cdk2 and is expressed at elevated levels from S phase until early mitosis. We found that mutant mice that cannot elevate cyclin A2 are chromosomally unstable and tumor-prone.
train,299,Cytochrome c is transferred from cytosol to the mitochondrial intermembrane space during apoptosis.,39381118,contradict,unsupported,0.755051,"Apoptosis that proceeds via the mitochondrial pathway involves mitochondrial outer membrane permeabilization (MOMP), responsible for the release of cytochrome c and other proteins of the mitochondrial intermembrane space. This essential step is controlled and mediated by proteins of the Bcl-2 family."
train,301,Cytosolic proteins bind to iron-responsive elements on mRNAs coding for TFRC1.,3553087,cited_no_evidence,unsupported,0.45783,Chronic obstructive pulmonary disease (COPD) is linked to both cigarette smoking and genetic determinants. We have previously identified iron-responsive element-binding protein 2 (IRP2) as an important COPD susceptibility gene and have shown that IRP2 protein is increased in the lungs of individuals with COPD.
train,304,DMS3 protein enables Pol V transcription in vivo.,14797520,cited_no_evidence,unsupported,0.517411,Noncoding Transcription by RNA Polymerase Pol IVb/Pol V Mediates Transcriptional Silencing of Overlapping and Adjacent Genes
train,305,DRD1 proteins enable Pol V transcription in vivo.,14797520,support,supported,0.661213,"Pol IVb/Pol V transcription requires the chromatin-remodeling protein DRD1 but is independent of siRNA biogenesis. However, Pol IVb/Pol V transcription and siRNA production are both required to silence transposons, suggesting that Pol IVb/Pol V generates RNAs or chromatin structures that serve as scaffolds for siRNA-mediated heterochromatin-forming complexes."
train,305,DRD1 proteins enable Pol V transcription in vivo.,1354567,wrong_paper,unsupported,0.617694,"By contrast, Pol IVa and DRD1 are external to the nucleolus and colocalize with endogenous repeat loci. Mutation-induced loss of pathway proteins causes downstream proteins to mislocalize, revealing their order of action."
train,306,DUSP4 decreases apoptosis.,7821634,contradict,unsupported,0.762742,"DUSP4 overexpression increased chemotherapy-induced apoptosis, whereas DUSP4 depletion dampened the response to chemotherapy. Reduced DUSP4 expression in primary tumors after NAC was associated with treatment-refractory high Ki-67 scores and shorter recurrence-free survival."
train,308,DUSP4 downregulation deactivates the Ras-ERK pathway,7821634,contradict,unsupported,0.675455,"BLBC had higher DUSP4 promoter methylation and gene expression patterns of Ras-ERK pathway activation relative to other breast cancer subtypes. DUSP4 overexpression increased chemotherapy-induced apoptosis, whereas DUSP4 depletion dampened the response to chemotherapy."
train,309,DUSP4 increases apoptosis.,7821634,support,supported,0.753462,"DUSP4 overexpression increased chemotherapy-induced apoptosis, whereas DUSP4 depletion dampened the response to chemotherapy. Reduced DUSP4 expression in primary tumors after NAC was associated with treatment-refractory high Ki-67 scores and shorter recurrence-free survival."
train,309,DUSP4 increases apoptosis.,24190159,wrong_paper,unsupported,0.473056,"Mutated KRAS results in overexpression of DUSP4, a MAP-kinase phosphatase, and SMYD3, a histone methyltransferase, in rectal carcinomas."
train,310,De novo assembly of sequence data has fewer specific contigs than unassembled sequence data.,6173523,cited_no_evidence,unsupported,0.46875,"In phase 1, a de novo assembly approach was developed to obtain a draft genome of the outbreak strain. In phase 2, the depth of coverage of the outbreak strain genome was determined in each sample."
train,313,De novo assembly of sequence data has shorter contigs than unassembled sequence data.,6173523,cited_no_evidence,unsupported,0.483761,"In phase 1, a de novo assembly approach was developed to obtain a draft genome of the outbreak strain. In phase 2, the depth of coverage of the outbreak strain genome was determined in each sample."
train,315,Decrease of p62 in prostate tumor stroma results in defective autophagy.,3701541,cited_no_evidence,unsupported,0.387081,"p62 directly interacts with VDR and RXR promoting their heterodimerization, which is critical for VDR:RXR target gene recruitment. Loss of p62 in HSCs impairs the repression of fibrosis and inflammation by VDR agonists."
train,316,Decreased conversion of PGE 2 to PPARy ligand 15-ket-PGE 2 causes accumulation of PGE.,712078,cited_no_evidence,unsupported,0.489592,"Here we show that colonic epithelial cells and whole lung tissue from Cftr-deficient mice show a defect in peroxisome proliferator-activated receptor-gamma (PPAR-gamma, encoded by Pparg) function that contributes to a pathological program of gene expression. Lipidomic analysis of colonic epithelial cells suggests that this defect results in part from reduced amounts of the endogenous PPAR-gamma ligand 15-keto-prostaglandin E(2) (15-keto-PGE(2))."
train,317,Decreased diastolic blood pressure (DBP) is associated with abdominal aortic aneurysm.,4506414,contradict,unsupported,0.611341,"Compared with diastolic blood pressure, raised systolic blood pressure had a greater effect on angina, myocardial infarction, and peripheral arterial disease, whereas raised diastolic blood pressure had a greater effect on abdominal aortic aneurysm than did raised systolic pressure. Pulse pressure associations were inverse for abdominal aortic aneurysm (HR per 10 mm Hg 0·91 [95% CI 0·86-0·98]) and strongest for peripheral arterial disease (1·23 [1·20-1·27])."
train,323,Deleting Raptor increases G-CSF levels.,2014909,cited_no_evidence,unsupported,0.535712,"Inhibiting this pathway or its activators (for example, FGFR) impairs tumour progression, which is partially rescued by restoring MDSCs or G-CSF. Tumour-initiating cells (TICs) exhibit elevated G-CSF."
train,325,Deletion of ATM and Rad3 related protein is not predictive of acute tissue loss.,40349336,cited_no_evidence,unsupported,0.453609,Deletion of the developmentally essential gene ATR in adult mice leads to age-related phenotypes and stem cell loss.
train,326,Deletion of ATM and Rad3 related protein leads to acute tissue loss.,40349336,cited_no_evidence,unsupported,0.436745,Deletion of the developmentally essential gene ATR in adult mice leads to age-related phenotypes and stem cell loss.
train,330,Deltex has no known interactions with eIF3f.,9505448,contradict,unsupported,0.490452,"We show that eIF3f has an intrinsic DUB activity. Knocking down eIF3f leads to an accumulation of monoubiquitinated forms of activated Notch, an effect counteracted by murine WT eIF3f but not by a catalytically inactive mutant."
train,331,Deltex interacts with eIF3. There is no known interaction between Deltex and elF3,9505448,contradict,unsupported,0.47438,"Knocking down eIF3f leads to an accumulation of monoubiquitinated forms of activated Notch, an effect counteracted by murine WT eIF3f but not by a catalytically inactive mutant. We also show that eIF3f is recruited to activated Notch on endocytic vesicles by the putative E3 ubiquitin ligase Deltex1, which serves as a bridging factor."
train,332,Depletion of T-helper 17 (Th17) cells during simian immunodeficiency virus (SIV) infection decreases dissemination of Salmonella Typhimurium from the gut.,29023309,contradict,unsupported,0.871644,"Salmonella typhimurium causes a localized enteric infection in immunocompetent individuals, whereas HIV-infected individuals develop a life-threatening bacteremia. Here we show that simian immunodeficiency virus (SIV) infection results in depletion of T helper type 17 (TH17) cells in the ileal mucosa of rhesus macaques, thereby impairing mucosal barrier functions to S. typhimurium dissemination."
train,333,Depletion of T-helper 17 (Th17) cells during simian immunodeficiency virus (SIV) infection increases dissemination of Salmonella Typhimurium from the gut.,29023309,support,supported,0.870992,"Salmonella typhimurium causes a localized enteric infection in immunocompetent individuals, whereas HIV-infected individuals develop a life-threatening bacteremia. Here we show that simian immunodeficiency virus (SIV) infection results in depletion of T helper type 17 (TH17) cells in the ileal mucosa of rhesus macaques, thereby impairing mucosal barrier functions to S. typhimurium dissemination."
train,333,Depletion of T-helper 17 (Th17) cells during simian immunodeficiency virus (SIV) infection increases dissemination of Salmonella Typhimurium from the gut.,8300657,wrong_paper,unsupported,0.612737,Gastrointestinal tract as a major site of CD4+ T cell depletion and viral replication in SIV infection.
train,334,Depletion of nitric oxide is responsible for vasospasm.,25079962,support,supported,0.77333,Decreased bioavailability of nitric oxide has been associated with the development of cerebral vasospasm. OBJECTIVE To determine whether infusions of nitrite will prevent delayed cerebral vasospasm.
train,334,Depletion of nitric oxide is responsible for vasospasm.,23100962,wrong_paper,unsupported,0.514895,Nitric oxide synthase generates superoxide and nitric oxide in arginine-depleted cells leading to peroxynitrite-mediated cellular injury.
train,335,Deregulation of HAND2 is a crucial step in endometrial carcinogenesis in mice.,1780819,support,supported,0.809072,"Finally, mice harbouring a Hand2 knock-out specifically in their endometrium were shown to develop precancerous endometrial lesions with increasing age, and these lesions also demonstrated a lack of PTEN expression. CONCLUSIONS HAND2 methylation is a common and crucial molecular alteration in endometrial cancer that could potentially be employed as a biomarker for early detection of endometrial cancer and as a predictor of treatment response."
train,335,Deregulation of HAND2 is a crucial step in endometrial carcinogenesis in mice.,4767806,wrong_paper,unsupported,0.316311,"In the present review we discuss the mechanistic basis of replication licensing deregulation, which leads to systemic effects, exemplified by its role in carcinogenesis and a variety of genetic syndromes. In addition, new insights demonstrate that above a particular threshold, the replication licensing factor Cdc6 acts as global transcriptional regulator, outlining new lines of exploration."
train,336,Destination container port throughput(CPT) is negatively related to dengue virus (DENV-1) diffusion in air traffic shipments.,2097256,cited_no_evidence,unsupported,0.507871,Improving water supply and vector control in areas with a human population density critical for dengue transmission could increase the efficiency of control efforts. Please see later in the article for the Editors' Summary.
train,337,Destination container port throughput(CPT) is positively related to dengue virus (DENV-1) diffusion in air traffic shipments.,2097256,cited_no_evidence,unsupported,0.503874,Improving water supply and vector control in areas with a human population density critical for dengue transmission could increase the efficiency of control efforts. Please see later in the article for the Editors' Summary.
train,339,Dexamethasone increases risk of postoperative bleeding.,23349986,support,supported,0.81419,"Dexamethasone, 0.5 mg/kg, was associated with the highest bleeding risk (adjusted relative risk, 6.80; 95% CI, 1.77-16.5). Eight children had to undergo emergency reoperation because of bleeding, all of whom had received dexamethasone."
train,339,Dexamethasone increases risk of postoperative bleeding.,36288526,wrong_paper,unsupported,0.52125,"Compared with albumin, hydroxyethyl starch increased postoperative blood loss by 33.3% of a pooled SD (95% confidence interval, 18.2%-48.3%; P < .001). Risk of reoperation for bleeding was more than doubled by hydroxyethyl starch (relative risk, 2.24; 95% confidence interval, 1.14-4.40; P = .020)."
train,340,Diabetes remission occurs less in people treated with conventional therapy than in people treated with laparoscopic adjustable gastric banding surgery.,7098463,support,supported,0.852508,INTERVENTIONS Conventional diabetes therapy with a focus on weight loss by lifestyle change vs laparoscopic adjustable gastric banding with conventional diabetes care. MAIN OUTCOME MEASURES Remission of type 2 diabetes (fasting glucose level <126 mg/dL [7.0 mmol/L] and glycated hemoglobin [HbA1c] value <6.2% while taking no glycemic therapy).
train,340,Diabetes remission occurs less in people treated with conventional therapy than in people treated with laparoscopic adjustable gastric banding surgery.,5824985,wrong_paper,unsupported,0.58471,BACKGROUND Bariatric surgery is becoming a more widespread treatment for obesity. Comprehensive evidence of the long-term effects of contemporary surgery on a broad range of clinical outcomes in large populations treated in routine clinical practice is lacking.
train,341,Diabetes remission occurs more in people treated with conventional therapy than in people treated with laparoscopic adjustable gastric banding surgery.,7098463,contradict,unsupported,0.838152,INTERVENTIONS Conventional diabetes therapy with a focus on weight loss by lifestyle change vs laparoscopic adjustable gastric banding with conventional diabetes care. MAIN OUTCOME MEASURES Remission of type 2 diabetes (fasting glucose level <126 mg/dL [7.0 mmol/L] and glycated hemoglobin [HbA1c] value <6.2% while taking no glycemic therapy).
train,342,Diabetic patients with acute coronary syndrome experience decreased short-term and long-term risk for bleeding events.,5884524,contradict,unsupported,0.692135,"BACKGROUND Although unstable coronary artery disease is the most common reason for admission to a coronary care unit, the long-term prognosis of patients with this diagnosis is unknown. This is particularly true for patients with diabetes mellitus, who are known to have a high morbidity and mortality after an acute myocardial infarction."
train,342,Diabetic patients with acute coronary syndrome experience decreased short-term and long-term risk for bleeding events.,7873737,cited_no_evidence,unsupported,0.660991,"BACKGROUND Diabetes mellitus is a major risk factor for adverse outcomes after acute coronary syndromes (ACS). Because this disease may be associated with increased platelet aggregation, we investigated whether diabetic patients with ACS derive particular benefit from platelet glycoprotein (GP) IIb/IIIa receptor inhibition."
train,345,"Differentiated E2f-1, -2, -3 TKO cells in the intestine do not exhibit apoptosis.",4394817,cited_no_evidence,unsupported,0.583799,"Using a panel of tissue-specific cre-transgenic mice and conditional E2f alleles we examined the effects of E2f1, E2f2 and E2f3 triple deficiency in murine embryonic stem cells, embryos and small intestines. We show that in normal dividing progenitor cells E2f1-3 function as transcriptional activators, but contrary to the current view, are dispensable for cell division and instead are necessary for cell survival."
train,346,Differentiation of progenitor cells to myeloid cells is skewed upon activation of insulin signaling.,11902109,contradict,unsupported,0.608494,"However, how systemic signals are sensed by myeloid progenitors to regulate cell-fate determination has not been well described. Here, we show that the haematopoietic progenitors of Drosophila are direct targets of systemic (insulin) and nutritional (essential amino acid) signals, and that these systemic signals maintain the progenitors by promoting Wingless (WNT in mammals) signalling."
train,347,Differentiation of progenitor cells to myeloid cells is skewed when insulin signaling is suppressed.,11902109,support,supported,0.597936,"However, how systemic signals are sensed by myeloid progenitors to regulate cell-fate determination has not been well described. Here, we show that the haematopoietic progenitors of Drosophila are direct targets of systemic (insulin) and nutritional (essential amino acid) signals, and that these systemic signals maintain the progenitors by promoting Wingless (WNT in mammals) signalling."
train,347,Differentiation of progenitor cells to myeloid cells is skewed when insulin signaling is suppressed.,17933691,wrong_paper,unsupported,0.521214,"However, muscle progenitor-derived adipocytes were found to be insensitive to insulin-induced glucose uptake, in association with the impairment of phosphorylation of key insulin-signaling effectors. Our findings indicate that muscle adipogenic progenitors give rise to bona fide white adipocytes that have the unexpected feature of being insulin-resistant."
train,349,Diminished ovarian reserve is a reliable indicator of infertility in a non-infertile population.,13497630,contradict,unsupported,0.791666,"Conclusions and Relevance Among women aged 30 to 44 years without a history of infertility who had been trying to conceive for 3 months or less, biomarkers indicating diminished ovarian reserve compared with normal ovarian reserve were not associated with reduced fertility. These findings do not support the use of urinary or blood follicle-stimulating hormone tests or antimüllerian hormone levels to assess natural fertility for women with these characteristics."
train,351,Distant CREs are important for transcriptional regulation.,14658685,cited_no_evidence,unsupported,0.42609,"Most of the recently evolved enhancers arise from ancestral DNA exaptation, rather than lineage-specific expansions of repeat elements. In contrast, almost all liver promoters are partially or fully conserved across these species."
train,352,Distant CREs are less conserved among species.,14658685,cited_no_evidence,unsupported,0.326283,Enhancer Evolution across 20 Mammalian Species
train,355,Drosophila supracellular actomyosin structures are found at boundaries in wing imaginal discs.,12800122,support,supported,0.596213,Here we quantitatively analyzed cell morphology and the response to the laser ablation of cell bonds in the vicinity of the anteroposterior compartment boundary in developing Drosophila wings. We found that mechanical tension is approximately 2.5-fold increased on cell bonds along this compartment boundary as compared to the remaining tissue.
train,355,Drosophila supracellular actomyosin structures are found at boundaries in wing imaginal discs.,38380061,support,supported,0.722055,Localization and requirement for Myosin II at the dorsal-ventral compartment boundary of the Drosophila wing.
train,355,Drosophila supracellular actomyosin structures are found at boundaries in wing imaginal discs.,9646449,wrong_paper,unsupported,0.519522,"By targeted expression of the ey complementary DNA in various imaginal disc primordia of Drosophila, ectopic eye structures were induced on the wings, the legs, and on the antennae. The ectopic eyes appeared morphologically normal and consisted of groups of fully differentiated ommatidia with a complete set of photoreceptor cells."
train,356,Dscam1 acts as a hypervariable pattern-recognition receptor for the immune system.,6144337,support,supported,0.565045,"Activation of the insect innate immune system is dependent on a limited number of pattern recognition receptors (PRRs) capable of interacting with pathogen-associated molecular pattern. Here we report a novel role of an alternatively spliced hypervariable immunoglobulin domain-encoding gene, Dscam, in generating a broad range of PRRs implicated in immune defense in the malaria vector Anopheles gambiae."
train,356,Dscam1 acts as a hypervariable pattern-recognition receptor for the immune system.,2506153,wrong_paper,unsupported,0.49694,"Invariant natural killer T (iNKT) cells are a subset of lymphocytes that bridge the innate and adaptive immune systems. Although iNKT cells express T cell receptors that are generated by somatic DNA rearrangement, these receptors are semi-invariant and interact with a limited set of lipid and glycolipid antigens, thus resembling the pattern-recognition receptors of the innate immune system."
train,357,"During non-homologous end joining, the ligation step is not as tolerant of disrepairs and other distortions when joining 3' of strand breaks as compared to 5' strand breaks.",18111172,cited_no_evidence,unsupported,0.797501,The fidelity of the ligation step determines how ends are resolved during Nonhomologous end joining
train,358,"During non-homologous end joining, the ligation step is not as tolerant of disrepairs and other distortions when joining 5' of strand breaks as compared to 3' strand breaks.",18111172,cited_no_evidence,unsupported,0.802587,The fidelity of the ligation step determines how ends are resolved during Nonhomologous end joining
train,361,During the primary early antibody response activated B cells migrate toward the inner-and outer follicular areas where oxysterol accumulation is generated by stromal cells.,38587347,cited_no_evidence,unsupported,0.68537,Finding the right niche: B-cell migration in the early phases of T-dependent antibody responses.
train,363,EG7 tumors can be killed by systemic oxaliplatin primed CD8+ T cells from the tumor-draining lymph node cells.,5386514,cited_no_evidence,unsupported,0.550552,"The priming of IFN-γ–producing CD8+ T cells by dying tumor cells fails in the absence of a functional IL-1 receptor 1 and in Nlpr3-deficient (Nlrp3−/−) or caspase-1–deficient (Casp-1−/−) mice unless exogenous IL-1β is provided. Accordingly, anticancer chemotherapy turned out to be inefficient against tumors established in purinergic receptor P2rx7−/− or Nlrp3−/− or Casp1−/− hosts."
train,364,EGR2 is important to myelination of the peripheral nervous system.,1550937,cited_no_evidence,unsupported,0.480552,The Transcription Factors Egr2 and Egr3 Are Essential for the Control of Inflammation and Antigen-Induced Proliferation of B and T Cells
train,365,ER-localized phosphatase Sac1 processes PI4P through coordination with OSBP and the endosome-localized protein sorting nexin 2.,600437,cited_no_evidence,unsupported,0.637332,"Such defects are mimicked by downregulation of OSBP, a VAP interactor and PI4P transporter that participates in VAP-dependent ER-endosomes tethers. These results reveal a role of PI4P in retromer-/WASH-dependent budding from endosomes."
train,366,ERAP1 SNPs are epistatic to HLA alleles for ankylosing spondylitis.,13956305,support,supported,0.836203,Major histocompatibility complex associations of ankylosing spondylitis are complex and involve further epistasis with ERAP1
train,366,ERAP1 SNPs are epistatic to HLA alleles for ankylosing spondylitis.,97884,wrong_paper,unsupported,0.558393,"The term spondyloarthropathy (SpA) describes and defines a group of related inflammatory joint disease that share characteristic clinical features and a unique association with the major histocompatibility complex class I molecule HLA-B27. Five subgroups can be differentiated: ankylosing spondylitis, reactive arthritis, psoriatic arthritis, arthritis associated with inflammatory bowel disease, and undifferentiated SpA."
train,367,Early patent ductus ateriosus (PDA) screening decreases in-hospital mortality.,27099731,support,supported,0.728672,Association Between Early Screening for Patent Ductus Arteriosus and In-Hospital Mortality Among Extremely Preterm Infants.
train,367,Early patent ductus ateriosus (PDA) screening decreases in-hospital mortality.,25612629,wrong_paper,unsupported,0.604791,Patent ductus arteriosus: are current neonatal treatment options better or worse than no treatment at all?
train,368,Early patent ductus ateriosus (PDA) screening increases in-hospital mortality.,27099731,contradict,unsupported,0.729741,Association Between Early Screening for Patent Ductus Arteriosus and In-Hospital Mortality Among Extremely Preterm Infants.
train,369,"Ectopic expression of Sall4, Nanog, Esrrb, and Lin28 generates induced pluripotent stem cells from mouse embryonic fibroblasts more efficiently than other factor combinations.",6826100,support,supported,0.73736,"Here, we show that one major determinant of iPSC quality is the combination of reprogramming factors used. Based on tetraploid complementation, we found that ectopic expression of Sall4, Nanog, Esrrb, and Lin28 (SNEL) in mouse embryonic fibroblasts (MEFs) generated high-quality iPSCs more efficiently than other combinations of factors including OSKM."
train,369,"Ectopic expression of Sall4, Nanog, Esrrb, and Lin28 generates induced pluripotent stem cells from mouse embryonic fibroblasts more efficiently than other factor combinations.",9675944,wrong_paper,unsupported,0.677365,Induction of pluripotent stem cells from mouse embryonic fibroblasts by Oct4 and Klf4 with small-molecule compounds.
train,370,Egr2 regulates the homeostasis of B and T cells.,1550937,support,supported,0.774048,The Transcription Factors Egr2 and Egr3 Are Essential for the Control of Inflammation and Antigen-Induced Proliferation of B and T Cells
train,370,Egr2 regulates the homeostasis of B and T cells.,7399084,wrong_paper,unsupported,0.54389,Transcriptional repressor Blimp-1 is essential for T cell homeostasis and self-tolerance
train,371,Egr3 regulates the homeostasis of B and T cells.,1550937,support,supported,0.787694,The Transcription Factors Egr2 and Egr3 Are Essential for the Control of Inflammation and Antigen-Induced Proliferation of B and T Cells
train,371,Egr3 regulates the homeostasis of B and T cells.,7399084,wrong_paper,unsupported,0.555651,Transcriptional repressor Blimp-1 is essential for T cell homeostasis and self-tolerance
train,372,Eilat virus (EILV) produced in mosquitos elicits rapid and long-lasting neutralizing antibodies in nonhuman primates.,24922825,support,supported,0.793095,"A single dose of EILV/CHIKV produced in mosquito cells elicited rapid (within 4 d) and long-lasting (>290 d) neutralizing antibodies that provided complete protection in two different mouse models. In nonhuman primates, EILV/CHIKV elicited rapid and robust immunity that protected against viremia and telemetrically monitored fever."
train,372,Eilat virus (EILV) produced in mosquitos elicits rapid and long-lasting neutralizing antibodies in nonhuman primates.,8883846,wrong_paper,unsupported,0.441674,"Most effective viral vaccines work, at least in part, by generating antibodies that inactivate or neutralize the invading virus, and the existing data strongly suggest that an optimally effective HIV-1 vaccine should elicit potent antiviral neutralizing antibodies. However, unlike acute viral pathogens, HIV-1 chronically replicates in the host and evades the antibody response."
train,375,Elevated cell-free mitochondrial DNA levels are associated with mortality.,1522647,support,supported,0.710891,Circulating Mitochondrial DNA in Patients in the ICU as a Marker of Mortality: Derivation and Validation
train,375,Elevated cell-free mitochondrial DNA levels are associated with mortality.,20459964,wrong_paper,unsupported,0.711656,A mechanism of extracellular release of mitochondrial DNA accompanies the active stage of the disease. Circulating mtDNA is extremely high in untreated patients.
train,376,Eliminating the last sporadic cases of malaria requires considerable funding.,22401061,cited_no_evidence,unsupported,0.804021,Costs and financial feasibility of malaria elimination
train,377,Emodin forms hydrogen bonds with residues involved in PGAM1 substrate binding.,18810195,cited_no_evidence,unsupported,0.541632,"Here we report a novel mechanism in which Y26 phosphorylation enhances PGAM1 activation through release of inhibitory E19 that blocks the active site, stabilising cofactor 2,3-bisphosphoglycerate binding and H11 phosphorylation. We also report the crystal structure of H11-phosphorylated PGAM1 and find that phospho-H11 activates PGAM1 at least in part by promoting substrate 3-phosphoglycerate binding."
train,378,Energy balance requires hypothalamic glutamate neurotransmission.,45154987,support,supported,0.61768,"The reversal was caused by lower energy expenditure and hyperphagia. Corroboratively, selective disruption of glutamate release from adult PVH neurons led to rapid obesity development via reduced energy expenditure and hyperphagia."
train,378,Energy balance requires hypothalamic glutamate neurotransmission.,10534299,support,supported,0.437536,"AgRP neuron activity drives feeding and weight gain whereas that of nearby POMC neurons does the opposite. However, the role of excitatory glutamatergic input in controlling these neurons is unknown."
train,378,Energy balance requires hypothalamic glutamate neurotransmission.,11886686,support,supported,0.609194,Synaptic glutamate release by ventromedial hypothalamic neurons is part of the neurocircuitry that prevents hypoglycemia.
train,378,Energy balance requires hypothalamic glutamate neurotransmission.,17150648,support,supported,0.533327,"In adulthood, increased body weight and fasting also altered the expression of glucose and glutamate transporters. These results demonstrate that whole-organism metabolism alters hypothalamic glial cell activity and suggest that these cells play an important role in the pathology of obesity."
train,378,Energy balance requires hypothalamic glutamate neurotransmission.,25007443,cited_no_evidence,unsupported,0.432026,The strength of the excitatory input from the mVMH to POMC neurons was diminished by fasting. These data identify a new molecularly defined circuit that is dynamically regulated by nutritional state in a manner consistent with the known role of the VMH as a satiety center.
train,378,Energy balance requires hypothalamic glutamate neurotransmission.,14782049,wrong_paper,unsupported,0.741411,"The increased PCr/Cr ratio is consistent with decreased brain energy consumption. Given the well-established link between excitatory neurotransmission and brain energy metabolism, we postulate that elevated glutamate, Glu/Gln ratio, and GABA indicate suppressed excitatory neurotransmission in an energy-limited environment."
train,379,Enhanced early production of inflammatory chemokines damages viral control in the lung.,19005293,contradict,unsupported,0.581225,"We asked whether the adaptive immune system can also affect the character and magnitude of innate inflammatory responses. We found that the response of memory, but not naive, CD4+ T cells enhances production of multiple innate inflammatory cytokines and chemokines (IICs) in the lung and that, during influenza infection, this leads to early control of virus."
train,381,Environmental factors can influence the development of breast cancer.,18340282,support,supported,0.662236,INTERPRETATION Risks of breast cancer associated with low-penetrance susceptibility polymorphisms do not vary significantly with these ten established environmental risk factors. FUNDING Cancer Research UK and the UK Medical Research Council.
train,381,Environmental factors can influence the development of breast cancer.,27123743,wrong_paper,unsupported,0.569938,Role of birthweight in the etiology of breast cancer.
train,382,Environmentally-induced senescence is mimicked in disease modeling by adding specific molecules to the culture system.,11659421,support,supported,0.465522,Human iPSC-based modeling of late-onset disease via progerin-induced aging.
train,382,Environmentally-induced senescence is mimicked in disease modeling by adding specific molecules to the culture system.,17412260,wrong_paper,unsupported,0.567129,"Here, we present evidence that the SASP can also induce paracrine senescence in normal cells both in culture and in human and mouse models of OIS in vivo. Coupling quantitative proteomics with small-molecule screens, we identified multiple SASP components mediating paracrine senescence, including TGF-β family ligands, VEGF, CCL2 and CCL20."
train,383,Epidemiological disease burden from noncommunicable diseases is more prevalent in high economic settings.,13770184,cited_no_evidence,unsupported,0.488348,"Regionally, smoking still ranked among the leading five risk factors for attributable DALYs in 109 countries; childhood underweight and unsafe sex remained primary drivers of early death and disability in much of sub-Saharan Africa. INTERPRETATION Declines in some key environmental risks have contributed to declines in critical infectious diseases."
train,389,Ethanol stress increases the expression of IBP in bacteria.,1148122,cited_no_evidence,unsupported,0.675257,Regulatory and metabolic rewiring during laboratory evolution of ethanol tolerance in E. coli
train,390,Ethanol stress increases the expression of PSP in bacteria.,1148122,cited_no_evidence,unsupported,0.613362,Regulatory and metabolic rewiring during laboratory evolution of ethanol tolerance in E. coli
train,391,Ethanol stress increases the expression of SRL in bacteria.,1148122,cited_no_evidence,unsupported,0.64941,Regulatory and metabolic rewiring during laboratory evolution of ethanol tolerance in E. coli
train,392,Ethanol stress lowers the expression of PSP in bacteria.,1148122,cited_no_evidence,unsupported,0.612908,Regulatory and metabolic rewiring during laboratory evolution of ethanol tolerance in E. coli
train,393,Ethanol stress reduces the expression of SRL in bacteria.,1148122,cited_no_evidence,unsupported,0.648561,Regulatory and metabolic rewiring during laboratory evolution of ethanol tolerance in E. coli
train,394,Excess gestational weight gain is associated with obesity-related pregnancy outcomes.,11360768,support,supported,0.697711,"Dietary intervention resulted in the largest reduction in maternal gestational weight gain (3.84 kg, 2.45 to 5.22 kg), with improved pregnancy outcomes compared with other interventions. The overall evidence rating was low to very low for important outcomes such as pre-eclampsia, gestational diabetes, gestational hypertension, and preterm delivery."
train,394,Excess gestational weight gain is associated with obesity-related pregnancy outcomes.,70455704,wrong_paper,unsupported,0.825858,"New features of this book include a specific range of recommended gain for obese women. Weight Gain During Pregnancy is intended to assist practitioners who care for women of childbearing age, policy makers, educators, researchers, and the pregnant women themselves to understand the role of gestational weight gain and to provide them with the tools needed to promote optimal pregnancy outcomes."
train,396,Exercise increases cancer mortality rates among Chinese citizens.,1456068,contradict,unsupported,0.664602,Combined Impact of Lifestyle-Related Factors on Total and Cause-Specific Mortality among Chinese Women: Prospective Cohort Study
train,397,Exercise reduces cancer mortality rates among Chinese citizens.,1456068,support,supported,0.672633,"The population attributable risks for not having 4-5 healthy lifestyle factors were 33% for total deaths, 59% for CVD deaths, and 19% for cancer deaths. CONCLUSIONS In this first study, to our knowledge, to quantify the combined impact of lifestyle-related factors on mortality outcomes in Chinese women, a healthier lifestyle pattern-including being of normal weight, lower central adiposity, participation in physical activity, nonexposure to spousal smoking, and higher fruit and vegetable intake-was associated with reductions in total and cause-specific mortality among lifetime nonsmoking and nondrinking women, supporting the importance of overall lifestyle modification in disease prevention."
train,397,Exercise reduces cancer mortality rates among Chinese citizens.,10209731,wrong_paper,unsupported,0.480447,"Cardiovascular diseases in Chinese, Malays, and Indians in Singapore. I. Differences in mortality."
train,398,Exhaustion of B cells contributes to poor Ab response in HIV-infected individuals.,8883846,cited_no_evidence,unsupported,0.477373,"However, unlike acute viral pathogens, HIV-1 chronically replicates in the host and evades the antibody response. This immune evasion, along with the large genetic variation among HIV-1 strains worldwide, has posed major obstacles to vaccine development."
train,400,Exposure to fine particulate air pollution is unrelated to anxiety prevalence.,791050,contradict,unsupported,0.838727,The relation between past exposure to fine particulate air pollution and prevalent anxiety: observational cohort study
train,401,"Expression of MSX2 is induced 3 hours after the addition of BMP4, which is earlier than T and CDX2.",5633876,cited_no_evidence,unsupported,0.427306,We found that BMP4 cooperates with FGF2 (via ERK) to induce mesoderm and to inhibit endoderm differentiation. These conditions induced cells with high levels of BRACHYURY (BRA) that coexpressed CDX2.
train,403,Expression of oncolytic virus antigens as peptides makes relapse more likely.,1921218,cited_no_evidence,unsupported,0.428325,Detecting and targeting tumor relapse by its resistance to innate effectors at early recurrence
train,404,Expression of oncolytic virus antigens as peptides permits additional protection against relapse.,1921218,cited_no_evidence,unsupported,0.382837,Detecting and targeting tumor relapse by its resistance to innate effectors at early recurrence
train,406,F4/80+ macrophages regulate mature osteoblast maintenance.,6796297,cited_no_evidence,unsupported,0.459473,PDGF-BB secreted by preosteoclasts induces angiogenesis during coupling with osteogenesis
train,407,FACT and other histone chaperone(s) compensate for Histone 2A (H2A)-histone 2B (H2B) dimer eviction during the histone exchange process.,9889151,cited_no_evidence,unsupported,0.642962,"FACT, a heterodimer of Spt16 and Pob3, is an essential histone chaperone. We show that the H2A-H2B binding activity that is central to FACT function resides in short acidic regions near the C termini of each subunit."
train,413,Female carriers of the Apolipoprotein E4 (APOE4) allele have decreased risk for dementia.,6309659,contradict,unsupported,0.67185,"Risk of dementia associated with a longer reproductive period was most pronounced in APOE epsilon4 carriers (adjusted RR for >39 reproductive years compared with <34 reproductive years, 4.20 [95% CI, 1.97-8.92] for dementia and 3.42 [95% CI, 1.51-7.75] for AD), whereas in noncarriers, no clear association with dementia or AD was observed. CONCLUSION Our findings do not support the hypothesis that a longer reproductive period reduces risk of dementia in women who have natural menopause."
train,414,Female carriers of the Apolipoprotein E4 (APOE4) allele have increased risk for Alzheimer's disease.,6309659,support,supported,0.621197,"Risk of dementia associated with a longer reproductive period was most pronounced in APOE epsilon4 carriers (adjusted RR for >39 reproductive years compared with <34 reproductive years, 4.20 [95% CI, 1.97-8.92] for dementia and 3.42 [95% CI, 1.51-7.75] for AD), whereas in noncarriers, no clear association with dementia or AD was observed. CONCLUSION Our findings do not support the hypothesis that a longer reproductive period reduces risk of dementia in women who have natural menopause."
train,414,Female carriers of the Apolipoprotein E4 (APOE4) allele have increased risk for Alzheimer's disease.,4709641,wrong_paper,unsupported,0.68203,"Using human neurons derived from induced pluripotent stem cells that expressed apolipoprotein E4 (ApoE4), a variant of the APOE gene product and the major genetic risk factor for AD, we demonstrated that ApoE4-expressing neurons had higher levels of tau phosphorylation, unrelated to their increased production of amyloid-β (Aβ) peptides, and that they displayed GABAergic neuron degeneration. ApoE4 increased Aβ production in human, but not in mouse, neurons."
train,416,Female carriers of the Apolipoprotein E4 (APOE4) allele have longer lifetime exposure to estrogen due to an increased reproductive period.,6309659,support,supported,0.575124,"Risk of dementia associated with a longer reproductive period was most pronounced in APOE epsilon4 carriers (adjusted RR for >39 reproductive years compared with <34 reproductive years, 4.20 [95% CI, 1.97-8.92] for dementia and 3.42 [95% CI, 1.51-7.75] for AD), whereas in noncarriers, no clear association with dementia or AD was observed. CONCLUSION Our findings do not support the hypothesis that a longer reproductive period reduces risk of dementia in women who have natural menopause."
train,416,Female carriers of the Apolipoprotein E4 (APOE4) allele have longer lifetime exposure to estrogen due to an increased reproductive period.,4709641,wrong_paper,unsupported,0.53447,"Using human neurons derived from induced pluripotent stem cells that expressed apolipoprotein E4 (ApoE4), a variant of the APOE gene product and the major genetic risk factor for AD, we demonstrated that ApoE4-expressing neurons had higher levels of tau phosphorylation, unrelated to their increased production of amyloid-β (Aβ) peptides, and that they displayed GABAergic neuron degeneration. ApoE4 increased Aβ production in human, but not in mouse, neurons."
train,417,Female carriers of the Apolipoprotein E4 (APOE4) allele have shorter lifetime exposure to estrogen due to a decreased reproductive period.,6309659,contradict,unsupported,0.577486,"Risk of dementia associated with a longer reproductive period was most pronounced in APOE epsilon4 carriers (adjusted RR for >39 reproductive years compared with <34 reproductive years, 4.20 [95% CI, 1.97-8.92] for dementia and 3.42 [95% CI, 1.51-7.75] for AD), whereas in noncarriers, no clear association with dementia or AD was observed. CONCLUSION Our findings do not support the hypothesis that a longer reproductive period reduces risk of dementia in women who have natural menopause."
train,418,Fibroblast Growth Factor is a ligand which signals through receptor tyrosine kinases.,16660256,cited_no_evidence,unsupported,0.412645,"We demonstrate that Sprouty1 (Spry1), a receptor tyrosine kinase signaling inhibitor, is expressed in quiescent Pax7(+) satellite cells in uninjured muscle, downregulated in proliferating myogenic cells after injury, and reinduced as Pax7(+) cells re-enter quiescence. We show that Spry1 is required for the return to quiescence and homeostasis of the satellite cell pool during repair."
train,420,Fibroblast growth factor 21 protects against atherosclerosis by modulating adiponectin and SREBP2 levels.,9315213,support,supported,0.87433,Fibroblast Growth Factor 21 Prevents Atherosclerosis by Suppression of Hepatic Sterol Regulatory Element-Binding Protein-2 and Induction of Adiponectin in Mice
train,420,Fibroblast growth factor 21 protects against atherosclerosis by modulating adiponectin and SREBP2 levels.,970012,wrong_paper,unsupported,0.547752,"Deletion of uncoupling protein 1 (UCP1), a key mitochondrial protein involved in thermogenesis in brown adipose tissue (BAT), in the ApoE(-/-) strain completely protected mice from the cold-induced atherosclerotic lesions. Cold acclimation markedly reduced plasma levels of adiponectin, and systemic delivery of adiponectin protected ApoE(-/-) mice from plaque development."
train,422,Flexible molecules experience less steric hindrance in the tumor microenviroment than rigid molecules.,11172205,cited_no_evidence,unsupported,0.460872,A solid tumor is an organ composed of cancer and host cells embedded in an extracellular matrix and nourished by blood vessels. A prerequisite to understanding tumor pathophysiology is the ability to distinguish and monitor each component in dynamic studies.
train,423,Folate and vitamin B12 levels influence the association between homocysteine and preeclampsia.,8595678,cited_no_evidence,unsupported,0.650504,"Although the predicted effect of homocysteine reduction from large genetic studies in low folate regions (Asia) was larger (RR 0·78, 95% CI 0·68 to 0·90), no trial has evaluated the effect of lowering of homocysteine on stroke risk exclusively in a low folate region. INTERPRETATION In regions with increasing levels or established policies of population folate supplementation, evidence from genetic studies and randomised trials is concordant in suggesting an absence of benefit from lowering of homocysteine for prevention of stroke."
train,425,"For every 1,000 children with cerebral palsy, more than 300 of them are premature or underweight at birth.",33257464,cited_no_evidence,unsupported,0.791645,Changes in the prevalence of cerebral palsy for children born very prematurely within a population-based program over 30 years.
train,426,Forkhead 0 (fox0) transcription factors are involved in apoptosis.,16728949,support,supported,0.636129,"The forkhead O (FoxO) family of transcription factors participates in diverse physiologic processes, including induction of cell-cycle arrest, stress resistance, differentiation, apoptosis, and metabolism. Several recent studies indicate that FoxO-dependent signaling is required for long-term regenerative potential of the hematopoietic stem cell (HSC) compartment through regulation of HSC response to physiologic oxidative stress, quiescence, and survival."
train,426,Forkhead 0 (fox0) transcription factors are involved in apoptosis.,28937856,wrong_paper,unsupported,0.502477,"SIRT1 had a dual effect on FOXO3 function: SIRT1 increased FOXO3's ability to induce cell cycle arrest and resistance to oxidative stress but inhibited FOXO3's ability to induce cell death. Thus, one way in which members of the Sir2 family of proteins may increase organismal longevity is by tipping FOXO-dependent responses away from apoptosis and toward stress resistance."
train,428,Forkhead 0 (fox0) transcription factors are involved in cellular differentiation.,16728949,support,supported,0.622957,"The forkhead O (FoxO) family of transcription factors participates in diverse physiologic processes, including induction of cell-cycle arrest, stress resistance, differentiation, apoptosis, and metabolism. Several recent studies indicate that FoxO-dependent signaling is required for long-term regenerative potential of the hematopoietic stem cell (HSC) compartment through regulation of HSC response to physiologic oxidative stress, quiescence, and survival."
train,428,Forkhead 0 (fox0) transcription factors are involved in cellular differentiation.,83707680,wrong_paper,unsupported,0.60938,"Here we show that the gene FOXP2, which encodes a putative transcription factor containing a polyglutamine tract and a forkhead DNA-binding domain, is directly disrupted by the translocation breakpoint in CS. In addition, we identify a point mutation in affected members of the KE family that alters an invariant amino-acid residue in the forkhead domain."
train,429,Formation of N-terminal pyroglutamate by glutamine cyclase (GC) competes with NTAQ1 for Nt-Gln substrates.,36540079,cited_no_evidence,unsupported,0.620984,"Glutamine-specific N-terminal amidase, a component of the N-end rule pathway."
train,430,FoxO3a activation in neuronal death is inhibited by reactive oxygen species (ROS).,28937856,contradict,unsupported,0.639618,"SIRT1 and the FOXO transcription factor FOXO3 formed a complex in cells in response to oxidative stress, and SIRT1 deacetylated FOXO3 in vitro and within cells. SIRT1 had a dual effect on FOXO3 function: SIRT1 increased FOXO3's ability to induce cell cycle arrest and resistance to oxidative stress but inhibited FOXO3's ability to induce cell death."
train,432,Foxk2 regulates autophagy genes in muscle cells and fibroblast cells.,8002887,support,supported,0.913231,"Nevertheless, a thorough understanding of the mechanisms by which sequence-specific transcription factors modulate expression of genes required for autophagy is lacking. Here, we identify Foxk proteins (Foxk1 and Foxk2) as transcriptional repressors of autophagy in muscle cells and fibroblasts."
train,432,Foxk2 regulates autophagy genes in muscle cells and fibroblast cells.,31882215,wrong_paper,unsupported,0.5879,"We describe robust induction of autophagy during the reprogramming of mouse fibroblasts to induced pluripotent stem cells by four reprogramming factors (Sox2, Oct4, Klf4 and c-Myc), henceforth 4F. This process occurs independently of p53 activation, and is mediated by the synergistic downregulation of mechanistic target of rapamycin complex 1 (mTORC1) and the induction of autophagy-related genes."
train,434,Foxp3 enables the expression of transcriptional regulators implicated in memory T cell development.,9500590,cited_no_evidence,unsupported,0.654583,"Regulatory T (Treg) cells, whose differentiation and function are controlled by X chromosome-encoded transcription factor Foxp3, are generated in the thymus (tTreg) and extrathymically (peripheral, pTreg), and their deficiency results in fatal autoimmunity. Here, we demonstrate that a Foxp3 enhancer, conserved noncoding sequence 1 (CNS1), essential for pTreg but dispensable for tTreg cell generation, is present only in placental mammals."
train,435,Foxp3 represses the expression of transcriptional regulators implicated in memory T cell development.,9500590,cited_no_evidence,unsupported,0.666438,"Regulatory T (Treg) cells, whose differentiation and function are controlled by X chromosome-encoded transcription factor Foxp3, are generated in the thymus (tTreg) and extrathymically (peripheral, pTreg), and their deficiency results in fatal autoimmunity. Here, we demonstrate that a Foxp3 enhancer, conserved noncoding sequence 1 (CNS1), essential for pTreg but dispensable for tTreg cell generation, is present only in placental mammals."
train,441,G-CSF increases the expansion and infiltration of MDSCs into tumors.,2014909,support,supported,0.729897,"Inhibiting this pathway or its activators (for example, FGFR) impairs tumour progression, which is partially rescued by restoring MDSCs or G-CSF. Tumour-initiating cells (TICs) exhibit elevated G-CSF."
train,441,G-CSF increases the expansion and infiltration of MDSCs into tumors.,25726838,wrong_paper,unsupported,0.427298,IL-17-mediated regulation of MDSCs is a primary mechanism for its tumor-promoting effects. The study provides novel insights into the role of IL-17 in tumor development and has major implications for targeting IL-17 in treatment of tumors.
train,444,GATA3 regulates cell cycle progression in bone marrow hematopoietic stem cells.,10165258,support,supported,0.923467,GATA-3 regulates hematopoietic stem cell maintenance and cell-cycle entry.
train,444,GATA3 regulates cell cycle progression in bone marrow hematopoietic stem cells.,10526279,wrong_paper,unsupported,0.428937,"Consistent with the increased stem cell proliferation, competitive repopulation assays demonstrated that chronic OXM therapy eventually resulted in stem cell exhaustion. These results expand our knowledge of the regulation of hematopoietic stem cell proliferation and have direct clinical implications for the treatment of bone marrow failure."
train,445,GATA3 regulates self-renewal capacity in bone marrow hematopoietic stem cells.,10165258,support,supported,0.894738,GATA-3 regulates hematopoietic stem cell maintenance and cell-cycle entry.
train,445,GATA3 regulates self-renewal capacity in bone marrow hematopoietic stem cells.,10015292,wrong_paper,unsupported,0.555461,"Highly regenerative tissues such as blood must possess effective DNA damage responses (DDR) that balance long-term regeneration with protection from leukemogenesis. Hematopoietic stem cells (HSCs) sustain life-long blood production, yet their response to DNA damage remains largely unexplored."
train,447,Gastric infection with Helicobacter pylori decreases risk of gastric cancer in humans.,2052720,contradict,unsupported,0.950638,Association between infection with Helicobacter pylori and risk of gastric cancer: evidence from a prospective investigation.
train,448,Gastric infection with Helicobacter pylori increases risk of gastric cancer in humans.,2052720,support,supported,0.952462,Association between infection with Helicobacter pylori and risk of gastric cancer: evidence from a prospective investigation.
train,448,Gastric infection with Helicobacter pylori increases risk of gastric cancer in humans.,22703082,wrong_paper,unsupported,0.757905,H. pylori–mediated upregulation of AID resulted in the accumulation of nucleotide alterations in the TP53 tumor suppressor gene in gastric cells in vitro. Our findings provide evidence that aberrant AID expression caused by H. pylori infection might be a mechanism of mutation accumulation in the gastric mucosa during H. pylori–associated gastric carcinogenesis.
train,449,Gastric lavage is an effective treatment for acute paraquat poisoning.,12209494,cited_no_evidence,unsupported,0.381458,"BACKGROUND The case-fatality for intentional self-poisoning in the rural developing world is 10-50-fold higher than that in industrialised countries, mostly because of the use of highly toxic pesticides and plants. We therefore aimed to assess whether routine treatment with multiple-dose activated charcoal, to interrupt enterovascular or enterohepatic circulations, offers benefit compared with no charcoal in such an environment."
train,449,Gastric lavage is an effective treatment for acute paraquat poisoning.,3430789,cited_no_evidence,unsupported,0.668423,The present study retrospectively analyzed 19 patients diagnosed with paraquat (PQ) poisoning with the aim to investigate the effect of activated charcoal hemoperfusion on renal function and PQ elimination. The results indicated that 7 patients died and 12 survived.
train,453,General exercise therapy is more effective than rotator cuff exercises in reducing pain and improving function of the shoulder.,4200695,contradict,unsupported,0.697614,"A significantly lower proportion of patients in the specific exercise group subsequently chose to undergo surgery: 20% (10/51) v 63% (29/46); odds ratio 7.7, 3.1 to 19.4; P<0.001). CONCLUSION A specific exercise strategy, focusing on strengthening eccentric exercises for the rotator cuff and concentric/eccentric exercises for the scapula stabilisers, is effective in reducing pain and improving shoulder function in patients with persistent subacromial impingement syndrome."
train,454,General exercise therapy is more effective than scapular stabilizer exercises in reducing pain and improving function of the shoulder.,4200695,contradict,unsupported,0.732531,INTERVENTIONS The specific exercise strategy consisted of strengthening eccentric exercises for the rotator cuff and concentric/eccentric exercises for the scapula stabilisers in combination with manual mobilisation. The control exercise programme consisted of unspecific movement exercises for the neck and shoulder.
train,455,Genes involved in pre-mRNA splicing have a significant impact on genome stability.,12643937,support,supported,0.487018,"We identified hundreds of genes whose downregulation led to elevated levels of H2AX phosphorylation (gammaH2AX) and revealed links to cellular complexes and to genes with unclassified functions. We demonstrate a widespread role for mRNA-processing factors in preventing DNA damage, which in some cases is caused by aberrant RNA-DNA structures."
train,455,Genes involved in pre-mRNA splicing have a significant impact on genome stability.,4162857,wrong_paper,unsupported,0.780047,Linking Splicing to Pol II Transcription Stabilizes Pre-mRNAs and Influences Splicing Patterns
train,456,Genes regulated by Esrrb transcription factor are sensitive to Mbd3 function.,30507607,cited_no_evidence,unsupported,0.576972,"We find that Esrrb associated with the basal transcription machinery and also detect interactions between transcription factors and components of the TGF-beta, Notch, and Wnt signaling pathways. Acute depletion of Oct4 reduced binding of Tcfcp2l1, Dax1, and Esrrb to several target genes."
train,458,Genetic deficiency of mast cells leads to decreased weight gain in a mouse model of diet-induced obesity.,597790,support,supported,0.848709,Deficiency and pharmacological stabilization of mast cells reduce diet-induced obesity and diabetes in mice
train,458,Genetic deficiency of mast cells leads to decreased weight gain in a mouse model of diet-induced obesity.,52865789,wrong_paper,unsupported,0.604244,RESULTS Our results show that IL-15 deficiency prevents diet-induced weight gain and accumulation of lipids in visceral and subcutaneous white and brown adipose tissues. Gene expression analysis also revealed elevated expression of genes associated with adaptive thermogenesis in the brown and subcutaneous adipose tissues of IL-15 KO mice.
train,461,Genetic deletion of JAM-A increases gut permeability.,40096222,support,supported,0.544355,"Additionally, loss of JAM-A resulted in elevated mucosal and serum IgA that was dependent upon CD4(+) T cells and TGF-β. Absence of IgA in F11r(+/+)Igha(-/-) mice did not affect disease, whereas F11r(-/-)Igha(-/-) mice displayed markedly increased susceptibility to acute injury-induced colitis."
train,461,Genetic deletion of JAM-A increases gut permeability.,15578265,wrong_paper,unsupported,0.538765,"These studies suggest a testable model whereby a diet high in fat and gluten and low in resistant starch may be the primary driver of gut dysbiosis. This dysbiosis may cause a lack of butyrate production by gut bacteria, which, in turn, leads to the development of a permeable gut followed by autoimmunity."
train,463,Genomic aberrations of metastases provide information for targeted therapy.,19736671,support,supported,0.610971,"Human tumors show a high level of genetic heterogeneity, but the processes that influence the timing and route of metastatic dissemination of the subclones are unknown. Here we have used whole-exome sequencing of 103 matched benign, malignant and metastatic skin tumors from genetically heterogeneous mice to demonstrate that most metastases disseminate synchronously from the primary tumor, supporting parallel rather than linear evolution as the predominant model of metastasis."
train,463,Genomic aberrations of metastases provide information for targeted therapy.,1389264,wrong_paper,unsupported,0.437295,Combination inhibition of PI3K and mTORC1 yields durable remissions in orthotopic patient-derived xenografts of HER2-positive breast cancer brain metastases
train,466,Genomic sequences involved in alternative splicing responsible for Hutchinson-Gilford progeria syndrome (HGPS) are abundant in the ''progerinonly'' allele of Lmna knock-in models.,22544171,contradict,unsupported,0.740153,"Hutchinson-Gilford progeria syndrome (HGPS) is a childhood premature aging disease caused by a spontaneous point mutation in lamin A (encoded by LMNA), one of the major architectural elements of the mammalian cell nucleus. The HGPS mutation activates an aberrant cryptic splice site in LMNA pre-mRNA, leading to synthesis of a truncated lamin A protein and concomitant reduction in wild-type lamin A."
train,469,Glial calcium waves influence seizures.,1410197,support,supported,0.64459,"We found that a Ca2+ elevation in astrocytes correlates with both the initial development and the maintenance of a focal, seizure-like discharge. A delayed astrocyte activation during ictal discharges was also observed in other models (including the whole in vitro isolated guinea pig brain) in which the site of generation of seizure activity cannot be precisely monitored."
train,469,Glial calcium waves influence seizures.,15889329,wrong_paper,unsupported,0.606479,"Brain glial cells, five times more prevalent than neurons, have recently received attention for their potential involvement in epileptic seizures. Microglia and astrocytes, associated with inflammatory innate immune responses, are responsible for surveillance of brain damage that frequently results in seizures."
train,470,"Glioblastoma multiforme (GBM) is characterized by extensive invasion, rapid growth, necrosis, and angiogenesis.",12685434,support,supported,0.77211,"These include glioblastoma multiforme (GBM), which is characterized by independent but interrelated features of extensive invasion into normal brain parenchyma, rapid growth, necrosis, and angiogenesis. In this study, we show that EGFR activation promoted GBP1 expression in GBM cell lines through a signaling pathway involving Src and p38 mitogen-activated protein kinase."
train,470,"Glioblastoma multiforme (GBM) is characterized by extensive invasion, rapid growth, necrosis, and angiogenesis.",13235609,wrong_paper,unsupported,0.556403,"Inhibition of VEGF signaling leads to a proinvasive phenotype in mouse models of glioblastoma multiforme (GBM) and in a subset of GBM patients treated with bevacizumab. Here, we demonstrate that vascular endothelial growth factor (VEGF) directly and negatively regulates tumor cell invasion through enhanced recruitment of the protein tyrosine phosphatase 1B (PTP1B) to a MET/VEGFR2 heterocomplex, thereby suppressing HGF-dependent MET phosphorylation and tumor cell migration."
train,472,Glucose restriction to 0.05% reduces RLS (replicative life span) by 20-40% in S. cerevisiae.,7185591,cited_no_evidence,unsupported,0.61889,"We find that combining calorie restriction with either of these genetic interventions dramatically enhances longevity, resulting in the longest-lived yeast strain reported thus far. Further, calorie restriction results in a greater life span extension in cells lacking both Sir2 and Fob1 than in cells where Sir2 is present."
train,472,Glucose restriction to 0.05% reduces RLS (replicative life span) by 20-40% in S. cerevisiae.,26330861,cited_no_evidence,unsupported,0.633189,Requirement of NAD and SIR2 for life-span extension by calorie restriction in Saccharomyces cerevisiae.
train,472,Glucose restriction to 0.05% reduces RLS (replicative life span) by 20-40% in S. cerevisiae.,4414481,cited_no_evidence,unsupported,0.657092,Calorie restriction (CR) extends lifespan in a wide spectrum of organisms and is the only regimen known to lengthen the lifespan of mammals. We established a model of CR in budding yeast Saccharomyces cerevisiae.
train,473,Glycan adaptation involves insertion-deletion events.,4373433,cited_no_evidence,unsupported,0.317426,"Many of the new monoclonal antibodies are almost tenfold more potent than the recently described PG9, PG16 and VRC01 broadly neutralizing monoclonal antibodies and 100-fold more potent than the original prototype HIV broadly neutralizing monoclonal antibodies. The monoclonal antibodies largely recapitulate the neutralization breadth found in the corresponding donor serum and many recognize novel epitopes on envelope (Env) glycoprotein gp120, illuminating new targets for vaccine design."
train,474,Glycan adaptation is rarely observed in the B-cell repertoire.,4373433,cited_no_evidence,unsupported,0.37205,"The monoclonal antibodies largely recapitulate the neutralization breadth found in the corresponding donor serum and many recognize novel epitopes on envelope (Env) glycoprotein gp120, illuminating new targets for vaccine design. Analysis of neutralization by the full complement of anti-HIV broadly neutralizing monoclonal antibodies now available reveals that certain combinations of antibodies should offer markedly more favourable coverage of the enormous diversity of global circulating viruses than others and these combinations might be sought in active or passive immunization regimes."
train,479,Gpr124 increases BBB breakdown in mouse models of ischemic stroke.,6325527,contradict,unsupported,0.668242,We thus identify Gpr124 as an endothelial GPCR specifically required for endothelial Wnt signaling and BBB integrity under pathological conditions in adult mice. This finding implicates Gpr124 as a potential therapeutic target for human CNS disorders characterized by BBB disruption.
train,480,Gpr124 suppresses BBB breakdown in mouse models of ischemic stroke.,6325527,support,supported,0.665209,We thus identify Gpr124 as an endothelial GPCR specifically required for endothelial Wnt signaling and BBB integrity under pathological conditions in adult mice. This finding implicates Gpr124 as a potential therapeutic target for human CNS disorders characterized by BBB disruption.
train,480,Gpr124 suppresses BBB breakdown in mouse models of ischemic stroke.,3761017,wrong_paper,unsupported,0.490477,"However, the effect of metformin in ischemic stroke is unclear. Here, we investigated the effect of metformin on ischemic stroke in mice and further explored the possible underlying mechanisms."
train,481,Guanine nucleotide dissociation inhibitor (Rho-GDI) interacts with the p75 NTR death domain,14706752,cited_no_evidence,unsupported,0.49321,"Importantly, proteolytic processing of p75(NTR) was observed in p75(NTR)-positive patient tumor specimens and brain tumor initiating cells. This work highlights the importance of p75(NTR) as a therapeutic target, suggesting that gamma-secretase inhibitors may have direct clinical application for the treatment of malignant glioma."
train,482,Guanine nucleotide exchange factors (GEFs) mediate RhoA activation in response to tensional forces on fibronectin-binding integrins.,10991183,support,supported,0.834615,"By combining biochemical and biophysical approaches, we identified two guanine nucleotide exchange factors (GEFs), LARG and GEF-H1, as key molecules that regulate the cellular adaptation to force. We show that stimulation of integrins with tensional force triggers activation of these two GEFs and their recruitment to adhesion complexes."
train,482,Guanine nucleotide exchange factors (GEFs) mediate RhoA activation in response to tensional forces on fibronectin-binding integrins.,33076846,wrong_paper,unsupported,0.565691,Role of RhoA-specific guanine exchange factors in regulation of endomitosis in megakaryocytes.
train,483,H.pylori-mediated gastric cancer occurs due to the accumulation of mutations in host epithelial cells.,22703082,support,supported,0.875211,H. pylori–mediated upregulation of AID resulted in the accumulation of nucleotide alterations in the TP53 tumor suppressor gene in gastric cells in vitro. Our findings provide evidence that aberrant AID expression caused by H. pylori infection might be a mechanism of mutation accumulation in the gastric mucosa during H. pylori–associated gastric carcinogenesis.
train,483,H.pylori-mediated gastric cancer occurs due to the accumulation of mutations in host epithelial cells.,24705390,wrong_paper,unsupported,0.853855,BACKGROUND & AIMS Helicobacter pylori is an important etiologic factor in the development of gastric cancer. The aim of this study was to analyze the role of H. pylori infections in the induction of mutagenic events in gastric epithelial cells.
train,484,"H4 G94P proteins induce chromatin assembly, which increases free histones.",14637235,cited_no_evidence,unsupported,0.617851,"We have identified the Tyr 99 residue of histone H3 as being critical for the efficient ubiquitylation and degradation of this histone. We have also identified the ubiquitin conjugating enzymes (E2) Ubc4 and Ubc5, as well as the ubiquitin ligase (E3) Tom1 (temperature dependent organization in mitotic nucleus 1), as enzymes involved in the ubiquitylation of excess histones."
train,485,H4 G94P proteins induce degradation of free histones via Rad53-dependent mechanisms.,14637235,cited_no_evidence,unsupported,0.736031,"Here we demonstrate that excess histones associate with Rad53 in vivo and seem to undergo modifications such as tyrosine phosphorylation and polyubiquitylation, before their proteolysis by the proteasome. We have identified the Tyr 99 residue of histone H3 as being critical for the efficient ubiquitylation and degradation of this histone."
train,486,"H4 G94P proteins inhibit chromatin assembly, which decreases free histones.",14637235,cited_no_evidence,unsupported,0.613536,"We have also identified the ubiquitin conjugating enzymes (E2) Ubc4 and Ubc5, as well as the ubiquitin ligase (E3) Tom1 (temperature dependent organization in mitotic nucleus 1), as enzymes involved in the ubiquitylation of excess histones. Regulated histone proteolysis has major implications for the maintenance of epigenetic marks on chromatin, genomic stability and the packaging of sperm DNA."
train,487,H4 G94P proteins suppress degradation of free histones via Rad53-dependent mechanisms.,14637235,cited_no_evidence,unsupported,0.733867,"Here we demonstrate that excess histones associate with Rad53 in vivo and seem to undergo modifications such as tyrosine phosphorylation and polyubiquitylation, before their proteolysis by the proteasome. We have identified the Tyr 99 residue of histone H3 as being critical for the efficient ubiquitylation and degradation of this histone."
train,488,HAND2 methylation is a key step in early endometrial carcinogenesis.,1780819,support,supported,0.895486,"CONCLUSIONS HAND2 methylation is a common and crucial molecular alteration in endometrial cancer that could potentially be employed as a biomarker for early detection of endometrial cancer and as a predictor of treatment response. The true clinical utility of HAND2 DNA methylation, however, requires further validation in prospective studies."
train,488,HAND2 methylation is a key step in early endometrial carcinogenesis.,11359243,wrong_paper,unsupported,0.55122,Altered DNA methylation occurs ubiquitously in human cancer from the earliest measurable stages. A cogent approach to understanding the mechanism and timing of altered DNA methylation is to analyze it in the context of carcinogenesis by a defined agent.
train,489,HIV trans-activator protein (TAT) effectively transports large and small molecules across cellular membranes into larger populations of neurons.,6625693,cited_no_evidence,unsupported,0.595424,"A peptide of CRMP-2 fused to the HIV transactivator of transcription (TAT) protein (TAT-CBD3) decreased neuropeptide release from sensory neurons and excitatory synaptic transmission in dorsal horn neurons, reduced meningeal blood flow, reduced nocifensive behavior induced by formalin injection or corneal capsaicin application and reversed neuropathic hypersensitivity produced by an antiretroviral drug. TAT-CBD3 was mildly anxiolytic without affecting memory retrieval, sensorimotor function or depression."
train,490,HNF4A mutations are associated with macrosomia in infancy.,56893404,cited_no_evidence,unsupported,0.752333,Macrosomia and Hyperinsulinaemic Hypoglycaemia in Patients with Heterozygous Mutations in the HNF4A Gene
train,492,HOXB4 facilitates HSC expansion when co-cultured with HSCs.,19583924,cited_no_evidence,unsupported,0.49499,We observed a 24- or 30-fold net expansion of long-term HSCs by reconstitution analysis when we cultured highly enriched HSCs for 10 days in the presence of Angptl2 or Angptl3 together with saturating levels of other growth factors. The coiled-coil domain of Angptl2 was capable of stimulating expansion of HSCs.
train,493,HOXB4 is a highly expressed component of cellular secretome from fetal liver cell populations.,19583924,cited_no_evidence,unsupported,0.421129,"Here we show, using microarray studies, that the HSC-supportive mouse fetal liver CD3+ cells specifically express the proteins angiopoietin-like 2 (Angptl2) and angiopoietin-like 3 (Angptl3). We observed a 24- or 30-fold net expansion of long-term HSCs by reconstitution analysis when we cultured highly enriched HSCs for 10 days in the presence of Angptl2 or Angptl3 together with saturating levels of other growth factors."
train,494,HSCT-T dosage may not be diagnostic if the onset of symptoms occurs less than 3 hours before AMI.,34873974,cited_no_evidence,unsupported,0.384727,"However, this method should be part of a comprehensive triage strategy and may not be appropriate for patients who present less than three hours after symptom onset. Care must also be exercised because of the higher imprecision of the evaluated assay and the greater effect of lot-to-lot reagent variation at low troponin concentrations."
train,495,Having a main partner improves HIV outcomes.,17077004,support,supported,0.718969,OBJECTIVES To explore the association between a stable partnership and clinical outcome in HIV infected patients receiving highly active antiretroviral therapy (HAART). DESIGN Prospective cohort study of adults with HIV (Swiss HIV cohort study).
train,495,Having a main partner improves HIV outcomes.,22227889,wrong_paper,unsupported,0.660674,Caregiver burden in HIV-positive and HIV-negative partners of men with AIDS.
train,498,Having a main partner worsens HIV outcomes.,17077004,contradict,unsupported,0.671436,Stable partnership and progression to AIDS or death in HIV infected patients receiving highly active antiretroviral therapy: Swiss HIV cohort study.
train,499,HbA1c consistently overestimates glycemic control in black individuals with Sickle cell trait (SCT).,26064662,contradict,unsupported,0.791602,"Importance Hemoglobin A1c (HbA1c) reflects past glucose concentrations, but this relationship may differ between those with sickle cell trait (SCT) and those without it. Objective To evaluate the association between SCT and HbA1c for given levels of fasting or 2-hour glucose levels among African Americans."
train,500,Headaches are correlated with cognitive impairment.,17930286,contradict,unsupported,0.787483,"Evidence was lacking for cognitive impairment for any headache type with or without brain lesions. CONCLUSIONS In this population based study, any history of severe headache was associated with an increased volume of white matter hyperintensities."
train,504,Healthy volunteers exhibit rapid and transient increase of cellular ATP after being bolus-injected with fructose.,10883736,contradict,unsupported,0.682952,"DESIGN Laboratory analysis of liver ATP stores monitored by nuclear magnetic resonance spectroscopy before and after transient hepatic ATP depletion was induced by fructose injection. The study was conducted between July 15 and August 30, 1998."
train,505,Helicobacter pylori-induced aberrant NF-kB-dependent expression of activation-induced cytidine deaminase contributes to the mutagenesis of host DNA.,22703082,support,supported,0.739821,"Infection with Helicobacter pylori (H. pylori) is a risk factor for the development of gastric cancer. Here we show that infection of gastric epithelial cells with 'cag' pathogenicity island (cagPAI)-positive H. pylori induced aberrant expression of activation-induced cytidine deaminase (AID), a member of the cytidine-deaminase family that acts as a DNA- and RNA-editing enzyme, via the IκB kinase–dependent nuclear factor-κB activation pathway."
train,505,Helicobacter pylori-induced aberrant NF-kB-dependent expression of activation-induced cytidine deaminase contributes to the mutagenesis of host DNA.,2638387,wrong_paper,unsupported,0.470501,The cytidine deaminase CEM15 induces hypermutation in newly synthesized HIV-1 DNA
train,506,Helminths interfere with immune system control of coinfections by microbial pathogens 16.,7433668,support,supported,0.550743,Preexisting helminth infection induces inhibition of innate pulmonary anti-tuberculosis defense by engaging the IL-4 receptor pathway
train,506,Helminths interfere with immune system control of coinfections by microbial pathogens 16.,45401535,wrong_paper,unsupported,0.479965,"Furthermore, addition of exogenous PGE2 into the peritoneal cavity during infection overrode the protection provided by indomethacin and restored the increased mortality and microbial burden. Importantly, these studies highlight the ability of fungal-bacterial coinfection to modulate innate inflammatory events with devastating consequences to the host."
train,509,Hematopoietic Stem Cell purification reaches purity rates above 90%.,13980338,cited_no_evidence,unsupported,0.575035,Heterogeneity within the self-renewal durability of adult hematopoietic stem cells (HSCs) challenges our understanding of the molecular framework underlying HSC function. Gene expression studies have been hampered by the presence of multiple HSC subtypes and contaminating non-HSCs in bulk HSC populations.
train,515,High levels of CRP lead to a higher risk of exacerbations in chronic obstructive pulmonary disease (COPD).,29564505,support,supported,0.756982,"CONCLUSIONS AND RELEVANCE Simultaneously elevated levels of CRP and fibrinogen and leukocyte count in individuals with COPD were associated with increased risk of having exacerbations, even in those with milder COPD and in those without previous exacerbations. Further investigation is needed to determine the clinical value of these biomarkers for risk stratification."
train,515,High levels of CRP lead to a higher risk of exacerbations in chronic obstructive pulmonary disease (COPD).,20109325,wrong_paper,unsupported,0.634165,"Chronic obstructive pulmonary disease (COPD) is a global health problem, and since 2001, the Global Initiative for Chronic Obstructive Lung Disease (GOLD) has published its strategy document for the diagnosis and management of COPD. This executive summary presents the main contents of the second 5-year revision of the GOLD document that has implemented some of the vast knowledge about COPD accumulated over the last years."
train,523,"Higher plasma levels of I-carnitine, when associated with trimethylamine N-oxide, are negatively correlated with cardiovascular events in humans.",14803797,contradict,unsupported,0.615271,"Plasma L-carnitine levels in subjects undergoing cardiac evaluation (n = 2,595) predicted increased risks for both prevalent cardiovascular disease (CVD) and incident major adverse cardiac events (myocardial infarction, stroke or death), but only among subjects with concurrently high TMAO levels. Chronic dietary L-carnitine supplementation in mice altered cecal microbial composition, markedly enhanced synthesis of TMA and TMAO, and increased atherosclerosis, but this did not occur if intestinal microbiota was concurrently suppressed."
train,524,"Higher plasma levels of I-carnitine, when associated with trimethylamine N-oxide, are positively correlated with cardiovascular events in humans.",14803797,support,supported,0.610792,"Plasma L-carnitine levels in subjects undergoing cardiac evaluation (n = 2,595) predicted increased risks for both prevalent cardiovascular disease (CVD) and incident major adverse cardiac events (myocardial infarction, stroke or death), but only among subjects with concurrently high TMAO levels. Chronic dietary L-carnitine supplementation in mice altered cecal microbial composition, markedly enhanced synthesis of TMA and TMAO, and increased atherosclerosis, but this did not occur if intestinal microbiota was concurrently suppressed."
train,524,"Higher plasma levels of I-carnitine, when associated with trimethylamine N-oxide, are positively correlated with cardiovascular events in humans.",6793674,wrong_paper,unsupported,0.642798,Circulating trimethylamine N‐oxide and the risk of cardiovascular diseases: a systematic review and meta‐analysis of 11 prospective cohort studies
train,526,Homozygous deletion of murine Sbds gene from osterix-expressing mesenchymal stem and progenitor cells (MPCs) induces oxidative stress.,3863543,cited_no_evidence,unsupported,0.514426,Mesenchymal Inflammation Drives Genotoxic Stress in Hematopoietic Stem Cells and Predicts Disease Evolution in Human Pre-leukemia.
train,529,Human embryonic stem cells give rise to cell types from all three embryonic germ layers.,10546779,support,supported,0.664155,"In this study, we report the derivation of a pluripotent embryonic stem (ES) cell line (SCNT-hES-1) from a cloned human blastocyst. The SCNT-hES-1 cells displayed typical ES cell morphology and cell surface markers and were capable of differentiating into embryoid bodies in vitro and of forming teratomas in vivo containing cell derivatives from all three embryonic germ layers in severe combined immunodeficient mice."
train,529,Human embryonic stem cells give rise to cell types from all three embryonic germ layers.,25413327,support,supported,0.74949,"Embryonic stem (ES) cell lines derived from human blastocysts have the developmental potential to form derivatives of all three embryonic germ layers even after prolonged culture. Here we describe the clonal derivation of two human ES cell lines, H9.1 and H9.2."
train,529,Human embryonic stem cells give rise to cell types from all three embryonic germ layers.,36651210,support,supported,0.689765,"Embryonic stem cells have the ability to remain undifferentiated and proliferate indefinitely in vitro while maintaining the potential to differentiate into derivatives of all three embryonic germ layers. These cells have, therefore, potential for in vitro differentiation studies, gene function, and so on."
train,529,Human embryonic stem cells give rise to cell types from all three embryonic germ layers.,3360421,wrong_paper,unsupported,0.625003,Embryonic stem cell lines from human blastocysts: somatic differentiation in vitro
train,530,"Human embryonic stem cells give rise to cell types from the outer embryonic germ layer, but not the other two layers.",10546779,contradict,unsupported,0.667548,"In this study, we report the derivation of a pluripotent embryonic stem (ES) cell line (SCNT-hES-1) from a cloned human blastocyst. The SCNT-hES-1 cells displayed typical ES cell morphology and cell surface markers and were capable of differentiating into embryoid bodies in vitro and of forming teratomas in vivo containing cell derivatives from all three embryonic germ layers in severe combined immunodeficient mice."
train,530,"Human embryonic stem cells give rise to cell types from the outer embryonic germ layer, but not the other two layers.",25413327,contradict,unsupported,0.729882,"Embryonic stem (ES) cell lines derived from human blastocysts have the developmental potential to form derivatives of all three embryonic germ layers even after prolonged culture. Here we describe the clonal derivation of two human ES cell lines, H9.1 and H9.2."
train,530,"Human embryonic stem cells give rise to cell types from the outer embryonic germ layer, but not the other two layers.",36651210,contradict,unsupported,0.679232,"Embryonic stem cells have the ability to remain undifferentiated and proliferate indefinitely in vitro while maintaining the potential to differentiate into derivatives of all three embryonic germ layers. These cells have, therefore, potential for in vitro differentiation studies, gene function, and so on."
train,530,"Human embryonic stem cells give rise to cell types from the outer embryonic germ layer, but not the other two layers.",87610599,cited_no_evidence,unsupported,0.654811,Characterization and culture of human embryonic stem cells
train,531,Human embryonic stem cells have the capacity to give rise to differentiated progeny representative of all three embryonic germ layers.,10546779,support,supported,0.660428,"In this study, we report the derivation of a pluripotent embryonic stem (ES) cell line (SCNT-hES-1) from a cloned human blastocyst. The SCNT-hES-1 cells displayed typical ES cell morphology and cell surface markers and were capable of differentiating into embryoid bodies in vitro and of forming teratomas in vivo containing cell derivatives from all three embryonic germ layers in severe combined immunodeficient mice."
train,531,Human embryonic stem cells have the capacity to give rise to differentiated progeny representative of all three embryonic germ layers.,25413327,support,supported,0.77429,"Embryonic stem (ES) cell lines derived from human blastocysts have the developmental potential to form derivatives of all three embryonic germ layers even after prolonged culture. Here we describe the clonal derivation of two human ES cell lines, H9.1 and H9.2."
train,531,Human embryonic stem cells have the capacity to give rise to differentiated progeny representative of all three embryonic germ layers.,36651210,support,supported,0.757558,"Embryonic stem cells have the ability to remain undifferentiated and proliferate indefinitely in vitro while maintaining the potential to differentiate into derivatives of all three embryonic germ layers. These cells have, therefore, potential for in vitro differentiation studies, gene function, and so on."
train,531,Human embryonic stem cells have the capacity to give rise to differentiated progeny representative of all three embryonic germ layers.,3360421,wrong_paper,unsupported,0.631155,Embryonic stem cell lines from human blastocysts: somatic differentiation in vitro
train,537,Hypocretin neurones suppress panicprone state in rats.,16056514,contradict,unsupported,0.695961,"In a rat model of panic disorder, chronic inhibition of GABA synthesis in the dorsomedial-perifornical hypothalamus of rats produces anxiety-like states and a similar vulnerability to sodium lactate-induced cardioexcitatory responses. The dorsomedial-perifornical hypothalamus is enriched in neurons containing orexin (ORX, also known as hypocretin), which have a crucial role in arousal, vigilance and central autonomic mobilization, all of which are key components of panic."
train,541,Hypothalamic glutamate neurotransmission is unrelated to energy balance.,45154987,contradict,unsupported,0.608068,The anti-obesity effect was completely reversed by selective disruption of glutamate release from those same Sim1 neurons. The reversal was caused by lower energy expenditure and hyperphagia.
train,541,Hypothalamic glutamate neurotransmission is unrelated to energy balance.,11886686,contradict,unsupported,0.601454,Synaptic glutamate release by ventromedial hypothalamic neurons is part of the neurocircuitry that prevents hypoglycemia.
train,541,Hypothalamic glutamate neurotransmission is unrelated to energy balance.,25007443,cited_no_evidence,unsupported,0.401468,The strength of the excitatory input from the mVMH to POMC neurons was diminished by fasting. These data identify a new molecularly defined circuit that is dynamically regulated by nutritional state in a manner consistent with the known role of the VMH as a satiety center.
train,542,"IFI16 impedes STING phosphorylation and translocation, resulting in reduced activation of STING.",19688024,contradict,unsupported,0.805444,"IFI16 is also required for the cGAMP-induced activation of STING, and interacts with STING to promote STING phosphorylation and translocation. We propose that the two DNA sensors IFI16 and cGAS cooperate to prevent the spurious activation of the type I interferon response."
train,545,IFIT1 speeds viral replication by allowing for the proliferation of mis-capped viral RNAs.,24221369,cited_no_evidence,unsupported,0.538801,Studies involving yellow-fever-virus-encoded 2'O-methyltransferase and RIG-I(H830A) revealed that viruses exploit this mechanism to escape RIG-I. Our data reveal a new role for cap N1-2'O-methylation in RIG-I tolerance of self-RNA.
train,547,IL-10 production by monocytes inhibits CD4 + T cell response.,10648422,support,supported,0.776683,Programmed death-1–induced interleukin-10 production by monocytes impairs CD4+ T cell activation during HIV infection
train,547,IL-10 production by monocytes inhibits CD4 + T cell response.,8639034,wrong_paper,unsupported,0.758176,"IL-10 gene transcription and IL-10 protein production was assessed in both type 1 (Th1) and type 2 (Th2) CD4+ human T cell clones by polymerase chain reaction and ELISA, respectively. Although Th2 clones apparently showed higher IL-10 mRNA levels, IL-10 mRNA expression was consistently found in Th1 clones, as well."
train,548,IL-6 signaling plays a major role in atherosclerotic cardiovascular disease.,18199839,support,supported,0.82889,BACKGROUND Persistent inflammation has been proposed to contribute to various stages in the pathogenesis of cardiovascular disease. Interleukin-6 receptor (IL6R) signalling propagates downstream inflammation cascades.
train,548,IL-6 signaling plays a major role in atherosclerotic cardiovascular disease.,17421851,wrong_paper,unsupported,0.702649,"BACKGROUND Interleukin (IL)-18 is a potent proinflammatory cytokine with potential atherogenic properties. Its expression and role in atherosclerosis, however, are unknown."
train,550,ITAM phosphorylation allows for the transfer of the T cell receptor (TCR) signal from the echo-domain to the cytoplasmic tail of the T cell receptor (TCR).,33499189,cited_no_evidence,unsupported,0.647701,T cell receptor (TCR-CD3) triggering involves both receptor clustering and conformational changes at the cytoplasmic tails of the CD3 subunits. The mechanism by which TCRalphabeta ligand binding confers conformational changes to CD3 is unknown.
train,553,IgA plasma cells that are specific for transglutaminase 2 are scarce in the duodenal mucosa of celiac disease patients when the disease is active.,1471041,contradict,unsupported,0.83542,High abundance of plasma cells secreting transglutaminase 2–specific IgA autoantibodies with limited somatic hypermutation in celiac disease intestinal lesions
train,555,Immune complex triggered cell death leads to extracellular release of nuclear DNA.,1049501,cited_no_evidence,unsupported,0.543131,"After RNP IC stimulation of neutrophils, mitochondria become hypopolarized and translocate to the cell surface. Extracellular release of oxidized mitochondrial DNA is proinflammatory in vitro, and when this DNA is injected into mice, it stimulates type I interferon (IFN) signaling through a pathway dependent on the DNA sensor STING."
train,557,Immune complex triggered cell death leads to sequestration of oxidized mitochondrial DNA.,1049501,cited_no_evidence,unsupported,0.634011,"Extracellular release of oxidized mitochondrial DNA is proinflammatory in vitro, and when this DNA is injected into mice, it stimulates type I interferon (IFN) signaling through a pathway dependent on the DNA sensor STING. Mitochondrial ROS are also necessary for spontaneous NETosis of low-density granulocytes from individuals with systemic lupus erythematosus."
train,559,Immune responses in immune cells are geographically segregated.,3475317,support,supported,0.370083,"These findings are consistent across a set of six human subjects and in rabbits. Although the balance between systemic pro- and anti-inflammatory signals is crucial to TB disease outcome, here we find that these signals are physically segregated within each granuloma."
train,559,Immune responses in immune cells are geographically segregated.,2506153,wrong_paper,unsupported,0.484327,"Cells of the innate immune system interact with pathogens via conserved pattern-recognition receptors, whereas cells of the adaptive immune system recognize pathogens through diverse, antigen-specific receptors that are generated by somatic DNA rearrangement. Invariant natural killer T (iNKT) cells are a subset of lymphocytes that bridge the innate and adaptive immune systems."
train,562,Improvements in OER catalysts show stable activity over several hundred hours.,20101846,support,supported,0.72192,"The catalyst shows no evidence of degradation after more than 500 hours of operation. X-ray absorption and computational studies reveal a synergistic interplay between tungsten, iron, and cobalt in producing a favorable local coordination environment and electronic structure that enhance the energetics for OER."
train,562,Improvements in OER catalysts show stable activity over several hundred hours.,56391045,wrong_paper,unsupported,0.051368,"These diaspora bonds represent a stable and cheap source of external finance, often when countries lost access to international capital markets. For diaspora investors, these bonds offer the opportunity to help their country of origin while also providing an investment opportunity."
train,563,"In British Men, haplogroup I decreases risk of cardiovascular disease.",2867345,contradict,unsupported,0.760798,"Carriers of haplogroup I had about a 50% higher age-adjusted risk of coronary artery disease than did men with other Y chromosome lineages in BHF-FHS (odds ratio 1·75, 95% CI 1·20-2·54, p=0·004), WOSCOPS (1·45, 1·08-1·95, p=0·012), and joint analysis of both populations (1·56, 1·24-1·97, p=0·0002). The association between haplogroup I and increased risk of coronary artery disease was independent of traditional cardiovascular and socioeconomic risk factors."
train,564,"In British Men, haplogroup I increases risk of cardiovascular disease by 50%.",2867345,support,supported,0.766345,"Carriers of haplogroup I had about a 50% higher age-adjusted risk of coronary artery disease than did men with other Y chromosome lineages in BHF-FHS (odds ratio 1·75, 95% CI 1·20-2·54, p=0·004), WOSCOPS (1·45, 1·08-1·95, p=0·012), and joint analysis of both populations (1·56, 1·24-1·97, p=0·0002). The association between haplogroup I and increased risk of coronary artery disease was independent of traditional cardiovascular and socioeconomic risk factors."
train,564,"In British Men, haplogroup I increases risk of cardiovascular disease by 50%.",29253460,wrong_paper,unsupported,0.489443,"After adjustment for age and extent of disease, women were more likely to have adverse outcomes (death, myocardial infarction, stroke and rehospitalisation) at six months compared to men (odds ratio 1.24, 95% confidence interval 1.14 to 1.34); however, sex differences in mortality were no longer statistically significant. CONCLUSIONS Women with ACS were more likely to have cardiovascular disease risk factors and atypical symptoms such as nausea compared with men, but were more likely to have normal/mild angiographic coronary artery disease."
train,565,"In S. cerevisiae, the absence of RNA surveillance pathways causes sensitivity to high iron conditions.",16120395,support,supported,0.906609,Multiple RNA surveillance pathways limit aberrant expression of iron uptake mRNAs and prevent iron toxicity in S. cerevisiae.
train,565,"In S. cerevisiae, the absence of RNA surveillance pathways causes sensitivity to high iron conditions.",8247597,wrong_paper,unsupported,0.471968,"Here, we report that in Saccharomyces cerevisiae, loss of mtDNA leads to nuclear genome instability, through a process of cell-cycle arrest and selection we define as a cellular crisis. This crisis is not mediated by the absence of respiration, but instead correlates with a reduction in the mitochondrial membrane potential."
train,566,"In S. cerevisiae, the absence of RNA surveillance pathways reduces sensitivity to high iron conditions.",16120395,contradict,unsupported,0.900495,Multiple RNA surveillance pathways limit aberrant expression of iron uptake mRNAs and prevent iron toxicity in S. cerevisiae.
train,568,"In a naive state, blocking Wingless-Int-1 secretion from mouse embryonic stem cells inhibits self-renewal of the mouse embryonic stem cells.",23418635,support,supported,0.504018,"Pluripotent stem cells exist in naive and primed states, epitomized by mouse embryonic stem cells (ESCs) and the developmentally more advanced epiblast stem cells (EpiSCs; ref. ). In the naive state of ESCs, the genome has an unusual open conformation and possesses a minimum of repressive epigenetic marks."
train,568,"In a naive state, blocking Wingless-Int-1 secretion from mouse embryonic stem cells inhibits self-renewal of the mouse embryonic stem cells.",6441369,wrong_paper,unsupported,0.545679,MLL1 Inhibition Reprograms Epiblast Stem Cells to Naive Pluripotency.
train,570,"In breast cancer, the loss of myoepithelial cells promotes the transition of ductal carcinoma in situ to invasive carcinoma.",20333864,support,supported,0.874661,"The transition of ductal carcinoma in situ (DCIS) to invasive carcinoma is a poorly understood key event in breast tumor progression. Here, we analyzed the role of myoepithelial cells and fibroblasts in the progression of in situ carcinomas using a model of human DCIS and primary breast tumors."
train,570,"In breast cancer, the loss of myoepithelial cells promotes the transition of ductal carcinoma in situ to invasive carcinoma.",24249915,wrong_paper,unsupported,0.474105,"Examination of paired primary cancers with their axillary lymph node metastases showed that if ER beta was present in the primary tumour, it persisted in the metastasis. Treatment of ER beta-negative cell lines with DNA methyl transferase inhibitors restored ER beta expression, providing experimental evidence that silencing of ER beta in breast carcinomas could be due to promoter hypermethylation."
train,571,"In breast cancer, the loss of myoepithelial cells slows the transition of ductal carcinoma in situ to invasive carcinoma.",20333864,contradict,unsupported,0.868467,"The transition of ductal carcinoma in situ (DCIS) to invasive carcinoma is a poorly understood key event in breast tumor progression. Here, we analyzed the role of myoepithelial cells and fibroblasts in the progression of in situ carcinomas using a model of human DCIS and primary breast tumors."
train,572,"In chronic viral infections or tumors, peptides that selectively inhibit PTPRS can be utilized to boost insufficient activity of pDCs.",4447055,cited_no_evidence,unsupported,0.577214,Here we find in rats that PTPσ has a critical role in converting growth cones into a dystrophic state by tightly stabilizing them within CSPG-rich substrates. We generated a membrane-permeable peptide mimetic of the PTPσ wedge domain that binds to PTPσ and relieves CSPG-mediated inhibition.
train,573,"In domesticated populations of Saccharomyces cerevisiae, segmental aneuploidy is very common.",10300888,cited_no_evidence,unsupported,0.622891,"Here, we present the genomes and phenomes of 157 industrial Saccharomyces cerevisiae yeasts. Our analyses reveal that today's industrial yeasts can be divided into five sublineages that are genetically and phenotypically separated from wild strains and originate from only a few ancestors through complex patterns of domestication and local divergence."
train,574,"In domesticated populations of Saccharomyces cerevisiae, segmental aneuploidy occurs infrequently.",10300888,cited_no_evidence,unsupported,0.633814,"Here, we present the genomes and phenomes of 157 industrial Saccharomyces cerevisiae yeasts. Our analyses reveal that today's industrial yeasts can be divided into five sublineages that are genetically and phenotypically separated from wild strains and originate from only a few ancestors through complex patterns of domestication and local divergence."
train,576,"In melanoma, anti-CTLA-4 treatment reinvigorates exhausted PD-1+Eomes+CD8 T cells.",4468861,support,supported,0.791783,"Similarly to results from mice, patients on our clinical trial with melanoma showing high PD-L1 did not respond to radiation plus anti-CTLA4, demonstrated persistent T-cell exhaustion, and rapidly progressed. Thus, PD-L1 on melanoma cells allows tumours to escape anti-CTLA4-based therapy, and the combination of radiation, anti-CTLA4 and anti-PD-L1 promotes response and immunity through distinct mechanisms."
train,576,"In melanoma, anti-CTLA-4 treatment reinvigorates exhausted PD-1+Eomes+CD8 T cells.",15128866,wrong_paper,unsupported,0.76731,"Indeed, blockade of PD-1 and CTLA-4 had increased the cytolytic activity of CD4+ T cells but was only effective in MHC class II high but not MHC class II low melanomas. Together, our study showed that CD4+ T cell-mediated cytotoxicity could eliminate primary melanoma cells but the efficacy depended on MHC class II expression."
train,579,"In patients with congenital heart defects, β-blockers significantly improve clinical heart failure outcomes.",34139429,contradict,unsupported,0.721386,"CONTEXT Although beta-blockers improve symptoms and survival in adults with heart failure, little is known about these medications in children and adolescents. OBJECTIVE To prospectively evaluate the effects of carvedilol in children and adolescents with symptomatic systemic ventricular systolic dysfunction."
train,580,"In pediatric tissue, most T cells are naive T cell emigrants from the thymus.",23460562,support,supported,0.759712,"Whereas adult tissues contain a predominance of memory T cells, in pediatric blood and tissues the main subset consists of naive recent thymic emigrants, with effector memory T cells (T(EM)) found only in the lungs and small intestine. Additionally, regulatory T (T(reg)) cells comprise a high proportion (30-40%) of CD4(+) T cells in pediatric tissues but are present at much lower frequencies (1-10%) in adult tissues."
train,580,"In pediatric tissue, most T cells are naive T cell emigrants from the thymus.",1336292,wrong_paper,unsupported,0.646464,"One major role of the thymus is to provide the peripheral immune system with mature T cells, but the mechanisms involving the cellular export are not fully understood. In this study, we examined the ability of a novel immunosuppressive reagent, FTY720, to inhibit T cell export from the thymus."
train,582,"In rhesus macaques, daily subcutaneous injections of emtricitabine are ineffective at protecting against rectally transmitted simian-human immunodeficiency virus.",14260013,cited_no_evidence,unsupported,0.717692,"Three drug treatments were given once daily, each to a different group of six rhesus macaques. Group 1 was treated subcutaneously with a human-equivalent dose of emtricitabine (FTC), group 2 received orally the human-equivalent dosing of both FTC and tenofovir-disoproxil fumarate (TDF), and group 3 received subcutaneously a similar dosing of FTC and a higher dose of tenofovir."
train,584,"In rhesus macaques, daily subcutaneous injections of tenofovir protects against rectally transmitted simian-human immunodeficiency virus.",14260013,support,supported,0.650976,"Group 1 was treated subcutaneously with a human-equivalent dose of emtricitabine (FTC), group 2 received orally the human-equivalent dosing of both FTC and tenofovir-disoproxil fumarate (TDF), and group 3 received subcutaneously a similar dosing of FTC and a higher dose of tenofovir. A fourth group of six rhesus macaques (group 4) received intermittently a PrEP regimen similar to group 3 only 2 h before and 24 h after each weekly virus challenge."
train,584,"In rhesus macaques, daily subcutaneous injections of tenofovir protects against rectally transmitted simian-human immunodeficiency virus.",708425,wrong_paper,unsupported,0.6652,"We tested this hypothesis by intermittently giving prophylactic Truvada to macaque monkeys and then exposing them rectally to simian-human immunodeficiency virus (SHIV) once a week for 14 weeks. A simple regimen with an oral dose of Truvada given 1, 3, or 7 days before exposure followed by a second dose 2 hours after exposure was as protective as daily drug administration, possibly because of the long intracellular persistence of the drugs."
train,585,"In the UK, drowning affects boys and girls equally.",42291761,cited_no_evidence,unsupported,0.74828,Preventing deaths by drowning in children in the United Kingdom: have we made progress in 10 years? Population based incidence study.
train,588,"In transgenic mice harboring green florescent protein under the control of the Sox2 promoter, more than 50 percent of the cells with green florescent colocalize with cell proliferation markers.",16999023,cited_no_evidence,unsupported,0.518348,"To characterize the properties of adult neural stem cells (NSCs), we generated and analyzed Sox2-GFP transgenic mice. Sox2-GFP cells in the subgranular zone (SGZ) express markers specific for progenitors, but they represent two morphologically distinct populations that differ in proliferation levels."
train,590,"In young and middle-aged adults, current or remote uses of ADHD medications increase the risk of serious cardiovascular events.",10984005,contradict,unsupported,0.945037,ADHD medications and risk of serious cardiovascular events in young and middle-aged adults.
train,591,Incidence of 10/66 dementia is higher than the incidence of DSM-IV dementia.,14682243,support,supported,0.926428,"Incidence for 10/66 dementia varied between 18·2 and 30·4 per 1000 person-years, and were 1·4-2·7 times higher than were those for DSM-IV dementia (9·9-15·7 per 1000 person-years). Mortality hazards were 1·56-5·69 times higher in individuals with dementia at baseline than in those who were dementia-free."
train,591,Incidence of 10/66 dementia is higher than the incidence of DSM-IV dementia.,45457778,wrong_paper,unsupported,0.641217,A European perspective on population studies of dementia.
train,592,Incidence of 10/66 dementia is lower than the incidence of DSM-IV dementia.,14682243,contradict,unsupported,0.915944,"Incidence for 10/66 dementia varied between 18·2 and 30·4 per 1000 person-years, and were 1·4-2·7 times higher than were those for DSM-IV dementia (9·9-15·7 per 1000 person-years). Mortality hazards were 1·56-5·69 times higher in individuals with dementia at baseline than in those who were dementia-free."
train,594,Incidence of heart failure increased by 10% in women since 1979.,19675911,contradict,unsupported,0.736719,"However, men and younger persons experienced larger survival gains, contrasting with less or no improvement for women and elderly persons. CONCLUSION In this community-based cohort, the incidence of heart failure has not declined during 2 decades, but survival after onset of heart failure has increased overall, with less improvement among women and elderly persons."
train,595,Incidence of sepsis has fallen substantially from 2009 to 2014.,4824840,contradict,unsupported,0.730935,"Objective To estimate the US national incidence of sepsis and trends using detailed clinical data from the electronic health record (EHR) systems of diverse hospitals. Design, Setting, and Population Retrospective cohort study of adult patients admitted to 409 academic, community, and federal hospitals from 2009-2014."
train,600,Including pharmacists in rounding teams does not alter the incidence of adverse drug events (ADEs).,12258338,contradict,unsupported,0.620865,"However, whether pharmacist participation in the ICU at the time of drug prescribing reduces adverse events has not been studied. OBJECTIVE To measure the effect of pharmacist participation on medical rounds in the ICU on the rate of preventable adverse drug events (ADEs) caused by ordering errors."
train,601,Including pharmacists in rounding teams reduces the incidence of adverse drug events (ADEs).,12258338,support,supported,0.739157,"However, whether pharmacist participation in the ICU at the time of drug prescribing reduces adverse events has not been studied. OBJECTIVE To measure the effect of pharmacist participation on medical rounds in the ICU on the rate of preventable adverse drug events (ADEs) caused by ordering errors."
train,601,Including pharmacists in rounding teams reduces the incidence of adverse drug events (ADEs).,42404093,wrong_paper,unsupported,0.698474,Incidence of adverse drug events and potential adverse drug events. Implications for prevention. ADE Prevention Study Group.
train,602,Increase of p62 in prostate tumor stroma results in defective autophagy.,3701541,cited_no_evidence,unsupported,0.392203,"p62 directly interacts with VDR and RXR promoting their heterodimerization, which is critical for VDR:RXR target gene recruitment. Loss of p62 in HSCs impairs the repression of fibrosis and inflammation by VDR agonists."
train,603,Increased LDL receptors plays a role in the reduction of plasma Lp(a).,6540064,support,supported,0.817036,"The regulation of plasma Lp(a) levels, including the role of LDL receptors in the clearance of Lp(a), is poorly defined, and no mechanistic studies of the Lp(a) lowering by alirocumab in humans have been published to date. METHODS Eighteen (10 F, 8 mol/L) participants completed a placebo-controlled, 2-period study."
train,603,Increased LDL receptors plays a role in the reduction of plasma Lp(a).,33118292,wrong_paper,unsupported,0.65838,"We comment on novel strategies for reducing Lp(a) levels. COMMENT Irrespective of the underlying biological mechanisms explaining the athero-thrombotic potential of this lipoprotein, most work has focused on the identification of suitable therapies for hyperlipoproteinemia(a)."
train,606,Increased conversion of PGE 2 to PPARy ligand 15-ket-PGE 2 causes accumulation of PGE.,712078,cited_no_evidence,unsupported,0.4916,"Here we show that colonic epithelial cells and whole lung tissue from Cftr-deficient mice show a defect in peroxisome proliferator-activated receptor-gamma (PPAR-gamma, encoded by Pparg) function that contributes to a pathological program of gene expression. Lipidomic analysis of colonic epithelial cells suggests that this defect results in part from reduced amounts of the endogenous PPAR-gamma ligand 15-keto-prostaglandin E(2) (15-keto-PGE(2))."
train,607,Increased diastolic blood pressure (DBP) is associated with abdominal aortic aneurysm.,4506414,support,supported,0.629554,"Compared with diastolic blood pressure, raised systolic blood pressure had a greater effect on angina, myocardial infarction, and peripheral arterial disease, whereas raised diastolic blood pressure had a greater effect on abdominal aortic aneurysm than did raised systolic pressure. Pulse pressure associations were inverse for abdominal aortic aneurysm (HR per 10 mm Hg 0·91 [95% CI 0·86-0·98]) and strongest for peripheral arterial disease (1·23 [1·20-1·27])."
train,607,Increased diastolic blood pressure (DBP) is associated with abdominal aortic aneurysm.,30058568,wrong_paper,unsupported,0.395059,Improved prognosis of thoracic aortic aneurysms: a population-based study.
train,609,Increased flux of microbial products provokes immune responses.,40096222,cited_no_evidence,unsupported,0.551978,"To investigate the contribution of adaptive immune compensation in response to increased intestinal epithelial permeability, we examined the susceptibility of F11r(-/-)Rag1(-/-) mice to acute colitis. Although negligible contributions of adaptive immunity in F11r(+/+)Rag1(-/-) mice were observed, F11r(-/-)Rag1(-/-) mice exhibited increased microflora-dependent colitis."
train,610,Increased flux of microbial products suppresses immune responses.,40096222,cited_no_evidence,unsupported,0.553492,"To investigate the contribution of adaptive immune compensation in response to increased intestinal epithelial permeability, we examined the susceptibility of F11r(-/-)Rag1(-/-) mice to acute colitis. Although negligible contributions of adaptive immunity in F11r(+/+)Rag1(-/-) mice were observed, F11r(-/-)Rag1(-/-) mice exhibited increased microflora-dependent colitis."
train,611,Increased lipolysis leads to higher P38 phosphorylation in adipose tissue.,32408470,cited_no_evidence,unsupported,0.5359,"Here we show that nicotine, a major constituent of cigarette smoke, selectively activates AMP-activated protein kinase α2 (AMPKα2) in adipocytes, which in turn phosphorylates MAP kinase phosphatase-1 (MKP1) at serine 334, initiating its proteasome-dependent degradation. The nicotine-dependent reduction of MKP1 induces the aberrant activation of both p38 mitogen-activated protein kinase and c-Jun N-terminal kinase, leading to increased phosphorylation of insulin receptor substrate 1 (IRS1) at serine 307."
train,612,Increased microtubule acetylation exacerbates LRRK2 Roc-COR domain mutation induced locomotor deficits.,9638032,contradict,unsupported,0.932874,Increasing microtubule acetylation rescues axonal transport and locomotor deficits caused by LRRK2 Roc-COR domain mutations
train,614,Increased microtubule acetylation repairs interference of axonal transport caused by LRRK2 Roc-COR domain mutations.,9638032,support,supported,0.939271,Increasing microtubule acetylation rescues axonal transport and locomotor deficits caused by LRRK2 Roc-COR domain mutations
train,614,Increased microtubule acetylation repairs interference of axonal transport caused by LRRK2 Roc-COR domain mutations.,33911859,wrong_paper,unsupported,0.587535,Mutation analysis of a gene in this interval that encodes the largest subunit of the axonal transport protein dynactin showed a single base-pair change resulting in an amino-acid substitution that is predicted to distort the folding of dynactin's microtubule-binding domain. Binding assays show decreased binding of the mutant protein to microtubules.
train,615,Increased microtubule acetylation worsens interference of axonal transport caused by LRRK2 Roc-COR domain mutations.,9638032,contradict,unsupported,0.936488,Increasing microtubule acetylation rescues axonal transport and locomotor deficits caused by LRRK2 Roc-COR domain mutations
train,616,Increased mobility of retrotransposons does not lead to mutation and higher tumorigenesis rates.,18670,cited_no_evidence,unsupported,0.319579,"Of these, 76 genes had hDMRs within 2 kb of their transcriptional start sites of which >80% displayed allele-specific expression (ASE). These data demonstrate that ASM is a recurrent phenomenon and is highly correlated with ASE in human PBMCs."
train,617,Increased mobility of retrotransposons is assosciated with mutation and higher tumorigenesis rates.,18670,cited_no_evidence,unsupported,0.315911,"Of these, 76 genes had hDMRs within 2 kb of their transcriptional start sites of which >80% displayed allele-specific expression (ASE). These data demonstrate that ASM is a recurrent phenomenon and is highly correlated with ASE in human PBMCs."
train,618,Increased purity of cytoplasmic membranes isolated from overexpressors is indicated by stronger spots for OmpF in 2D BN-PAGE gels.,6836086,cited_no_evidence,unsupported,0.564286,"The OM is a highly asymmetric bilayer composed of phospholipids, glycolipids, and proteins. Assembly of this essential organelle occurs outside the cytoplasm in an environment that lacks obvious energy sources such as ATP, and the mechanisms involved are poorly understood."
train,620,Increased vessel density along with a reduction in fibrosis improves the efficacy of chemotherapy treatments.,2565138,cited_no_evidence,unsupported,0.398457,"RESULTS PEGPH20 rapidly and sustainably depleted HA, inducing the re-expansion of PDA blood vessels and increasing the intratumoral delivery of two chemotherapeutic agents, doxorubicin and gemcitabine. Moreover, PEGPH20 triggered fenestrations and interendothelial junctional gaps in PDA tumour endothelia and promoted a tumour-specific increase in macromolecular permeability."
train,621,Individuals with Alzheimers who participate in six months of physical activity improve cognitive function for up to 18 months.,1642727,support,supported,0.810292,Effect of physical activity on cognitive function in older adults at risk for Alzheimer disease: a randomized trial.
train,621,Individuals with Alzheimers who participate in six months of physical activity improve cognitive function for up to 18 months.,17691617,wrong_paper,unsupported,0.744895,"Positive between-group exercise effects were found in participants with non-Alzheimer's dementia according to the FIM at 7 months and BI and BBS at 4 and 7 months. CONCLUSION In older people with mild to moderate dementia living in residential care facilities, a 4-month high-intensity functional exercise program appears to slow decline in ADL independence and improve balance, albeit only in participants with non-Alzheimer's dementia."
train,622,Individuals with low serum vitamin D concentrations have decreased risk of multiple sclerosis.,17000834,cited_no_evidence,unsupported,0.59,"Greater actinic damage was also independently associated with a decreased risk of multiple sclerosis (0.32, 0.11 to 0.88 for grades 4-6 disease). A dose-response relation was observed between multiple sclerosis and decreasing sun exposure when aged 6-15 years and with actinic damage."
train,624,Induced hepatic stem cells possess the potential to differentiate into cholangiocytic cells.,20033112,support,supported,0.652085,Reprogramming fibroblasts into bipotential hepatic stem cells by defined factors.
train,624,Induced hepatic stem cells possess the potential to differentiate into cholangiocytic cells.,21676556,wrong_paper,unsupported,0.396081,Differentiating cells and normal dividing cells do not accumulate MBds and possess high autophagic activity. Stem cells and cancer cells accumulate MBds by evading autophagosome encapsulation and exhibit low autophagic activity.
train,625,Induced hepatic stem cells possess the potential to differentiate into hepatocytic cells.,20033112,support,supported,0.700551,Reprogramming fibroblasts into bipotential hepatic stem cells by defined factors.
train,625,Induced hepatic stem cells possess the potential to differentiate into hepatocytic cells.,3847200,wrong_paper,unsupported,0.709026,"Direct induction of induced hepatocytes (iHeps) from fibroblasts holds potential as a strategy for regenerative medicine but until now has only been shown in culture settings. Here, we describe in vivo iHep formation using transcription factor induction and genetic fate tracing in mouse models of chronic liver disease."
train,626,Induction of urokinase receptor signaling in podocytes causes foot process effacement and proteinuria.,16355392,support,supported,0.828809,Therapies aimed at the cellular level of the disease are currently not available. Here we show that induction of urokinase receptor (uPAR) signaling in podocytes leads to foot process effacement and urinary protein loss via a mechanism that includes lipid-dependent activation of αvβ3 integrin.
train,626,Induction of urokinase receptor signaling in podocytes causes foot process effacement and proteinuria.,22241778,wrong_paper,unsupported,0.583174,They exhibit detectable proteinuria on day 1 and die within a week. The kidneys of podocin-Cre beta1-fl/fl mice exhibit normal glomerular endothelium but show severe GBM defects with multilaminations and splitting including podocyte foot process effacement.
train,631,Inhibiting HDAC6 increases survival of mice with ARID1A mutated tumors.,5468807,support,supported,0.934302,"Inhibition of HDAC6 activity using a clinically applicable small-molecule inhibitor significantly improved the survival of mice bearing ARID1A-mutated tumours. This correlated with the suppression of growth and dissemination of ARID1A-mutated, but not wild-type, tumours."
train,631,Inhibiting HDAC6 increases survival of mice with ARID1A mutated tumors.,9211173,wrong_paper,unsupported,0.457788,"ARID1A encodes BAF250a, a key component of the SWI–SNF chromatin remodeling complex. We sequenced ARID1A in an additional 210 ovarian carcinomas and a second ovarian clear-cell carcinoma cell line and measured BAF250a expression by means of immunohistochemical analysis in an additional 455 ovarian carcinomas."
train,632,Inhibiting focal adhesion formation enables cells to convert mechanical strain into eventual scarring.,5172048,contradict,unsupported,0.694845,"One key component of wound repair that is often overlooked is mechanical force, which regulates cell-matrix interactions through intracellular focal adhesion components, including focal adhesion kinase (FAK). Here we report that FAK is activated after cutaneous injury and that this process is potentiated by mechanical loading."
train,633,Inhibiting focal adhesion formation increases the rate at which cells convert mechanical strain into inflammation and fibrosis.,5172048,contradict,unsupported,0.755591,Focal adhesion kinase links mechanical force to skin fibrosis via inflammatory signaling
train,635,Inhibiting glucose-6-phospate dehydrogenase improves lipogenesis by deactivating LKB1-AMPK signaling.,1686997,contradict,unsupported,0.769255,"6-phosphogluconate dehydrogenase links oxidative PPP, lipogenesis and tumor growth by inhibiting LKB1-AMPK signaling"
train,638,Input from  mental and physical health care professionals is not effective at decreasing homelessness.,25649714,cited_no_evidence,unsupported,0.597107,Mental health problems of homeless children and families: longitudinal study.
train,640,"Inside the body, falciparum parasites reproduce asexually.",6503185,support,supported,0.493941,"Renewed initiatives to eliminate malaria will benefit from an expanded repertoire of antimalarials, including new drugs that kill circulating P. falciparum gametocytes, thereby preventing transmission. Our current understanding of the biology of asexual blood-stage parasites and gametocytes and the ability to culture them in vitro lends optimism that high-throughput screenings of large chemical libraries will produce a new generation of antimalarial drugs."
train,640,"Inside the body, falciparum parasites reproduce asexually.",8373753,wrong_paper,unsupported,0.440943,"Anopheles gambiae s.s. contributed most to the transmission of P. falciparum along the coast as a whole, while An. funestus accounted for more than 50% of all transmission in Kwale District. Large spatial heterogeneity of transmission intensity (< 1 up to 120 infective bites per person per year) resulted in correspondingly large and significantly related variations in parasite prevalence (range = 38-83%)."
train,642,Insulin decreases risk of severe kidney failure.,13619127,cited_no_evidence,unsupported,0.522285,"Although the numbers of patients prescribed gliptin monotherapy or glitazones monotherapy were relatively low, there were significantly increased risks of severe kidney failure compared with metformin monotherapy (adjusted hazard ratio 2.55, 95% confidence interval 1.13 to 5.74). We found significantly lower risks of hyperglycaemia among patients prescribed dual therapy involving metformin with either gliptins (0.78, 0.62 to 0.97) or glitazones (0.60, 0.45 to 0.80) compared with metformin monotherapy."
train,643,Insulin effects appetite via ventral tegmental neurons.,15535511,support,supported,0.674863,"Dopaminergic midbrain neurons integrate signals on food palatability and food-associated reward into the complex control of energy homeostasis. To define the role of insulin receptor (IR) signaling in this circuitry, we inactivated IR signaling in tyrosine hydroxylase (Th)-expressing cells of mice (IR(ΔTh))."
train,643,Insulin effects appetite via ventral tegmental neurons.,32611468,wrong_paper,unsupported,0.547988,Ghrelin's second life: from appetite stimulator to glucose regulator.
train,645,Intake of folic acid (FA) and vitamin B6 (VB6) increases levels of homocysteine.,12810152,contradict,unsupported,0.642074,Folate and vitamin B6 from diet and supplements in relation to risk of coronary heart disease among women.
train,646,Intake of folic acid (FA) and vitamin B6 (VB6) reduces levels of homocysteine.,12810152,support,supported,0.637244,Folate and vitamin B6 from diet and supplements in relation to risk of coronary heart disease among women.
train,646,Intake of folic acid (FA) and vitamin B6 (VB6) reduces levels of homocysteine.,33409100,wrong_paper,unsupported,0.788491,CONTEXT High plasma homocysteine levels are a risk factor for mortality and vascular disease in observational studies of patients with chronic kidney disease. Folic acid and B vitamins decrease homocysteine levels in this population but whether they lower mortality is unknown.
train,647,Integrated care is ineffective at tackling multiple comorbidities.,15041758,contradict,unsupported,0.567087,CONCLUSIONS Integrated care that covers chronic physical disease and comorbid depression can reduce social role disability and enhance global quality of life. Trial registration Clinical Trials NCT00468676.
train,648,Integrated care is successful at tackling multiple comorbidities.,15041758,support,supported,0.610645,CONCLUSIONS Integrated care that covers chronic physical disease and comorbid depression can reduce social role disability and enhance global quality of life. Trial registration Clinical Trials NCT00468676.
train,648,Integrated care is successful at tackling multiple comorbidities.,19945096,wrong_paper,unsupported,0.533832,Why do patients with multimorbidity in England report worse experiences in primary care? Evidence from the General Practice Patient Survey
train,650,Integrating classroom-based collaborative learning with Web-based collaborative learning offers the best class performance.,12789595,cited_no_evidence,unsupported,0.579218,"Computer assisted learning is inevitable —Individual lecturers and departments are already beginning to introduce a wide range of computer based applications, sometimes in a haphazard way. Planned and coordinated development is better than indiscriminate expansion It is convenient and flexible —Courses supported by computer assisted learning applications may require fewer face to face lectures and seminars and place fewer geographical and temporal constraints on staff and students."
train,651,"Interferon stimulated genes (ISGs) Irf1, Irg1, Ifi27, and Rsad2 encourage West Nile virus replication in cortical neurons.",9433958,cited_no_evidence,unsupported,0.794873,"Granule cell neurons of the cerebellum and cortical neurons from the cerebral cortex have unique innate immune programs that confer differential susceptibility to viral infection ex vivo and in vivo. By transducing cortical neurons with genes that were expressed more highly in granule cell neurons, we identified three interferon-stimulated genes (ISGs; Ifi27, Irg1 and Rsad2 (also known as Viperin)) that mediated the antiviral effects against different neurotropic viruses."
train,652,"Interferon stimulated genes (ISGs) Irf1, Irg1, Ifi27, and Rsad2 inhibit West Nile virus replication in cortical neurons.",9433958,cited_no_evidence,unsupported,0.796659,"Granule cell neurons of the cerebellum and cortical neurons from the cerebral cortex have unique innate immune programs that confer differential susceptibility to viral infection ex vivo and in vivo. By transducing cortical neurons with genes that were expressed more highly in granule cell neurons, we identified three interferon-stimulated genes (ISGs; Ifi27, Irg1 and Rsad2 (also known as Viperin)) that mediated the antiviral effects against different neurotropic viruses."
train,653,Interleukin-18 plays an important role in the pathogenesis of atherosclerosis.,24384587,support,supported,0.909775,Interleukin-18 (IL18) participates in atherogenesis through several putative mechanisms. Interruption of IL18 action reduces atherosclerosis in mice.
train,653,Interleukin-18 plays an important role in the pathogenesis of atherosclerosis.,21372171,wrong_paper,unsupported,0.509064,A previous study suggested that fibrinogen is an important factor associated with atherosclerosis progression. The present study was performed to examine the levels of plasma HMGB1 protein in atherosclerosis patients.
train,654,Intra-cerebroventricular infusion of amyloid-β oligomers increases expression of fibronectin type-III domain-containing protein 5 mRNA in mice hippocampi.,57574395,cited_no_evidence,unsupported,0.635826,"Irisin is an exercise-induced myokine released on cleavage of the membrane-bound precursor protein fibronectin type III domain-containing protein 5 (FNDC5), also expressed in the hippocampus. Here we show that FNDC5/irisin levels are reduced in AD hippocampi and cerebrospinal fluid, and in experimental AD models."
train,655,Intra-cerebroventricular infusion of amyloid-β oligomers reduces expression of fibronectin type-III domain-containing protein 5 mRNA in mice hippocampi.,57574395,cited_no_evidence,unsupported,0.634415,"Irisin is an exercise-induced myokine released on cleavage of the membrane-bound precursor protein fibronectin type III domain-containing protein 5 (FNDC5), also expressed in the hippocampus. Here we show that FNDC5/irisin levels are reduced in AD hippocampi and cerebrospinal fluid, and in experimental AD models."
train,657,Intramembrane cleavage by signal peptide peptidase aids in the degradation of proteins with a complex membrane orientation.,8533245,support,supported,0.517845,"RHBDL4 cleaves single-spanning and polytopic membrane proteins with unstable transmembrane helices, leading to their degradation by the canonical ERAD machinery. RHBDL4 specifically binds the AAA+-ATPase p97, suggesting that proteolytic processing and dislocation into the cytosol are functionally linked."
train,657,Intramembrane cleavage by signal peptide peptidase aids in the degradation of proteins with a complex membrane orientation.,37643601,wrong_paper,unsupported,0.409794,"The pr peptide beta-barrel structure covers the fusion loop in E, preventing fusion with host cell membranes. The structure provides a basis for identifying the stages of its pH-directed conformational metamorphosis during maturation, ending with release of pr when budding from the host."
train,658,It is not proven that moderate consumption of candy and chocolate reduces the risk of cardiovascular disease (CVD) specifically.,5293024,cited_no_evidence,unsupported,0.587126,"Candy has been blamed for various ills, including hyperactivity in children; however, clinical trials have not supported this.1 Candy—sugar confectionery and chocolate—is not a recent invention: the ancient Arabs, Chinese, and Egyptians candied fruits and nuts in honey, and the Aztecs made a chocolate drink from the bean of the cacao tree. Today, Americans gratify themselves with, on average, 5.4 kg of sugar candy and 6.5 kg of chocolate per person annually.2 Since candy has existed for centuries, we surmised that it cannot be totally unhealthy."
train,661,JMJD6 catalyzes the hydroxylation of C-terminal lysine and supresses transcriptional activity.,37204802,support,supported,0.706916,Here we report that JMJD6 is physically associated with the tumor suppressor p53. We demonstrated that JMJD6 acts as an α-ketoglutarate- and Fe(II)-dependent lysyl hydroxylase to catalyze p53 hydroxylation.
train,661,JMJD6 catalyzes the hydroxylation of C-terminal lysine and supresses transcriptional activity.,27134931,wrong_paper,unsupported,0.393132,"COMPASS, a histone H3 (Lysine 4) methyltransferase required for telomeric silencing of gene expression."
train,662,JMJD6 slows the hydroxylation of C-terminal lysine,37204802,contradict,unsupported,0.606391,We demonstrated that JMJD6 acts as an α-ketoglutarate- and Fe(II)-dependent lysyl hydroxylase to catalyze p53 hydroxylation. We found that p53 indeed exists as a hydroxylated protein in vivo and that the hydroxylation occurs mainly on lysine 382 of p53.
train,663,KLF4 is necessary for VSMCs to gain genetic characteristics of other cell types within atherosclerotic lesions.,22080671,support,supported,0.735379,KLF4-dependent phenotypic modulation of smooth muscle cells has a key role in atherosclerotic plaque pathogenesis
train,663,KLF4 is necessary for VSMCs to gain genetic characteristics of other cell types within atherosclerotic lesions.,15879931,wrong_paper,unsupported,0.38729,"We provide evidence that regulated accumulation of desmosterol underlies many of the homeostatic responses, including activation of LXR target genes, inhibition of SREBP target genes, selective reprogramming of fatty acid metabolism, and suppression of inflammatory-response genes, observed in macrophage foam cells. These observations suggest that macrophage activation in atherosclerotic lesions results from extrinsic, proinflammatory signals generated within the artery wall that suppress homeostatic and anti-inflammatory functions of desmosterol."
train,665,KRT17 modulates the expression of the transcriptional regulator AIRE in diseased epithelia.,12580014,support,supported,0.758551,"Further, K17 colocalizes with Aire protein in the nucleus of tumor-prone keratinocytes, and each factor is bound to a specific promoter region featuring an NF-κB consensus sequence in a relevant subset of K17- and Aire-dependent proinflammatory genes. These findings provide radically new insight into keratin intermediate filament and Aire function, along with a molecular basis for the K17-dependent amplification of inflammatory and immune responses in diseased epithelia."
train,665,KRT17 modulates the expression of the transcriptional regulator AIRE in diseased epithelia.,13989491,wrong_paper,unsupported,0.471036,Humans expressing a defective form of the transcription factor AIRE (autoimmune regulator) develop multiorgan autoimmune disease. We used aire- deficient mice to test the hypothesis that this transcription factor regulates autoimmunity by promoting the ectopic expression of peripheral tissue- restricted antigens in medullary epithelial cells of the thymus.
train,666,Kir7.1 modulates channel activity by the G protein-coupled melanocortin-4 receptor (MC4R) in the paraventricular nucleus of the hypothalamus.,4469125,support,supported,0.800352,G-protein-independent coupling of MC4R to Kir7.1 in hypothalamic neurons
train,666,Kir7.1 modulates channel activity by the G protein-coupled melanocortin-4 receptor (MC4R) in the paraventricular nucleus of the hypothalamus.,1070920,wrong_paper,unsupported,0.800808,"This bimodality is principally underscored by the antagonistic actions of these ligands at downstream melanocortin-4 receptors (MC4R) in the paraventricular nucleus of the hypothalamus (PVH). Although this population is critical to energy balance, the underlying neural circuitry remains unknown."
train,667,Klf2 is important for proper myeloid cell function.,6493422,support,supported,0.799828,"However, this activation process must be under exquisite control to prevent uncontrolled inflammation. Herein, we identify the Kruppel-like transcription factor 2 (KLF2) as a potent regulator of myeloid cell activation in vivo."
train,667,Klf2 is important for proper myeloid cell function.,14407673,wrong_paper,unsupported,0.733947,"However, the cell type responsible for the increased atherosclerosis due to KLF2 deficiency has not been identified. This study examined the consequence of myeloid cell-specific KLF2 inactivation in atherosclerosis."
train,668,Klf4 is important for proper myeloid cell differentiation.,25148216,support,supported,0.683059,"Thus, our in vivo loss-of-function studies demonstrate that KLF4, previously shown to mediate proinflammatory signaling in human macrophages in vitro, is essential for differentiation of mouse inflammatory monocytes, and is involved in the differentiation of resident monocytes. In addition, inducible expression of KLF4 in the HL60 human acute myeloid leukemia cell line stimulated monocytic differentiation and enhanced 12-O-tetradecanoylphorbol 13-acetate induced macrophage differentiation, but blocked all-trans-retinoic acid induced granulocytic differentiation of HL60 cells."
train,668,Klf4 is important for proper myeloid cell differentiation.,6493422,cited_no_evidence,unsupported,0.699205,"However, this activation process must be under exquisite control to prevent uncontrolled inflammation. Herein, we identify the Kruppel-like transcription factor 2 (KLF2) as a potent regulator of myeloid cell activation in vivo."
train,668,Klf4 is important for proper myeloid cell differentiation.,18489989,wrong_paper,unsupported,0.649061,"Klf4-transduced d6 EBs expressed higher levels of Oct-4, consistent with the notion that Klf4 promotes ES cell self-renewal. These findings verify the negative role of SOCS-3 on LIF signaling and provide a novel role for Klf4 in ES cell function."
train,669,Klf4 is not required for proper myeloid cell differentiation.,25148216,contradict,unsupported,0.606254,"In addition, inducible expression of KLF4 in the HL60 human acute myeloid leukemia cell line stimulated monocytic differentiation and enhanced 12-O-tetradecanoylphorbol 13-acetate induced macrophage differentiation, but blocked all-trans-retinoic acid induced granulocytic differentiation of HL60 cells. The inflammation-selective effects of loss-of-KLF4 and the gain-of-KLF4-induced monocytic differentiation in HL60 cells identify KLF4 as a key regulator of monocytic differentiation and a potential target for translational immune modulation."
train,669,Klf4 is not required for proper myeloid cell differentiation.,6493422,cited_no_evidence,unsupported,0.617522,"However, this activation process must be under exquisite control to prevent uncontrolled inflammation. Herein, we identify the Kruppel-like transcription factor 2 (KLF2) as a potent regulator of myeloid cell activation in vivo."
train,670,Knockout proximal tubule-specific deletion of the BMP receptor Alk3 causes epithelial damage.,5573975,support,supported,0.713803,"We also found that its deletion in the tubular epithelium leads to enhanced TGF-β1-Smad family member 3 (Smad3) signaling, epithelial damage and fibrosis, suggesting a protective role for Alk3-mediated signaling in the kidney. A structure-function analysis of the BMP-Alk3-BMP receptor, type 2 (BMPR2) ligand-receptor complex, along with synthetic organic chemistry, led us to construct a library of small peptide agonists of BMP signaling that function through the Alk3 receptor."
train,670,Knockout proximal tubule-specific deletion of the BMP receptor Alk3 causes epithelial damage.,25928548,wrong_paper,unsupported,0.675297,BMP receptor ALK3 controls collecting system development.
train,671,Knockout proximal tubule-specific deletion of the BMP receptor Alk3 causes fibrosis.,5573975,support,supported,0.709813,"We also found that its deletion in the tubular epithelium leads to enhanced TGF-β1-Smad family member 3 (Smad3) signaling, epithelial damage and fibrosis, suggesting a protective role for Alk3-mediated signaling in the kidney. A structure-function analysis of the BMP-Alk3-BMP receptor, type 2 (BMPR2) ligand-receptor complex, along with synthetic organic chemistry, led us to construct a library of small peptide agonists of BMP signaling that function through the Alk3 receptor."
train,671,Knockout proximal tubule-specific deletion of the BMP receptor Alk3 causes fibrosis.,25928548,wrong_paper,unsupported,0.653331,BMP receptor ALK3 controls collecting system development.
train,672,L3MBTL2 binds to H2AK119Ub marked chromatin to form a PRC1 complex.,15635366,cited_no_evidence,unsupported,0.805013,"L3mbtl2 regulates genes by recruiting a Polycomb Repressive Complex1 (PRC1)-related complex, resembling the previously described E2F6-complex, and including G9A, Hdac1, and Ring1b. The presence of L3mbtl2 at target genes is associated with H3K9 dimethylation, low histone acetylation, and H2AK119 ubiquitination, but the latter is neither dependent on L3mbtl2 nor sufficient for repression."
train,673,LDL cholesterol has a causal role in the development of cardiovascular disease.,2095573,support,supported,0.884314,BACKGROUND LDL cholesterol has a causal role in the development of cardiovascular disease. Improved understanding of the biological mechanisms that underlie the metabolism and regulation of LDL cholesterol might help to identify novel therapeutic targets.
train,673,LDL cholesterol has a causal role in the development of cardiovascular disease.,5612738,wrong_paper,unsupported,0.641731,"The hepatic low-density lipoprotein receptor (LDLR) pathway is essential for clearing circulating LDL cholesterol (LDL-C). Whereas the transcriptional regulation of LDLR is well characterized, the post-transcriptional mechanisms that govern LDLR expression are just beginning to emerge."
train,676,LRBA prevents CTLA - 4 recycling.,857189,cited_no_evidence,unsupported,0.461396,"Clinical penetrance was incomplete (eight adults of a total of 19 genetically proven CTLA4 mutation carriers were considered unaffected). However, CTLA-4 protein expression was decreased in regulatory T cells (Treg cells) in both patients and carriers with CTLA4 mutations."
train,677,LRBA promotes CTLA - 4 recycling.,857189,cited_no_evidence,unsupported,0.436859,Autosomal dominant immune dysregulation syndrome in humans with CTLA4 mutations
train,679,LSD1-positive promoters are associated with RNA polymerase II,13639330,cited_no_evidence,unsupported,0.556626,"This strategy, based at least in part on an HMT-dependent inhibitory histone code, imposes a requirement for specific histone demethylases, including LSD1, to permit ligand- and signal-dependent activation of regulated gene expression. These events link an inhibitory methylation component of the histone code to a broadly used strategy that circumvents pathological constitutive gene induction by physiologically regulated transcription factors."
train,680,Lack of FGF21 in mice increases life expectancy.,9315213,contradict,unsupported,0.625235,"However, the role of FGF21 in the cardiovascular system remains elusive. METHODS AND RESULTS The roles of FGF21 in atherosclerosis were investigated by evaluating the impact of FGF21 deficiency and replenishment with recombinant FGF21 in apolipoprotein E(-/-) mice."
train,681,Lack of FGF21 in mice leads to atherosclerotic plaque formation.,9315213,support,supported,0.831064,"METHODS AND RESULTS The roles of FGF21 in atherosclerosis were investigated by evaluating the impact of FGF21 deficiency and replenishment with recombinant FGF21 in apolipoprotein E(-/-) mice. FGF21 deficiency causes a marked exacerbation of atherosclerotic plaque formation and premature death in apolipoprotein E(-/-) mice, which is accompanied by hypoadiponectinemia and severe hypercholesterolemia."
train,681,Lack of FGF21 in mice leads to atherosclerotic plaque formation.,970012,wrong_paper,unsupported,0.514436,"In two genetic mouse knockout models (apolipoprotein E(-/-) [ApoE(-/-)] and LDL receptor(-/-) [Ldlr(-/-)] mice), persistent cold exposure stimulated atherosclerotic plaque growth by increasing lipid deposition. Furthermore, marked increase of inflammatory cells and plaque-associated microvessels were detected in the cold-acclimated ApoE(-/-) and Ldlr(-/-) mice, leading to plaque instability."
train,682,Lack of FGF21 in mice leads to reduced lifespan.,9315213,support,supported,0.665176,"However, the role of FGF21 in the cardiovascular system remains elusive. METHODS AND RESULTS The roles of FGF21 in atherosclerosis were investigated by evaluating the impact of FGF21 deficiency and replenishment with recombinant FGF21 in apolipoprotein E(-/-) mice."
train,682,Lack of FGF21 in mice leads to reduced lifespan.,6227220,wrong_paper,unsupported,0.63848,"Unexpectedly, these mice showed decreased fat mass and were protected from diet-induced obesity and insulin resistance; this phenotype was accompanied by increased fatty acid oxidation and browning of white adipose tissue (WAT) owing to induction of fibroblast growth factor 21 (Fgf21). Mitochondrial dysfunction induced by autophagy deficiency increased Fgf21 expression through induction of Atf4, a master regulator of the integrated stress response."
train,683,Lack of FGF21 in mice slows the rate of atherosclerotic plaque formation.,9315213,contradict,unsupported,0.82521,"METHODS AND RESULTS The roles of FGF21 in atherosclerosis were investigated by evaluating the impact of FGF21 deficiency and replenishment with recombinant FGF21 in apolipoprotein E(-/-) mice. FGF21 deficiency causes a marked exacerbation of atherosclerotic plaque formation and premature death in apolipoprotein E(-/-) mice, which is accompanied by hypoadiponectinemia and severe hypercholesterolemia."
train,685,Lamins are associated with nuclear membrane structure maintenance.,4452659,cited_no_evidence,unsupported,0.685875,"Here we report that the autophagy machinery mediates degradation of nuclear lamina components in mammals. The autophagy protein LC3/Atg8, which is involved in autophagy membrane trafficking and substrate delivery, is present in the nucleus and directly interacts with the nuclear lamina protein lamin B1, and binds to lamin-associated domains on chromatin."
train,686,Lamins are found within the inner layer of the mitochondrial membrane of all cells.,4452659,cited_no_evidence,unsupported,0.503449,"Here we report that the autophagy machinery mediates degradation of nuclear lamina components in mammals. The autophagy protein LC3/Atg8, which is involved in autophagy membrane trafficking and substrate delivery, is present in the nucleus and directly interacts with the nuclear lamina protein lamin B1, and binds to lamin-associated domains on chromatin."
train,687,Lamins are found within the inner layer of the nuclear membrane of all cells.,4452659,cited_no_evidence,unsupported,0.581168,"Here we report that the autophagy machinery mediates degradation of nuclear lamina components in mammals. The autophagy protein LC3/Atg8, which is involved in autophagy membrane trafficking and substrate delivery, is present in the nucleus and directly interacts with the nuclear lamina protein lamin B1, and binds to lamin-associated domains on chromatin."
train,688,Lamins have no effect on nuclear membrane structure maintenance.,4452659,cited_no_evidence,unsupported,0.568749,"Here we report that the autophagy machinery mediates degradation of nuclear lamina components in mammals. The autophagy protein LC3/Atg8, which is involved in autophagy membrane trafficking and substrate delivery, is present in the nucleus and directly interacts with the nuclear lamina protein lamin B1, and binds to lamin-associated domains on chromatin."
train,689,Less than 10% of patients exposed to radiation have activated markers of mesenchymal stem cells.,22080671,cited_no_evidence,unsupported,0.372312,"Here, using Myh11-CreERT2 ROSA floxed STOP eYFP Apoe−/− mice to perform SMC lineage tracing, we find that traditional methods for detecting SMCs based on immunostaining for SMC markers fail to detect >80% of SMC-derived cells within advanced atherosclerotic lesions. These unidentified SMC-derived cells exhibit phenotypes of other cell lineages, including macrophages and mesenchymal stem cells (MSCs)."
train,694,Lice attenuated SIV vaccines induce a stronger antigen-specific T cell response in lymph node cells.,1071991,support,supported,0.797415,Lymph node T cell responses predict the efficacy of live attenuated SIV vaccines
train,694,Lice attenuated SIV vaccines induce a stronger antigen-specific T cell response in lymph node cells.,8182950,wrong_paper,unsupported,0.476918,"In subunit vaccines, strong CD8(+) T-cell responses are desired, yet they are elusive at reasonable adjuvant doses. We show that targeting adjuvant to the lymph node (LN) via ultrasmall polymeric nanoparticles (NPs), which rapidly drain to the LN after intradermal injection, greatly enhances adjuvant efficacy at low doses."
train,696,Lipopolysaccharides have an inflammation independent effect on kidney barrier function.,16355392,cited_no_evidence,unsupported,0.578966,Modification of kidney barrier function by the urokinase receptor
train,698,Lmna knock-in models are appropriate for testing therapeutic approaches against Hutchinson-Gilford progeria syndrome (HGPS).,22544171,cited_no_evidence,unsupported,0.678431,Reversal of the cellular phenotype in the premature aging disease Hutchinson-Gilford progeria syndrome
train,703,Localization of PIN1 in the roots of Arabidopsis requires VPS9a,4350400,cited_no_evidence,unsupported,0.672099,Interference with PIN endocytosis either by auxin or by manipulation of the Arabidopsis Rab5 GTPase pathway prevents PIN polarization. Failure of PIN polarization transiently alters asymmetric auxin distribution during embryogenesis and increases the local auxin response in apical embryo regions.
train,704,Long - range chromatin interactions regulate transcription.,14658685,cited_no_evidence,unsupported,0.402133,"Here, we track the evolution of promoters and enhancers active in liver across 20 mammalian species from six diverse orders by profiling genomic enrichment of H3K27 acetylation and H3K4 trimethylation. We report that rapid evolution of enhancers is a universal feature of mammalian genomes."
train,705,Long chain polyunsaturated fatty acids supplementation has no significant effects on wheezing or asthma at 3 and 6 years.,22442133,cited_no_evidence,unsupported,0.585854,Effect of n-3 long chain polyunsaturated fatty acid supplementation in pregnancy on infants’ allergies in first year of life: randomised controlled trial
train,709,Long chain polyunsaturated fatty acids supplementation is associated with lower rates of atopic eczema at 1 year.,22442133,support,supported,0.615428,OBJECTIVE To determine whether dietary n-3 long chain polyunsaturated fatty acid (LCPUFA) supplementation of pregnant women with a fetus at high risk of allergic disease reduces immunoglobulin E associated eczema or food allergy at 1 year of age. DESIGN Follow-up of infants at high hereditary risk of allergic disease in the Docosahexaenoic Acid to Optimise Mother Infant Outcome (DOMInO) randomised controlled trial.
train,709,Long chain polyunsaturated fatty acids supplementation is associated with lower rates of atopic eczema at 1 year.,24269361,wrong_paper,unsupported,0.572921,"Atopy risk in infants and children in relation to early exposure to fish, oily fish, or long-chain omega-3 fatty acids: a systematic review."
train,710,Long chain polyunsaturated fatty acids supplementation reduces wheezing and asthma.,22442133,cited_no_evidence,unsupported,0.561524,Effect of n-3 long chain polyunsaturated fatty acid supplementation in pregnancy on infants’ allergies in first year of life: randomised controlled trial
train,713,Low expression of miR7a does not repress target genes or exert a biological function in ovaries.,18421962,cited_no_evidence,unsupported,0.470741,"Target repression was released in a threshold-like manner at high target site abundance (≥1.5 × 10(5) added target sites per cell), and this threshold was insensitive to the effective levels of the miRNA. Furthermore, in response to extreme metabolic liver disease models, global target site abundance of hepatocytes did not change sufficiently to affect miRNA-mediated repression."
train,714,Low expression of miR7a does not repress target genes or exert a biological function in testis.,18421962,cited_no_evidence,unsupported,0.498028,"Target repression was released in a threshold-like manner at high target site abundance (≥1.5 × 10(5) added target sites per cell), and this threshold was insensitive to the effective levels of the miRNA. Furthermore, in response to extreme metabolic liver disease models, global target site abundance of hepatocytes did not change sufficiently to affect miRNA-mediated repression."
train,717,Low nucleosome occupancy correlates with high methylation levels across species.,17587795,support,supported,0.666149,"Species with linker methylation have small, transcriptionally active nuclei that approach the physical limits of chromatin compaction. These features constitute a previously unappreciated genome architecture, in which dense methylation influences nucleosome positions, likely facilitating nuclear processes under extreme spatial constraints."
train,717,Low nucleosome occupancy correlates with high methylation levels across species.,175735,wrong_paper,unsupported,0.58391,Inferring nucleosome positions with their histone mark annotation from ChIP data
train,724,Ly49Q directs the organization of neutrophil polarization by regulating membrane raft functions.,5531479,support,supported,0.903481,"Ly49Q-dependent polarization and migration were affected by Ly49Q regulation of membrane raft functions. We propose that Ly49Q is pivotal in switching neutrophils to their polarized morphology and rapid migration upon inflammation, through its spatiotemporal regulation of membrane rafts and raft-associated signaling molecules."
train,724,Ly49Q directs the organization of neutrophil polarization by regulating membrane raft functions.,4389252,wrong_paper,unsupported,0.458443,Centrosome polarization delivers secretory granules to the immunological synapse
train,726,Ly6C hi monocytes have a higher inflammatory capacity than Ly6C lo monocytes.,36444198,support,supported,0.739544,"These cells were exclusively of the Ly-6C(high) subset, resembling bone marrow monocytes. Serial flow cytometric analyses of newly released Ly-6C(high) monocytes showed that Ly-6C expression on these cells was down-regulated while in circulation."
train,726,Ly6C hi monocytes have a higher inflammatory capacity than Ly6C lo monocytes.,7521113,cited_no_evidence,unsupported,0.583629,"We have demonstrated that major tissue-resident macrophage populations, including liver Kupffer cells and lung alveolar, splenic, and peritoneal macrophages, are established prior to birth and maintain themselves subsequently during adulthood independent of replenishment by blood monocytes. Furthermore, we have established that short-lived Ly6C(+) monocytes constitute obligatory steady-state precursors of blood-resident Ly6C(-) cells and that the abundance of Ly6C(+) blood monocytes dynamically controls the circulation lifespan of their progeny."
train,726,Ly6C hi monocytes have a higher inflammatory capacity than Ly6C lo monocytes.,22406695,wrong_paper,unsupported,0.821531,"Classical Ly6c(hi) monocytes patrol the extravascular space in resting organs, and Ly6c(lo) nonclassical monocytes patrol the vasculature. Inflammation triggers monocytes to differentiate into macrophages, but whether resident and newly recruited macrophages possess similar functions during inflammation is unclear."
train,730,Lysine histone demethylase inhibitor JIB 04 is inactive against KDM5A.,13400643,cited_no_evidence,unsupported,0.725349,"Here, using an innovative cell-based screen, we identify a structurally unique small molecule (named JIB-04) that specifically inhibits the activity of the Jumonji family of histone demethylases in vitro, in cancer cells, and in tumours in vivo. Unlike known inhibitors, JIB-04 is not a competitive inhibitor of α-ketoglutarate."
train,732,M. stadtmanae does not induce ASC speck formation in BlaER1 monocytes.,34469966,cited_no_evidence,unsupported,0.440947,"Here, we report that this constituted a species-specific response that is not observed in the murine system. Indeed, in human monocytes, lipopolysaccharide triggered an ""alternative inflammasome"" that relied on NLRP3-ASC-caspase-1 signaling, yet was devoid of any classical inflammasome characteristics including pyroptosome formation, pyroptosis induction, and K(+) efflux dependency."
train,733,M. stadtmanae induces ASC speck formation in BlaER1 monocytes.,34469966,cited_no_evidence,unsupported,0.433078,"Here, we report that this constituted a species-specific response that is not observed in the murine system. Indeed, in human monocytes, lipopolysaccharide triggered an ""alternative inflammasome"" that relied on NLRP3-ASC-caspase-1 signaling, yet was devoid of any classical inflammasome characteristics including pyroptosome formation, pyroptosis induction, and K(+) efflux dependency."
train,734,MEK inhibitors are effective treatments in RAS-driven mouse models of cancer.,4961038,support,supported,0.679491,Effective Use of PI3K and MEK Inhibitors to Treat Mutant K-Ras G12D and PIK3CA H1047R Murine Lung Cancers
train,734,MEK inhibitors are effective treatments in RAS-driven mouse models of cancer.,2272614,wrong_paper,unsupported,0.581094,Erlotinib failed to fully inhibit RAS-ERK signaling when neurofibromin levels were reduced. Treatment of neurofibromin-deficient lung cancers with a MAP-ERK kinase (MEK) inhibitor restored sensitivity to erlotinib.
train,736,MFGE8 regulates fat absorption by binding to av-Beta3 and av-Beta5 integrins.,5389095,support,supported,0.797494,"The pathways that orchestrate uptake of fatty acids remain incompletely understood. Expression of the integrin ligand Mfge8 is increased in human obesity and in mice on a high-fat diet, but its role in obesity is unknown."
train,736,MFGE8 regulates fat absorption by binding to av-Beta3 and av-Beta5 integrins.,39985001,wrong_paper,unsupported,0.126628,"441 mg/d), acetaminophen in 32 (av. 2187 mg/d), aspirin in 24 (av."
train,737,MICAL redox enzymes regulate actin dynamics in many cell types.,16562534,support,supported,0.531354,"Consistent with high expression of MICAL in somatic muscles, immunohistochemical stainings reveal that the subcellular localization and architecture of contractile muscle filaments are dramatically disturbed in mical mutants. Instead of being integrated into a regular sarcomeric pattern, actin and myosin filaments are disorganized and accumulate beneath the plasmamembrane."
train,737,MICAL redox enzymes regulate actin dynamics in many cell types.,6609935,support,supported,0.757324,"In this study we show that in non-neural cells human MICALs are required for normal actin organization, and all three MICALs regulate actin stress fibers. Moreover, we provide evidence that the generation of reactive oxygen species by MICAL proteins is crucial for their actin-regulatory function."
train,737,MICAL redox enzymes regulate actin dynamics in many cell types.,4417558,wrong_paper,unsupported,0.840666,"Likewise, we purified Mical protein and found that it directly binds F-actin and disassembles both individual and bundled actin filaments. We also found that Mical utilizes its redox activity to alter F-actin dynamics in vivo and in vitro, indicating a previously unknown role for specific redox signalling events in actin cytoskeletal regulation."
train,738,MICAL redox enzymes regulate actin dynamics.,16562534,support,supported,0.527033,"Consistent with high expression of MICAL in somatic muscles, immunohistochemical stainings reveal that the subcellular localization and architecture of contractile muscle filaments are dramatically disturbed in mical mutants. Instead of being integrated into a regular sarcomeric pattern, actin and myosin filaments are disorganized and accumulate beneath the plasmamembrane."
train,738,MICAL redox enzymes regulate actin dynamics.,6609935,support,supported,0.754816,"In this study we show that in non-neural cells human MICALs are required for normal actin organization, and all three MICALs regulate actin stress fibers. Moreover, we provide evidence that the generation of reactive oxygen species by MICAL proteins is crucial for their actin-regulatory function."
train,738,MICAL redox enzymes regulate actin dynamics.,33912020,support,supported,0.391357,"Here, we show a role for CRMP2 oxidation and thioredoxin (TRX) in the regulation of CRMP2 phosphorylation and growth cone collapse. Sema3A stimulation generated hydrogen peroxide (H2O2) through MICAL (molecule interacting with CasL) and oxidized CRMP2, enabling it to form a disulfide-linked homodimer through cysteine-504."
train,738,MICAL redox enzymes regulate actin dynamics.,4417558,wrong_paper,unsupported,0.843543,"Likewise, we purified Mical protein and found that it directly binds F-actin and disassembles both individual and bundled actin filaments. We also found that Mical utilizes its redox activity to alter F-actin dynamics in vivo and in vitro, indicating a previously unknown role for specific redox signalling events in actin cytoskeletal regulation."
train,739,MT binding domain drives amyloid structure formation.,4446814,cited_no_evidence,unsupported,0.492905,"Paired helical and straight filaments differ in their inter-protofilament packing, showing that they are ultrastructural polymorphs. These findings demonstrate that cryo-EM allows atomic characterization of amyloid filaments from patient-derived material, and pave the way for investigation of a range of neurodegenerative diseases."
train,740,MUC1-C activates the NF-κB p65 signaling pathway by interacting with IκB kinase ß.,23078022,support,supported,0.821639,MUC1 oncoprotein activates the IκB kinase β complex and constitutive NF-κB signalling
train,740,MUC1-C activates the NF-κB p65 signaling pathway by interacting with IκB kinase ß.,83308790,wrong_paper,unsupported,0.56754,"Activation by IKKα of a second, evolutionary conserved, NF-κB signaling pathway"
train,745,MafA phosphorylation decreases its ubiquitination.,11291348,contradict,unsupported,0.771377,"Paradoxically, this phosphorylation increases MafA-transcriptional activity through the recruitment of the coactivator P/CAF. We further demonstrate that P/CAF protects MafA from ubiquitination and degradation, suggesting that, upon the release of the coactivator complex, MafA becomes polyubiquitinated and degraded to allow the response to terminate."
train,746,MafA phosphorylation enhances its ubiquitination.,11291348,support,supported,0.767756,"Paradoxically, this phosphorylation increases MafA-transcriptional activity through the recruitment of the coactivator P/CAF. We further demonstrate that P/CAF protects MafA from ubiquitination and degradation, suggesting that, upon the release of the coactivator complex, MafA becomes polyubiquitinated and degraded to allow the response to terminate."
train,746,MafA phosphorylation enhances its ubiquitination.,23972114,wrong_paper,unsupported,0.385182,"Selective autophagy can be mediated via receptor molecules that link specific cargoes to the autophagosomal membranes decorated by ubiquitin-like microtubule-associated protein light chain 3 (LC3) modifiers. Although several autophagy receptors have been identified, little is known about mechanisms controlling their functions in vivo."
train,747,MafA ubiquitination decreases the recruitment of coavtivator P/CAF by MafA.,11291348,contradict,unsupported,0.763369,"Paradoxically, this phosphorylation increases MafA-transcriptional activity through the recruitment of the coactivator P/CAF. We further demonstrate that P/CAF protects MafA from ubiquitination and degradation, suggesting that, upon the release of the coactivator complex, MafA becomes polyubiquitinated and degraded to allow the response to terminate."
train,748,MafA ubiquitination increases the recruitment of coavtivator P/CAF by MafA.,11291348,support,supported,0.718156,"Paradoxically, this phosphorylation increases MafA-transcriptional activity through the recruitment of the coactivator P/CAF. We further demonstrate that P/CAF protects MafA from ubiquitination and degradation, suggesting that, upon the release of the coactivator complex, MafA becomes polyubiquitinated and degraded to allow the response to terminate."
train,748,MafA ubiquitination increases the recruitment of coavtivator P/CAF by MafA.,3727986,wrong_paper,unsupported,0.256911,"N-cadherin also mediates repolarization of the CAFs away from the cancer cells. In parallel, nectins and afadin are recruited to the cancer cell/CAF interface and CAF repolarization is afadin dependent."
train,749,Major antigen-induced signals from the T cell receptor and secondary signals from costimulatory receptors are required for T cell activation.,13868795,support,supported,0.560195,"Ligation of the CD28 receptor on T cells provides a critical second signal alongside T cell receptor (TCR) ligation for naive T cell activation. Here, we discuss the expression, structure, and biochemistry of CD28 and its ligands."
train,749,Major antigen-induced signals from the T cell receptor and secondary signals from costimulatory receptors are required for T cell activation.,40608679,wrong_paper,unsupported,0.469912,"Sustained signaling from the T cell receptor (TCR) and costimulatory molecules is thought necessary for generating high numbers of effector T cells. Here, we show that Survivin is controlled in peripheral T cells by OX40 cosignaling via sustained PI3k and PKB activation."
train,751,Major vault protein (MVP) leads to more aggressive tumors by regulating the sorting of tumor suppressive miR-193a into extracellular vesicles (EVs).,19800147,support,supported,0.856536,"miR-193a interacts with major vault protein (MVP). Knockout of MVP leads to miR-193a accumulation in the exosomal donor cells instead of exosomes, inhibiting tumour progression."
train,751,Major vault protein (MVP) leads to more aggressive tumors by regulating the sorting of tumor suppressive miR-193a into extracellular vesicles (EVs).,14768471,wrong_paper,unsupported,0.595822,"Renal carcinomas have been shown to contain a population of cancer stem cells (CSCs) that present self-renewing capacity and support tumor growth and metastasis. CSCs were shown to secrete large amount of extracellular vesicles (EVs) that can transfer several molecules (proteins, lipids and nucleic acids) and induce epigenetic changes in target cells."
train,752,Major vault protein regulates sorting of tumor suppressive miR-193a into EVs.,19800147,support,supported,0.789494,"miR-193a interacts with major vault protein (MVP). Knockout of MVP leads to miR-193a accumulation in the exosomal donor cells instead of exosomes, inhibiting tumour progression."
train,752,Major vault protein regulates sorting of tumor suppressive miR-193a into EVs.,1905095,wrong_paper,unsupported,0.570708,"MicroRNAs most highly enriched in EVs secreted by CPCs compared with fibroblasts included miR-210, miR-132, and miR-146a-3p. miR-210 down-regulated its known targets, ephrin A3 and PTP1b, inhibiting apoptosis in cardiomyocytic cells."
train,753,Malaria has a high vectorial capacity.,1173667,cited_no_evidence,unsupported,0.656836,"The analysis was done separately for Plasmodium falciparum and Plasmodium vivax, and the limitations of the approach were discussed. The relative rankings suggested that malaria elimination would be most feasible in countries in the Americas and Asia, and least feasible in countries in central and west Africa."
train,755,Many cytokines that are produced by cancer cells also contribute to carcinogenesis.,17844478,cited_no_evidence,unsupported,0.436907,Autocrine VEGF Signaling Synergizes with EGFR in Tumor Cells to Promote Epithelial Cancer Development
train,757,Many transmembrane receptors transmit signals by long-range conformational changes in the association of alpha-helices across the plasma membrane.,17123657,cited_no_evidence,unsupported,0.65524,"Studying how protein transmembrane domains transmit signals across membranes is beset by unique challenges. Here, we discuss the circumstances that have led to success and reflect on what has been learned from these examples."
train,758,Marmosets have a brain region homologous to Broca's area.,14195528,cited_no_evidence,unsupported,0.446952,"Our aim was to test whether neurons in marmoset frontal cortex exhibited responses during vocal-signal processing and/or vocal-motor production in the context of active, natural communication. We observed motor-related changes in single neuron activity during vocal production, but relatively weak sensory responses for vocalization processing during this natural behavior."
train,760,Mathematical models predict that using Artemisinin-based combination therapy over nongametocytocidal drugs have only a modest impact in reducing malaria transmission.,1805641,support,supported,0.885216,Modelling the Impact of Artemisinin Combination Therapy and Long-Acting Treatments on Malaria Transmission Intensity
train,760,Mathematical models predict that using Artemisinin-based combination therapy over nongametocytocidal drugs have only a modest impact in reducing malaria transmission.,3929361,wrong_paper,unsupported,0.766866,"This study employed multiple combined strategies and it was unclear what contribution each made to the reductions in malaria. METHOD AND FINDINGS A mathematical model fitted to the trial results was used to assess the effects of the various components of these interventions, design optimal elimination strategies, and explore their interactions with artemisinin resistance, which has recently been discovered in Western Cambodia."
train,761,MeCP2 influences the synaptic maturation of neurons.,10009203,cited_no_evidence,unsupported,0.411815,"We provide evidence that suggest a role for the postsynaptic activity state of protein kinase A in mediating this structural adjustment, which modifies dendritic growth in response to synaptic activity. These findings suggest that the dendritic arbor, at least during early stages of connectivity, behaves as a homeostatic device that adjusts its size and geometry to the level and the distribution of input received."
train,762,Measuring routine outcomes is more beneficial to clinical practice than assessing treatment adherence.,4695046,cited_no_evidence,unsupported,0.585305,CONCLUSIONS The routine measurement of outcome is a costly exercise. Little evidence shows that it is of benefit in improving psychosocial outcomes of those with psychiatric disorder managed in non-psychiatric settings.
train,764,Medications to treat obesity are highly effective.,7552215,contradict,unsupported,0.727174,OBJECTIVE To summarise the long term efficacy of anti-obesity drugs in reducing weight and improving health status. DESIGN Updated meta-analysis of randomised trials.
train,765,Medications to treat obesity do not have side effects.,7552215,contradict,unsupported,0.62425,Long term pharmacotherapy for obesity and overweight: updated meta-analysis.
train,766,Medications to treat obesity have unwanted side effects.,7552215,support,supported,0.722031,Long term pharmacotherapy for obesity and overweight: updated meta-analysis.
train,766,Medications to treat obesity have unwanted side effects.,22057077,wrong_paper,unsupported,0.318087,Methylphenidate is a medication used routinely in the management of attention deficit hyperactivity disorder. We report a case of a prepubertal child who developed unwanted erections after commencing a response-adjusted dosing regimen of sustained release methylphenidate.
train,767,Men are more susceptible to death due to pneumonia when compared to women.,2488880,contradict,unsupported,0.746256,"Mortality was higher in women for lung (men, 18% vs women, 34%; P = .002) and soft tissue (men, 2% vs women, 10%; P < or = .05) infection; for other infectious sites, mortality did not differ by gender. Factors associated with mortality due to pneumonia by logistic regression included higher APACHE II score, malignancy, diabetes mellitus, diagnosis of infection more than 7 days after admission, older age, transplantation, and female gender (OR for death, 2.25; 95% CI, 1.17-4.32; P = .02)."
train,771,Metastatic colorectal cancer treated with a single agent fluoropyrimidines resulted in similar efficacy and better quality of life when compared with oxaliplatin-based chemotherapy in elderly patients.,15476777,contradict,unsupported,0.765311,"Chemotherapy options in elderly and frail patients with metastatic colorectal cancer (MRC FOCUS2): an open-label, randomised factorial trial"
train,772,Mice are incapable of producing neutralizing antibodies in reponse to the Chikungunya virus (CHIKV) produced in mosquitos.,24922825,contradict,unsupported,0.735141,"A single dose of EILV/CHIKV produced in mosquito cells elicited rapid (within 4 d) and long-lasting (>290 d) neutralizing antibodies that provided complete protection in two different mouse models. In nonhuman primates, EILV/CHIKV elicited rapid and robust immunity that protected against viremia and telemetrically monitored fever."
train,774,Mice defective for deoxyribonucleic acid (DNA) polymerase I (polI) fail to reveal increased sensitivity to ionizing radiation (IR).,32275758,cited_no_evidence,unsupported,0.452063,"Nonoverlapping functions of DNA polymerases mu, lambda, and terminal deoxynucleotidyltransferase during immunoglobulin V(D)J recombination in vivo."
train,776,Mice defective for deoxyribonucleic acid (DNA) polymerase m (polm) fail to reveal increased sensitivity to ionizing radiation (IR).,32275758,cited_no_evidence,unsupported,0.456034,"Nonoverlapping functions of DNA polymerases mu, lambda, and terminal deoxynucleotidyltransferase during immunoglobulin V(D)J recombination in vivo."
train,777,Mice defective for deoxyribonucleic acid (DNA) polymerase m (polm) reveal increased sensitivity to ionizing radiation (IR).,32275758,cited_no_evidence,unsupported,0.449932,"Nonoverlapping functions of DNA polymerases mu, lambda, and terminal deoxynucleotidyltransferase during immunoglobulin V(D)J recombination in vivo."
train,778,Mice lacking Sirt1 in Sf1-expressing neurons are immune to diet-induced obesity and insulin resistance.,13001323,contradict,unsupported,0.919908,"Conversely, mice overexpressing SIRT1 in SF1 neurons are more resistant to diet-induced obesity and insulin resistance due to increased energy expenditure and enhanced skeletal muscle insulin sensitivity. Our results unveil important protective roles of SIRT1 in SF1 neurons against dietary metabolic imbalance."
train,779,Mice lacking Sirt1 in Sf1-expressing neurons have increased susceptibility to diet-induced obesity and insulin resistance.,13001323,support,supported,0.933778,"Conversely, mice overexpressing SIRT1 in SF1 neurons are more resistant to diet-induced obesity and insulin resistance due to increased energy expenditure and enhanced skeletal muscle insulin sensitivity. Our results unveil important protective roles of SIRT1 in SF1 neurons against dietary metabolic imbalance."
train,779,Mice lacking Sirt1 in Sf1-expressing neurons have increased susceptibility to diet-induced obesity and insulin resistance.,2481032,wrong_paper,unsupported,0.849223,"In summary, we conclude that neuronal Sirt1 negatively regulates hypothalamic insulin signaling, leading to systemic insulin resistance. Interventions that reduce neuronal Sirt1 activity have the potential to improve systemic insulin action and limit weight gain on an obesigenic diet."
train,780,Mice that lack Interferon-γ or its receptor are highly susceptible to experimental autoimmune myocarditis.,8246922,support,supported,0.807521,the Development of Autoimmune Myocarditis in Mice by an
train,780,Mice that lack Interferon-γ or its receptor are highly susceptible to experimental autoimmune myocarditis.,24338780,support,supported,0.82973,Lethal autoimmune myocarditis in interferon-gamma receptor-deficient mice: enhanced disease severity by impaired inducible nitric oxide synthase induction.
train,780,Mice that lack Interferon-γ or its receptor are highly susceptible to experimental autoimmune myocarditis.,40632104,wrong_paper,unsupported,0.739302,We investigated the role of the IL-12/IFN-gamma (Th1) axis in the development of autoimmune myocarditis. IL-12p40-deficient mice on a susceptible background resisted myocarditis.
train,782,Mice without IFN-γ or its receptor are highly susceptible to EAM induced with α-MyHC/CFA.,8246922,support,supported,0.62579,"On the contrary, we found that IFN-gamma suppresses EAM. Lack of IFN-gamma due to either depletion with an antibody or a genetic deficiency exacerbated myocarditis."
train,782,Mice without IFN-γ or its receptor are highly susceptible to EAM induced with α-MyHC/CFA.,39084565,wrong_paper,unsupported,0.769155,"In BALB/c wild-type mice, EAM is a self-limiting disease, peaking 21 days after alpha-myosin H chain peptide (MyHC-alpha)/CFA immunization and largely resolving thereafter. In IFN-gammaR(-/-) mice, however, EAM is exacerbated and shows a chronic progressive disease course."
train,787,Microcin J25 encourages nucleoside triphosphate (NTP) binding.,4740447,contradict,unsupported,0.656643,The antibacterial peptide microcin J25 (MccJ25) inhibits transcription by bacterial RNA polymerase (RNAP). Biochemical results indicate that inhibition of transcription occurs at the level of NTP uptake or NTP binding by RNAP.
train,788,Microcin J25 inhibits nucleoside triphosphate (NTP) binding.,4740447,support,supported,0.698287,The antibacterial peptide microcin J25 (MccJ25) inhibits transcription by bacterial RNA polymerase (RNAP). Biochemical results indicate that inhibition of transcription occurs at the level of NTP uptake or NTP binding by RNAP.
train,788,Microcin J25 inhibits nucleoside triphosphate (NTP) binding.,4393153,wrong_paper,unsupported,0.328501,"Here we show the intrinsic RdRP activity of Pol II with only pure polymerase, an RNA template–product scaffold and nucleoside triphosphates (NTPs). Crystallography reveals the template–product duplex in the site occupied by the DNA–RNA hybrid during transcription."
train,789,Microglia are an innate immune cell type of the central nervous system.,15493354,support,supported,0.794762,"These physiological functions of microglia in the normal CNS begin during development and persist into maturity. Here, we develop a conceptual framework for functions of microglia beyond neuroinflammation and discuss the rich repertoire of signaling and communication motifs in microglia that are critical both in pathology and for the normal physiology of the CNS."
train,789,Microglia are an innate immune cell type of the central nervous system.,15889329,wrong_paper,unsupported,0.593535,"Microglia and astrocytes, associated with inflammatory innate immune responses, are responsible for surveillance of brain damage that frequently results in seizures. Thus, an intriguing suggestion has been put forward that seizures may be facilitated and perhaps triggered by brain immune responses."
train,790,Microglia are an innate immune cell type of the peripheral nervous system.,15493354,contradict,unsupported,0.777923,"These physiological functions of microglia in the normal CNS begin during development and persist into maturity. Here, we develop a conceptual framework for functions of microglia beyond neuroinflammation and discuss the rich repertoire of signaling and communication motifs in microglia that are critical both in pathology and for the normal physiology of the CNS."
train,791,Migraine with aura is associated with ischemic stroke.,15984735,support,supported,0.792094,"Nine studies investigated the association between any migraine and ischaemic stroke (pooled relative risk 1.73, 95% confidence interval 1.31 to 2.29). Additional analyses indicated a significantly higher risk among people who had migraine with aura (2.16, 1.53 to 3.03) compared with people who had migraine without aura (1.23, 0.90 to 1.69; meta-regression for aura status P=0.02)."
train,791,Migraine with aura is associated with ischemic stroke.,23785605,wrong_paper,unsupported,0.902306,"BACKGROUND Migraine, particularly with aura, is a risk factor for early-onset ischemic stroke. The underlying mechanisms are unknown, but may in part be due to migraineurs having an increased risk profile for cardiovascular disease."
train,792,Misunderstandings between doctors and patients can lead to non-adherence.,3610080,support,supported,0.748105,All the misunderstandings were associated with lack of patients' participation in the consultation in terms of the voicing of expectations and preferences or the voicing of responses to doctors' decisions and actions. They were all associated with potential or actual adverse outcomes such as non-adherence to treatment.
train,792,Misunderstandings between doctors and patients can lead to non-adherence.,17779800,wrong_paper,unsupported,0.581936,Non-adherent GPs revealed significant knowledge gaps. Adherent GPs had discussed guidelines within the primary care team while non-adherent GPs had not.
train,795,Mitochondria play a major role in apoptosis.,8551160,support,supported,0.786215,"Mitochondria are the primary energy-generating system in most eukaryotic cells. Additionally, they participate in intermediary metabolism, calcium signaling, and apoptosis."
train,795,Mitochondria play a major role in apoptosis.,27693891,wrong_paper,unsupported,0.598584,"Some of these factors act exclusively within the mitochondria to regulate the control of mitochondrial transcription, translation, and other functions. Others govern the expression of nuclear genes required for mitochondrial metabolism and organelle biogenesis."
train,797,Mitochondria play a major role in energy production.,8551160,support,supported,0.83602,"Mitochondria are the primary energy-generating system in most eukaryotic cells. Additionally, they participate in intermediary metabolism, calcium signaling, and apoptosis."
train,797,Mitochondria play a major role in energy production.,27693891,wrong_paper,unsupported,0.668295,"Some of these factors act exclusively within the mitochondria to regulate the control of mitochondrial transcription, translation, and other functions. Others govern the expression of nuclear genes required for mitochondrial metabolism and organelle biogenesis."
train,798,Mitochondria play a trivial role in calcium homeostasis.,8551160,contradict,unsupported,0.661121,"Additionally, they participate in intermediary metabolism, calcium signaling, and apoptosis. Given these well-established functions, it might be expected that mitochondrial dysfunction would give rise to a simple and predictable set of defects in all tissues."
train,799,Moderate consumption of candy and chocolate reduces the risk of cardiovascular disease (CVD).,5293024,cited_no_evidence,unsupported,0.628471,"Candy has been blamed for various ills, including hyperactivity in children; however, clinical trials have not supported this.1 Candy—sugar confectionery and chocolate—is not a recent invention: the ancient Arabs, Chinese, and Egyptians candied fruits and nuts in honey, and the Aztecs made a chocolate drink from the bean of the cacao tree. Today, Americans gratify themselves with, on average, 5.4 kg of sugar candy and 6.5 kg of chocolate per person annually.2 Since candy has existed for centuries, we surmised that it cannot be totally unhealthy."
train,801,Monoclonal antibody targeting of N-cadherin encourages castration resistance.,22180793,contradict,unsupported,0.808959,"Monoclonal antibody targeting of N-cadherin inhibits prostate cancer growth, metastasis and castration resistance"
train,802,Monoclonal antibody targeting of N-cadherin encourages metastasis.,22180793,contradict,unsupported,0.863108,These data indicate that N-cadherin is a major cause of both prostate cancer metastasis and castration resistance. Therapeutic targeting of this factor with monoclonal antibodies may have considerable clinical benefit.
train,803,Monoclonal antibody targeting of N-cadherin inhibits castration resistance.,22180793,support,supported,0.815788,"Monoclonal antibody targeting of N-cadherin inhibits prostate cancer growth, metastasis and castration resistance"
train,803,Monoclonal antibody targeting of N-cadherin inhibits castration resistance.,4373433,wrong_paper,unsupported,0.324563,"Many of the new monoclonal antibodies are almost tenfold more potent than the recently described PG9, PG16 and VRC01 broadly neutralizing monoclonal antibodies and 100-fold more potent than the original prototype HIV broadly neutralizing monoclonal antibodies. The monoclonal antibodies largely recapitulate the neutralization breadth found in the corresponding donor serum and many recognize novel epitopes on envelope (Env) glycoprotein gp120, illuminating new targets for vaccine design."
train,804,Monoclonal antibody targeting of N-cadherin inhibits growth.,22180793,support,supported,0.840249,"Monoclonal antibody targeting of N-cadherin inhibits prostate cancer growth, metastasis and castration resistance"
train,804,Monoclonal antibody targeting of N-cadherin inhibits growth.,23160444,wrong_paper,unsupported,0.589482,Two-tiered coupling between flowing actin and immobilized N-cadherin/catenin complexes in neuronal growth cones.
train,807,Most termination events in Okazaki fragments are dictated by initiation patterns.,36606083,support,supported,0.491053,"Via the deep sequencing of Okazaki fragments, we comprehensively document replication fork directionality throughout the S. cerevisiae genome, which permits the systematic analysis of initiation, origin efficiency, fork progression, and termination. We show that leading-strand initiation preferentially occurs within a nucleosome-free region at replication origins."
train,807,Most termination events in Okazaki fragments are dictated by initiation patterns.,25787749,wrong_paper,unsupported,0.299799,This finding provides new insights into the properties and functions of G4s. We discuss the observed activation phenomenon in relation to the possible regulatory role of G4s in the rapid rescue of the stalled lagging strand synthesis by helping the replicator recognize and activate the replication origin as well as by quickly removing the G4-structured flap during Okazaki fragment maturation.
train,810,"Mouse models can be generated using ""artificial spermatids.""",13513790,support,supported,0.532988,"These cells, designated as AG-haESCs, partially maintain paternal imprints, express classical ESC pluripotency markers, and contribute to various tissues, including the germline, upon injection into diploid blastocysts. Strikingly, live mice can be obtained upon injection of AG-haESCs into MII oocytes, and these mice bear haESC-carried genetic traits and develop into fertile adults."
train,810,"Mouse models can be generated using ""artificial spermatids.""",22186938,wrong_paper,unsupported,0.438201,"Toward this aim we are establishing artificial chromosomes in murine cells as novel gene expression vectors. Initially we transferred HAC vectors into murine cells, but were unable to generate de novo HACs at a reasonable frequency."
train,812,Mutant mice lacking SVCT2 have severely reduced ascorbic acid levels in both brain and adrenals.,19799455,support,supported,0.71585,"We have created mice deficient in the mouse ortholog (solute carrier family 23 member 1 or Slc23a1) of a rat ascorbic-acid transporter, Svct2 (ref. 4)."
train,812,Mutant mice lacking SVCT2 have severely reduced ascorbic acid levels in both brain and adrenals.,5107861,wrong_paper,unsupported,0.422956,"Known cross-talk between the brain and immune system includes the hypothalamic-pituitary-adrenal axis, which centrally drives glucocorticoid production in the adrenal cortex, and the sympathetic-adrenal-medullary axis, which controls stress-induced catecholamine release in support of the fight-or-flight reflex. It remains unknown, however, whether chronic stress changes hematopoietic stem cell activity."
train,813,"Mutations in G-Beta protein GNB1 are present in many cancers, resulting in loss of interaction with G-alpha subunits and concomitant activation of AKT pathway.",33387953,cited_no_evidence,unsupported,0.778583,"Activating mutations in genes encoding G protein α (Gα) subunits occur in 4-5% of all human cancers, but oncogenic alterations in Gβ subunits have not been defined. Here we demonstrate that recurrent mutations in the Gβ proteins GNB1 and GNB2 confer cytokine-independent growth and activate canonical G protein signaling."
train,815,Mutations in RIM1 decrease levels of IME1 RNA.,8148304,support,supported,0.770163,"rim1 mutations cause reduced expression of IME1, which is required for expression of many meiotic genes, and thus lead to a partial defect in meiosis and spore formation. We report the sequence of RIM1 and functional analysis of its coding region."
train,815,Mutations in RIM1 decrease levels of IME1 RNA.,23604601,wrong_paper,unsupported,0.61318,"In this paper we show that IME1 is also subject to translational regulation. Translation of IME1 mRNA is achieved either upon nitrogen starvation, or upon G1 arrest."
train,816,Mutations in RIM1 raise levels of IME1 RNA.,8148304,contradict,unsupported,0.774756,"rim1 mutations cause reduced expression of IME1, which is required for expression of many meiotic genes, and thus lead to a partial defect in meiosis and spore formation. We report the sequence of RIM1 and functional analysis of its coding region."
train,817,Myelin sheaths are lipid-rich cellular structures.,17814815,cited_no_evidence,unsupported,0.581626,Striking color patterns unique to individual myelinated fibers are generated that facilitate their tracing in dense axonal areas. These patterns highlight nodes of Ranvier and Schmidt-Lanterman incisures and can be used to detect various myelin pathologies.
train,818,Myelin sheaths play a role in action potential propagation.,17814815,support,supported,0.609469,Striking color patterns unique to individual myelinated fibers are generated that facilitate their tracing in dense axonal areas. These patterns highlight nodes of Ranvier and Schmidt-Lanterman incisures and can be used to detect various myelin pathologies.
train,818,Myelin sheaths play a role in action potential propagation.,45487164,wrong_paper,unsupported,0.346462,"MSP also functions in sperm locomotion, playing a role analogous to actin. Thus, during evolution, MSP has acquired extracellular signaling and intracellular cytoskeletal functions for reproduction."
train,822,N348I mutations cause resistance to nevirapine.,15319019,support,supported,0.835596,N348I also decreased susceptibility to nevirapine (7.4fold) and efavirenz (2.5-fold) and significantly potentiated resistance to these drugs when combined with K103N. Biochemical analyses of recombinant RT containing N348I provide supporting evidence for the role of this mutation in zidovudine and NNRTI resistance and give some insight into the molecular mechanism of resistance.
train,822,N348I mutations cause resistance to nevirapine.,2319305,wrong_paper,unsupported,0.848463,"These findings provide strong evidence to suggest that N348I can thwart the inhibitory effects of nevirapine during initiation of (+)-strand DNA synthesis, which provides a novel mechanism for resistance. The data are in agreement with clinical data, which demonstrate a stronger effect of N348I on susceptibility to nevirapine as compared with efavirenz."
train,825,N348I mutations reduce resistance to nevirapine.,15319019,contradict,unsupported,0.830408,N348I also decreased susceptibility to nevirapine (7.4fold) and efavirenz (2.5-fold) and significantly potentiated resistance to these drugs when combined with K103N. Biochemical analyses of recombinant RT containing N348I provide supporting evidence for the role of this mutation in zidovudine and NNRTI resistance and give some insight into the molecular mechanism of resistance.
train,826,NAC destabilizes NO to increase the effect of contrast agents on renal functions.,4678846,cited_no_evidence,unsupported,0.546638,"There were no major treatment-related adverse events. CONCLUSION Acetylcysteine protects patients with moderate chronic renal insufficiency from contrast-induced deterioration in renal function after coronary angiographic procedures, with minimal adverse effects and at a low cost."
train,828,NAC inhibits the generation of angiotensin-converting enzyme.,4678846,cited_no_evidence,unsupported,0.388277,Acetylcysteine for prevention of acute deterioration of renal function following elective coronary angiography and intervention: a randomized controlled trial.
train,835,NR5A2 does not play a role in development of endometrial tissues.,15928989,contradict,unsupported,0.645222,"Hormone replacement permitted embryo implantation but was followed by gestational failure with impaired endometrial decidualization, compromised placental formation, fetal growth retardation and fetal death. Lrh-1 is also expressed in the mouse and human endometrium, and in a primary culture of human endometrial stromal cells, reduction of NR5A2 transcript abundance by RNA interference abrogated decidualization."
train,838,NR5A2 is important in reverse cholesterol transport in humans.,15928989,cited_no_evidence,unsupported,0.460609,"Germline ablation of Nr5a2 (also called Lrh-1), the gene coding for Lrh-1, in mice is embryonically lethal at gastrulation. Depletion of Lrh-1 in the ovarian follicle shows that it regulates genes required for both steroid synthesis and ovulation."
train,840,Natriuretic peptides increase susceptibility to diabetes.,15663829,contradict,unsupported,0.726108,Mendelian Randomization Study of B-Type Natriuretic Peptide and Type 2 Diabetes: Evidence of Causal Association from Population Studies
train,841,Natriuretic peptides protect against diabetes.,15663829,support,supported,0.664378,Mendelian Randomization Study of B-Type Natriuretic Peptide and Type 2 Diabetes: Evidence of Causal Association from Population Studies
train,841,Natriuretic peptides protect against diabetes.,3912660,wrong_paper,unsupported,0.542571,ANP is degraded by natriuretic peptide receptor (NPR). This study was to determine if aberrant pro-ANP/corin/NPR signaling is present in maternal vascular system in preeclampsia.
train,844,Neutrophil extracellular trap (NET) antigens may contain the targeted autoantigens PR3 and MPO.,17741440,support,supported,0.702071,"Here we show that chromatin fibers, so-called neutrophil extracellular traps (NETs), are released by ANCA-stimulated neutrophils and contain the targeted autoantigens proteinase-3 (PR3) and myeloperoxidase (MPO). Deposition of NETs in inflamed kidneys and circulating MPO-DNA complexes suggest that NET formation triggers vasculitis and promotes the autoimmune response against neutrophil components in individuals with SVV."
train,844,Neutrophil extracellular trap (NET) antigens may contain the targeted autoantigens PR3 and MPO.,11328820,wrong_paper,unsupported,0.697621,"The early events leading to the development of rheumatoid arthritis (RA) remain unclear, but formation of autoantibodies to citrullinated protein antigens (ACPAs) is considered a key pathogenic event. Neutrophils isolated from patients with various autoimmune diseases display enhanced neutrophil extracellular trap (NET) formation, a phenomenon that exposes autoantigens in the context of immunostimulatory molecules."
train,846,Neutrophils produce IL-1β in response to large particles.,22696649,support,supported,0.708695,"In contrast, large microbes triggered ROS extracellularly, amplifying IL-1β expression to recruit numerous neutrophils forming cooperative clusters. Defects in ROS-mediated microbe size sensing resulted in large neutrophil infiltrates and clusters in response to small microbes that contribute to inflammatory disease."
train,846,Neutrophils produce IL-1β in response to large particles.,2692522,wrong_paper,unsupported,0.691436,"Moreover, an impaired neutrophil influx is found in an in vivo model of crystal-induced peritonitis in inflammasome-deficient mice or mice deficient in the IL-1β receptor (IL-1R). These findings provide insight into the molecular processes underlying the inflammatory conditions of gout and pseudogout, and further support a pivotal role of the inflammasome in several autoinflammatory diseases."
train,848,Nigerian physicians constitue the largest component of sub-Saharan Africa-trained physicians in the United States.,14500725,cited_no_evidence,unsupported,0.581753,BACKGROUND The large-scale emigration of physicians from sub-Saharan Africa (SSA) to high-income nations is a serious development concern. Our objective was to determine current emigration trends of SSA physicians found in the physician workforce of the United States.
train,853,Nonhuman primates are incapable of producing neutralizing antibodies in reponse to the Eilat virus (EILV) produced in mosquitos.,24922825,contradict,unsupported,0.741369,"A single dose of EILV/CHIKV produced in mosquito cells elicited rapid (within 4 d) and long-lasting (>290 d) neutralizing antibodies that provided complete protection in two different mouse models. In nonhuman primates, EILV/CHIKV elicited rapid and robust immunity that protected against viremia and telemetrically monitored fever."
train,854,Nonhypertensive people who are 55 years old have a 90% chance of developing hypertension during their lifetime.,12206390,support,supported,0.764206,RESULTS The residual lifetime risks for developing hypertension and stage 1 high blood pressure or higher (greater-than-or-equal to 140/90 mm Hg regardless of treatment) were 90% in both 55- and 65-year-old participants. The lifetime probability of receiving antihypertensive medication was 60%.
train,854,Nonhypertensive people who are 55 years old have a 90% chance of developing hypertension during their lifetime.,4506414,wrong_paper,unsupported,0.738463,"People with hypertension (blood pressure ≥140/90 mm Hg or those receiving blood pressure-lowering drugs) had a lifetime risk of overall cardiovascular disease at 30 years of age of 63·3% (95% CI 62·9-63·8) compared with 46·1% (45·5-46·8) for those with normal blood pressure, and developed cardiovascular disease 5·0 years earlier (95% CI 4·8-5·2). Stable and unstable angina accounted for most (43%) of the cardiovascular disease-free years of life lost associated with hypertension from index age 30 years, whereas heart failure and stable angina accounted for the largest proportion (19% each) of years of life lost from index age 80 years."
train,855,Noninvasive positive pressure ventilation is not predictive of acute respiratory failure after solid organ transplantation.,8190282,contradict,unsupported,0.821408,Noninvasive ventilation for treatment of acute respiratory failure in patients undergoing solid organ transplantation: a randomized trial.
train,856,Nonsteroidal antinflammatory drugs are ineffective as cancer treatments.,43334921,contradict,unsupported,0.401039,"MAIN OUTCOMES AND MEASURES Colorectal cancer. RESULTS Regular use of aspirin and/or NSAIDs was associated with lower risk of colorectal cancer (prevalence, 28% vs 38%; odds ratio [OR], 0.69 [95% CI, 0.64-0.74]; P = 6.2 × 10(-28)) compared with nonregular use."
train,857,Nonsteroidal antinflammatory drugs show potential anticancer indications.,43334921,support,supported,0.362183,"MAIN OUTCOMES AND MEASURES Colorectal cancer. RESULTS Regular use of aspirin and/or NSAIDs was associated with lower risk of colorectal cancer (prevalence, 28% vs 38%; odds ratio [OR], 0.69 [95% CI, 0.64-0.74]; P = 6.2 × 10(-28)) compared with nonregular use."
train,857,Nonsteroidal antinflammatory drugs show potential anticancer indications.,6219790,wrong_paper,unsupported,0.211648,Cancer Cell Membrane-Coated Nanoparticles for Anticancer Vaccination and Drug Delivery
train,858,Normal expression of RUNX1 causes tumorsupressing effects.,1982286,support,supported,0.665571,Reverse engineering of TLX oncogenic transcriptional networks identifies RUNX1 as tumor suppressor in T-ALL
train,858,Normal expression of RUNX1 causes tumorsupressing effects.,12315072,wrong_paper,unsupported,0.53553,Early chromatin unfolding by RUNX1: a molecular explanation for differential requirements during specification versus maintenance of the hematopoietic gene expression program.
train,860,Normal granulomas form in the absence of TNF in Zebrafish.,16066726,support,supported,0.659126,"Loss of TNF signaling causes progression of tuberculosis in humans, and the increased mortality of Mycobacterium tuberculosis-infected mice is associated with disorganized necrotic granulomas, although the precise roles of TNF signaling preceding this endpoint remain undefined. We monitored transparent Mycobacterium marinum-infected zebrafish live to conduct a stepwise dissection of how TNF signaling operates in mycobacterial pathogenesis."
train,860,Normal granulomas form in the absence of TNF in Zebrafish.,24707550,wrong_paper,unsupported,0.336966,"To this end, we analyzed bone marrow-derived macrophages from mice with S. mansoni egg-induced pulmonary granulomas and unchallenged (or naïve) mice to determine their activation state and their response to specific TLR agonists, including S. mansoni egg antigens. Unlike naïve macrophages, macrophages from Th2-polarized mice constitutively expressed significantly higher ""found in inflammatory zone-1"" (FIZZ1) and ST2 (M2 markers) and significantly lower NO synthase 2, CCL3, MIP-2, TNF-alpha, and IL-12 (M1 markers)."
train,861,Normal granulomas form in the presence of TNF in Zebrafish.,16066726,contradict,unsupported,0.664542,"Loss of TNF signaling causes progression of tuberculosis in humans, and the increased mortality of Mycobacterium tuberculosis-infected mice is associated with disorganized necrotic granulomas, although the precise roles of TNF signaling preceding this endpoint remain undefined. We monitored transparent Mycobacterium marinum-infected zebrafish live to conduct a stepwise dissection of how TNF signaling operates in mycobacterial pathogenesis."
train,863,Notch signaling occurs between tumor cells and stromal cells.,20568364,support,supported,0.743419,Crosstalk between tumor and endothelial cells promotes tumor angiogenesis by MAPK activation of Notch signaling.
train,863,Notch signaling occurs between tumor cells and stromal cells.,16361581,support,supported,0.766274,"In this study we investigated whether Notch signaling is involved in the tight interactions between neoplastic plasma cells and their bone marrow microenvironment, which are essential for tumor cell growth in multiple myeloma (MM). Here we demonstrate that Notch receptors and their ligand Jagged1 are highly expressed in cultured and primary MM cells, whereas nonneoplastic counterparts show low to undetectable levels of Notch."
train,863,Notch signaling occurs between tumor cells and stromal cells.,16086778,wrong_paper,unsupported,0.731738,"The biological antagonism between Notch and Numb controls the proliferative/differentiative balance in development and homeostasis. Although altered Notch signaling has been linked to human diseases, including cancer, evidence for a substantial involvement of Notch in human tumors has remained elusive."
train,866,Nuclear transfer from adult human fibroblasts to human oocytes can give rise to blastocysts containing expandable pluripotent cells.,37822406,cited_no_evidence,unsupported,0.646482,Human somatic cell nuclear transfer using adult cells.
train,867,Oat tolerant coeliac patients may have oat specific inflammatory cells in their small bowel mucosa.,14340571,support,supported,0.760931,"Four of the patients had clinical symptoms on an oats-containing diet, and three of these four patients had intestinal inflammation typical of celiac disease at the time of oats exposure. We established oats-avenin-specific and -reactive intestinal T-cell lines from these three patients, as well as from two other patients who appeared to tolerate oats."
train,867,Oat tolerant coeliac patients may have oat specific inflammatory cells in their small bowel mucosa.,10675756,wrong_paper,unsupported,0.519495,Related IgA1 and IgG producing cells in blood and diseased mucosa in ulcerative colitis.
train,871,Obesity decreases life quality.,195689316,cited_no_evidence,unsupported,0.507626,"INTERPRETATION Although other anthropometric measures (eg, waist circumference, waist-to-hip ratio) could well add extra information to BMI, and BMI to them, BMI is in itself a strong predictor of overall mortality both above and below the apparent optimum of about 22.5-25 kg/m(2). The progressive excess mortality above this range is due mainly to vascular disease and is probably largely causal."
train,876,Obesity raises life quality.,195689316,cited_no_evidence,unsupported,0.487033,"INTERPRETATION Although other anthropometric measures (eg, waist circumference, waist-to-hip ratio) could well add extra information to BMI, and BMI to them, BMI is in itself a strong predictor of overall mortality both above and below the apparent optimum of about 22.5-25 kg/m(2). The progressive excess mortality above this range is due mainly to vascular disease and is probably largely causal."
train,877,Occipital activation levels are associated with auditory spatial performance in parietal regions of the brain.,313394,cited_no_evidence,unsupported,0.709914,"During binaural sound localization, a sighted control group showed decreased cerebral blood flow in the occipital lobe, which was not seen in early-blind individuals. During monaural sound localization (one ear plugged), the subgroup of early-blind subjects who were behaviorally superior at sound localization displayed two activation foci in the occipital cortex."
train,881,Omnivores produce less trimethylamine N-oxide from dietary I-carnitine than vegans.,14803797,contradict,unsupported,0.669359,"We demonstrate here that metabolism by intestinal microbiota of dietary L-carnitine, a trimethylamine abundant in red meat, also produces TMAO and accelerates atherosclerosis in mice. Omnivorous human subjects produced more TMAO than did vegans or vegetarians following ingestion of L-carnitine through a microbiota-dependent mechanism."
train,883,Omnivores produce more trimethylamine N-oxide from dietary I-carnitine than vegans.,14803797,support,supported,0.66845,"We demonstrate here that metabolism by intestinal microbiota of dietary L-carnitine, a trimethylamine abundant in red meat, also produces TMAO and accelerates atherosclerosis in mice. Omnivorous human subjects produced more TMAO than did vegans or vegetarians following ingestion of L-carnitine through a microbiota-dependent mechanism."
train,883,Omnivores produce more trimethylamine N-oxide from dietary I-carnitine than vegans.,6327940,wrong_paper,unsupported,0.574871,"Risk of many other degenerative disorders may be decreased in vegans, although reduced growth factor activity may be responsible for an increased risk of hemorrhagic stroke. By altering the glucagon/insulin balance, it is conceivable that supplemental intakes of key non-essential amino acids could enable omnivores to enjoy some of the health advantages of a vegan diet."
train,884,Omnivores produce more trimethylamine N-oxide from dietary I-carnitine than vegetarians.,14803797,support,supported,0.657886,"We demonstrate here that metabolism by intestinal microbiota of dietary L-carnitine, a trimethylamine abundant in red meat, also produces TMAO and accelerates atherosclerosis in mice. Omnivorous human subjects produced more TMAO than did vegans or vegetarians following ingestion of L-carnitine through a microbiota-dependent mechanism."
train,884,Omnivores produce more trimethylamine N-oxide from dietary I-carnitine than vegetarians.,33684572,wrong_paper,unsupported,0.363376,Recent studies indicate both clinical and mechanistic links between atherosclerotic heart disease and intestinal microbial metabolism of certain dietary nutrients producing trimethylamine N-oxide (TMAO). Here we test the hypothesis that gut microbial transplantation can transmit choline diet-induced TMAO production and atherosclerosis susceptibility.
train,885,One in five surgical randomized controlled trials are discontinued early.,6477536,support,supported,0.815045,"CONCLUSIONS One in five surgical randomised controlled trials are discontinued early, one in three completed trials remain unpublished, and investigators of unpublished studies are frequently not contactable. This represents a waste of research resources and raises ethical concerns regarding hidden clinical data and futile participation by patients with its attendant risks."
train,885,One in five surgical randomized controlled trials are discontinued early.,7613033,wrong_paper,unsupported,0.404289,"A recent pooled analysis of a long-term posttrial follow-up of nearly 14,000 patients from four randomized, cardiovascular disease prevention trials showed that daily aspirin treatment for about five years was associated with a 34% reduction in 20-year CRC mortality. A separate metaanalysis of nearly 3,000 patients with a history of colorectal adenoma or cancer in four randomized adenoma prevention trials showed that aspirin reduced the occurrence of advanced adenomas by 28% and any adenoma by 17%."
train,886,One in two surgical randomized controlled trials are discontinued early.,6477536,contradict,unsupported,0.803873,"CONCLUSIONS One in five surgical randomised controlled trials are discontinued early, one in three completed trials remain unpublished, and investigators of unpublished studies are frequently not contactable. This represents a waste of research resources and raises ethical concerns regarding hidden clinical data and futile participation by patients with its attendant risks."
train,890,Origin gross domestic product(GDP) is negatively related to dengue virus (DENV-1) diffusion in air traffic shipments.,2097256,cited_no_evidence,unsupported,0.604548,"The risk of dengue was higher in rural than in urban areas, largely explained by lack of piped water supply, and in human population densities more often falling within the critical range. Mathematical modeling suggests that simple assumptions regarding area-level vector/host ratios may explain the occurrence of outbreaks."
train,891,Origin gross domestic product(GDP) is positively related to dengue virus (DENV-1) diffusion in air traffic shipments.,2097256,cited_no_evidence,unsupported,0.607422,"The risk of dengue was higher in rural than in urban areas, largely explained by lack of piped water supply, and in human population densities more often falling within the critical range. Mathematical modeling suggests that simple assumptions regarding area-level vector/host ratios may explain the occurrence of outbreaks."
train,893,Osteocytes have an essential role in G-CSF induced HSPC mobilization.,13509809,support,supported,0.841293,"Here, we demonstrate that osteocytes, the major cellular component of mature bone, are regulators of HSPC egress. Granulocyte colony-stimulating factor (G-CSF), used clinically to mobilize HSPCs, induces changes in the morphology and gene expression of the osteocytic network that precedes changes in osteoblasts."
train,893,Osteocytes have an essential role in G-CSF induced HSPC mobilization.,38899659,wrong_paper,unsupported,0.521707,PTH Signaling in Osteoprogenitors Is Essential for B-Lymphocyte Differentiation and Mobilization.
train,894,"Osteoparthritis (OA) is characterized by degeneration of articular cartilage, joint edge, and subchondral bone hyperplasia.",14724693,cited_no_evidence,unsupported,0.525302,"CONTEXT Chronic low back pain (LBP) with degenerative lumbar osteoarthritis (OA) is widespread in the adult population. Although glucosamine is increasingly used by patients with chronic LBP, little is known about its effect in this setting."
train,895,Over half of the gabonese children with Schimmelpenning-Feuerstein-Mims syndrome (SFM) had a plasma lactate of more than 5mmol/L.,18750453,cited_no_evidence,unsupported,0.264674,"To assist management of severely ill children, and to test the hypothesis that volume changes in fluid compartments reflect disease severity, we measured body compartment volumes in Gabonese children with malaria. Methods and Findings Total body water volume (TBW) and extracellular water volume (ECW) were estimated in children with severe or moderate malaria and in convalescence by tracer dilution with heavy water and bromide, respectively."
train,896,Overexpressing Cnp1 N-tail variants exacerbates the temperature-sensitive growth defect of scm3-139.,14338915,cited_no_evidence,unsupported,0.524831,"Scm3(Sp) depends on Mis16/18 for its centromere localization and like them is recruited to centromeres in late anaphase. Importantly, Scm3(Sp) coaffinity purifies with CENP-A(Cnp1) and associates with CENP-A(Cnp1) in vitro, yet localizes independently of intact CENP-A(Cnp1) chromatin and is differentially released from chromatin."
train,897,Overexpressing Cnp1 N-tail variants rescues the temperature-sensitive growth defect of scm3-139.,14338915,cited_no_evidence,unsupported,0.514328,"Scm3(Sp) depends on Mis16/18 for its centromere localization and like them is recruited to centromeres in late anaphase. Importantly, Scm3(Sp) coaffinity purifies with CENP-A(Cnp1) and associates with CENP-A(Cnp1) in vitro, yet localizes independently of intact CENP-A(Cnp1) chromatin and is differentially released from chromatin."
train,898,Oxidative DNA damage activates STING signalling.,13106686,cited_no_evidence,unsupported,0.715756,Oxidative damage of DNA confers resistance to cytosolic nuclease TREX1 degradation and potentiates STING-dependent immune sensing.
train,898,Oxidative DNA damage activates STING signalling.,5572127,cited_no_evidence,unsupported,0.466629,"The role of ataxia telangiectasia mutated (ATM), a DNA double-strand break recognition and response protein, in inflammation and inflammatory diseases is unclear. We have previously shown that high levels of systemic DNA damage are induced by intestinal inflammation in wild-type mice."
train,899,Oxidative DNA damage inhibits STING signalling.,13106686,cited_no_evidence,unsupported,0.724354,Oxidative damage of DNA confers resistance to cytosolic nuclease TREX1 degradation and potentiates STING-dependent immune sensing.
train,899,Oxidative DNA damage inhibits STING signalling.,5572127,cited_no_evidence,unsupported,0.476727,"The role of ataxia telangiectasia mutated (ATM), a DNA double-strand break recognition and response protein, in inflammation and inflammatory diseases is unclear. We have previously shown that high levels of systemic DNA damage are induced by intestinal inflammation in wild-type mice."
train,900,Oxidative phosphorylation is one of the primary glycometabolic pathways in cells.,18678095,cited_no_evidence,unsupported,0.45864,"We demonstrate that glycolysis provides ATP for the FAT of vesicles. Although inhibiting ATP production from mitochondria did not affect vesicles motility, pharmacological or genetic inhibition of the glycolytic enzyme GAPDH reduced transport in cultured neurons and in Drosophila larvae."
train,901,PCSK9 inhibitors decrease plasma Lp(a) levels.,6540064,support,supported,0.794059,"Inhibition of PCSK9 also results in reductions of plasma lipoprotein (a) levels. The regulation of plasma Lp(a) levels, including the role of LDL receptors in the clearance of Lp(a), is poorly defined, and no mechanistic studies of the Lp(a) lowering by alirocumab in humans have been published to date."
train,901,PCSK9 inhibitors decrease plasma Lp(a) levels.,33118292,wrong_paper,unsupported,0.548582,"We comment on novel strategies for reducing Lp(a) levels. COMMENT Irrespective of the underlying biological mechanisms explaining the athero-thrombotic potential of this lipoprotein, most work has focused on the identification of suitable therapies for hyperlipoproteinemia(a)."
train,902,PD-1 triggering on monocytes enhances IL-10 production by monocytes.,10648422,support,supported,0.826098,Triggering of PD-1 expressed on monocytes by PD-L1 expressed on various cell types induced IL-10 production and led to reversible CD4+ T cell dysfunction. We describe a new function for PD-1 whereby microbial products inhibit T cell expansion and function by upregulating PD-1 levels and IL-10 production by monocytes after binding of PD-1 by PD-L1.
train,902,PD-1 triggering on monocytes enhances IL-10 production by monocytes.,5752492,wrong_paper,unsupported,0.672261,"Here we show that overexpression of the newly described co-stimulatory molecule, PD1 homologue (PD-1H) in human monocyte/macrophages is sufficient to induce spontaneous secretion of multiple cytokines. The process requires signaling via PD-1H as cytokine secretion could be abrogated by deletion of the cytoplasmic domain."
train,908,PGE 2 suppresss intestinal tumor growth by altering the expression of tumor suppressing and DNA repair genes.,6923961,cited_no_evidence,unsupported,0.698516,Here we show that prostaglandin E(2) (PGE(2)) silences certain tumor-suppressor and DNA-repair genes through DNA methylation to promote tumor growth. These findings uncover a previously unrecognized role for PGE(2) in the promotion of tumor progression.
train,909,PKG-la does not have a large impact on expression of pain hypersensitivity in PGK-la knockout mice.,11254556,contradict,unsupported,0.696134,"Finally, behavioural analyses in vivo showed marked defects in SNS-PKG-I(-/-) mice in several models of activity-induced nociceptive hypersensitivity, and pharmacological studies identified a clear contribution of PKG-I expressed in spinal terminals of nociceptors. Our results thus indicate that presynaptic mechanisms involving an increase in release probability from nociceptors are operational in the expression of synaptic LTP on spinal-PAG projection neurons and that PKG-I localized in presynaptic nociceptor terminals plays an essential role in this process to regulate pain sensitivity."
train,910,PKG-la does not have a large impact on expression of spinal long term potentiation in PGK-la knockout mice.,11254556,contradict,unsupported,0.666704,"Here, we found that Protein Kinase G1 (PKG-I) localized presynaptically in nociceptor terminals plays an essential role in the expression of spinal LTP. Using the Cre-lox P system, we generated nociceptor-specific knockout mice lacking PKG-I specifically in presynaptic terminals of nociceptors in the spinal cord, but not in post-synaptic neurons or elsewhere (SNS-PKG-I(-/-) mice)."
train,912,PKG-la plays an essential role in expression of spinal long term potentiation in PGK-la knockout mice.,11254556,support,supported,0.680006,"Here, we found that Protein Kinase G1 (PKG-I) localized presynaptically in nociceptor terminals plays an essential role in the expression of spinal LTP. Using the Cre-lox P system, we generated nociceptor-specific knockout mice lacking PKG-I specifically in presynaptic terminals of nociceptors in the spinal cord, but not in post-synaptic neurons or elsewhere (SNS-PKG-I(-/-) mice)."
train,912,PKG-la plays an essential role in expression of spinal long term potentiation in PGK-la knockout mice.,14188138,wrong_paper,unsupported,0.624292,Abnormal Spine Morphology and Enhanced LTP in LIMK-1 Knockout Mice
train,916,PRC1-bound plasmids sediment at a slower rate in unbound plasmids than in sucrose gradients.,18037805,cited_no_evidence,unsupported,0.215896,"It is not known whether these complexes and their effects are maintained during DNA replication or subsequently re-established. We find that when PRC1-class Polycomb complex-bound chromatin or DNA is replicated in vitro, Polycomb complexes remain bound to replicated templates."
train,917,PTEN is a regulator for the transcriptional activity of SRF,34071621,support,supported,0.797297,"PTEN interacts with the N-terminal domain of SRF and PTEN-SRF interaction promotes SRF binding to essential promoter elements in SM-specific genes. Factors inducing phenotypic switching promote loss of nuclear PTEN through nucleo-cytoplasmic translocation resulting in reduced myogenically active SRF, but enhanced SRF activity on target genes involved in proliferation."
train,917,PTEN is a regulator for the transcriptional activity of SRF,15176526,wrong_paper,unsupported,0.495721,"SRF target genes FOS and JUNB were also required for differentiation: c-Fos mediated serum responsiveness, whereas JunB was regulated by actin and MAL. Our findings demonstrate how biophysical cues are transduced into transcriptional responses that determine epidermal cell fate."
train,919,Participants who quit smoking reduce lung cancer risk by approximately 50%.,16422880,support,supported,0.814891,Effect of smoking reduction on lung cancer risk.
train,919,Participants who quit smoking reduce lung cancer risk by approximately 50%.,26067999,wrong_paper,unsupported,0.706972,Advising smokers to stop smoking and preventing nonsmokers from being exposed to tobacco smoke are the most effective ways to decrease the morbidity and mortality associated with lung cancer. Current smokers should be informed of their continuing risk for lung cancer and offered cessation treatments.
train,923,Patients in stable partnerships have a slower progression from HIV to AIDS.,17077004,support,supported,0.783752,Stable partnership and progression to AIDS or death in HIV infected patients receiving highly active antiretroviral therapy: Swiss HIV cohort study.
train,923,Patients in stable partnerships have a slower progression from HIV to AIDS.,9161988,wrong_paper,unsupported,0.432033,Immune Activation with HIV Vaccines
train,925,Patients in stable partnerships progress from HIV to death at the same rate as patients not in partnerships.,17077004,contradict,unsupported,0.821526,Stable partnership and progression to AIDS or death in HIV infected patients receiving highly active antiretroviral therapy: Swiss HIV cohort study.
train,926,Patients with common epithelial cancers  are more likely to have an emergency event as their first hospital admission if they live in resource-deprived areas.,16390264,support,supported,0.656989,"OBJECTIVES To determine the extent to which type of hospital admission (emergency compared with elective) and surgical procedure varied by socioeconomic circumstances, age, sex, and year of admission for colorectal, breast, and lung cancer. DESIGN Repeated cross sectional study with data from individual patients, 1 April 1999 to 31 March 2006."
train,926,Patients with common epithelial cancers  are more likely to have an emergency event as their first hospital admission if they live in resource-deprived areas.,5641851,wrong_paper,unsupported,0.590679,OBJECTIVE Cancer outcomes vary between and within countries with patients from deprived backgrounds known to have inferior survival. The authors set out to explore the effect of deprivation in relation to the accessibility of hospitals offering diagnostic and therapeutic services on stage at presentation and receipt of treatment.
train,927,Patients with common epithelial cancers are less likely to have an emergency event as their first hospital admission if they live in resource-deprived areas.,16390264,contradict,unsupported,0.607109,"OBJECTIVES To determine the extent to which type of hospital admission (emergency compared with elective) and surgical procedure varied by socioeconomic circumstances, age, sex, and year of admission for colorectal, breast, and lung cancer. DESIGN Repeated cross sectional study with data from individual patients, 1 April 1999 to 31 March 2006."
train,928,Patients with microcytosis and higher erythrocyte count are more vulnerable to severe malarial anaemia when infected with Plasmodium falciparum.,18174210,contradict,unsupported,0.769343,"A lower concentration of Hb per erythrocyte and a larger population of erythrocytes may be a biologically advantageous strategy against the significant reduction in erythrocyte count that occurs during acute infection with the malaria parasite Plasmodium falciparum. This haematological profile may reduce the risk of anaemia by other Plasmodium species, as well as other causes of anaemia."
train,929,Patients with microcytosis and higher erythrocyte count were more resistant to severe malarial anaemia when infected with Plasmodium falciparum.,18174210,support,supported,0.759336,CONCLUSIONS The increased erythrocyte count and microcytosis in children homozygous for alpha(+)-thalassaemia may contribute substantially to their protection against SMA. A lower concentration of Hb per erythrocyte and a larger population of erythrocytes may be a biologically advantageous strategy against the significant reduction in erythrocyte count that occurs during acute infection with the malaria parasite Plasmodium falciparum.
train,929,Patients with microcytosis and higher erythrocyte count were more resistant to severe malarial anaemia when infected with Plasmodium falciparum.,2460304,wrong_paper,unsupported,0.603452,Translocation of sickle cell erythrocyte microRNAs into Plasmodium falciparum inhibits parasite translation and contributes to malaria resistance.
train,930,Patients with panic anxiety show decreased CSF levels of hypocretin.,16056514,contradict,unsupported,0.541939,A KEY ROLE FOR OREXIN IN PANIC ANXIETY
train,933,Pediatric SCD patients with vaso-occlusive crisis show increased morphine use after breathing 80 ppm iNO for 4 hours.,14711483,support,supported,0.661989,"Morphine use over 6 hours was significantly less in the INO group (mean cumulative use, 0.29 vs 0.44 mg/kg; P =.03) but was not different over 4 hours (0.26 vs 0.32 mg/kg; P =.21) or 24 hours (0.63 vs 0.91 mg/kg; P =.15). Duration of hospitalization was 78 and 100 hours in the INO and placebo groups, respectively (P =.19)."
train,933,Pediatric SCD patients with vaso-occlusive crisis show increased morphine use after breathing 80 ppm iNO for 4 hours.,29947146,wrong_paper,unsupported,0.300969,"RESULTS A total of 58 patients qualified for enrollment. Twenty percent of patients (n = 12) had breath test results that were positive for methane (>3 parts per million [ppm]), with a mean breath methane concentration of 12.2±3.1 ppm."
train,934,Perigenital skin is not the primary site of HIV acquisition.,8563659,cited_no_evidence,unsupported,0.570594,Ex vivo infection with a CCR5-tropic strain of HIV-1 revealed greater concentrations of integrated HIV-1 DNA in cells derived from healed genital lesion biopsies than in cells from control skin biopsies. The persistence and enrichment of HIV receptor-positive inflammatory cells in the genitalia help explain the inability of anti-HSV-2 therapy to reduce HIV acquisition.
train,935,Peroxynitrite is required for induction of T cell tolerance.,5483793,support,supported,0.492312,"This process makes CD8-expressing T cells unable to bind pMHC and to respond to the specific peptide, although they retain their ability to respond to nonspecific stimulation. Nitration of TCR-CD8 is induced by MDSCs through hyperproduction of reactive oxygen species and peroxynitrite during direct cell-cell contact."
train,935,Peroxynitrite is required for induction of T cell tolerance.,42693833,wrong_paper,unsupported,0.403199,"Foxp3(+) T cells play a critical role for the maintenance of immune tolerance. Here we show that in mice, Foxp3(+) T cells contributed to diversification of gut microbiota, particularly of species belonging to Firmicutes."
train,938,Persister cells provide relapse resistance in cancer patients.,26231129,cited_no_evidence,unsupported,0.535467,"We discuss the emerging need to more fully understand the molecular basis of residual disease as a prelude to designing therapeutic strategies to minimize or eliminate residual disease so that we can move from temporary to chronic control of disease, or a cure, for patients with advanced-stage solid cancers. Ultimately, we propose a shift from the current reactive paradigm of analyzing and treating acquired drug resistance to a pre-emptive paradigm of defining the mechanisms that result in residual disease, to target and limit this disease reservoir."
train,939,Persistor cells are one reason for incomplete responses to Tyrosine kinase inhibitor (TKI) therapy in cancer patients.,26231129,cited_no_evidence,unsupported,0.506662,"However, complete and durable responses to targeted therapy are rare in individuals with advanced-stage solid cancers. Even the most effective targeted therapies generally do not induce a complete tumor response, resulting in residual disease and tumor progression that limits patient survival."
train,940,Pharmacist attendance at ward rounds increases adverse events in wards.,12258338,contradict,unsupported,0.71503,Pharmacist participation on physician rounds and adverse drug events in the intensive care unit.
train,941,Pharmacist attendance at ward rounds reduces adverse events in wards.,12258338,support,supported,0.685525,Pharmacist participation on physician rounds and adverse drug events in the intensive care unit.
train,941,Pharmacist attendance at ward rounds reduces adverse events in wards.,21260231,wrong_paper,unsupported,0.607166,"Between January and June 1998, two pharmacists observed consecutive drug administration rounds by nurses on two wards in a U.K. hospital and recorded all MAEs identified. The observers intervened in cases of potentially harmful errors."
train,942,Phase information is useful for predicting donor-recipient matches in organ transplantation.,11527199,support,supported,0.463385,"The MHC harbors more than 400 genes, but the total number of transplantation antigens is unknown. Genes that influence transplantation outcome could be identified by using linkage disequilibrium (LD)-mapping approaches, if the extended MHC haplotypes of the unrelated donor and recipient could be defined."
train,942,Phase information is useful for predicting donor-recipient matches in organ transplantation.,16737210,wrong_paper,unsupported,0.586287,"Simulated patients from the general community with characteristics drawn from distributions describing end-stage renal disease patients eligible for renal transplantation and their willing and eligible live donors. MAIN OUTCOME MEASURES Number of kidneys matched, HLA mismatch of matched kidneys, and number of grafts surviving 5 years after transplantation."
train,944,Physical activity does not improve cognitive function in individuals with Alzheimers.,1642727,contradict,unsupported,0.854682,Effect of physical activity on cognitive function in older adults at risk for Alzheimer disease: a randomized trial.
train,945,Physical activity level has no association with the difference in maximal oxygen consumption between black and white youth.,8428935,cited_no_evidence,unsupported,0.505072,"Vigorous activity levels are lowest among girls, non-Hispanic blacks, and Mexican Americans. Intervention strategies to promote lifelong physical activity among US children are needed to stem the adverse health consequences of inactivity."
train,945,Physical activity level has no association with the difference in maximal oxygen consumption between black and white youth.,26112696,cited_no_evidence,unsupported,0.585753,"The purpose of this study was to examine differences in resting, submaximal, and maximal (VO2max) oxygen consumption (VO2) in African-American (n = 44) and Caucasian (n = 31) prepubertal children aged 5-10 yr. Resting VO2 was measured via indirect calorimetry in the fasted state."
train,945,Physical activity level has no association with the difference in maximal oxygen consumption between black and white youth.,4463588,cited_no_evidence,unsupported,0.513409,"Effects of exercise intensity on cardiovascular fitness, total body composition, and visceral adiposity of obese adolescents."
train,945,Physical activity level has no association with the difference in maximal oxygen consumption between black and white youth.,13083189,cited_no_evidence,unsupported,0.570016,RESULTS Moderate to vigorous physical activity was lower and inactivity higher for non-Hispanic black and Hispanic adolescents. Participation in school physical education programs was considerably low for these adolescents and decreased with age.
train,946,Physical activity level is associated with the difference in maximal oxygen consumption between black and white youth.,8428935,cited_no_evidence,unsupported,0.577522,"Vigorous activity levels are lowest among girls, non-Hispanic blacks, and Mexican Americans. Intervention strategies to promote lifelong physical activity among US children are needed to stem the adverse health consequences of inactivity."
train,946,Physical activity level is associated with the difference in maximal oxygen consumption between black and white youth.,26112696,cited_no_evidence,unsupported,0.681849,"The purpose of this study was to examine differences in resting, submaximal, and maximal (VO2max) oxygen consumption (VO2) in African-American (n = 44) and Caucasian (n = 31) prepubertal children aged 5-10 yr. Resting VO2 was measured via indirect calorimetry in the fasted state."
train,946,Physical activity level is associated with the difference in maximal oxygen consumption between black and white youth.,4463588,cited_no_evidence,unsupported,0.580111,"Effects of exercise intensity on cardiovascular fitness, total body composition, and visceral adiposity of obese adolescents."
train,946,Physical activity level is associated with the difference in maximal oxygen consumption between black and white youth.,13083189,cited_no_evidence,unsupported,0.604824,RESULTS Moderate to vigorous physical activity was lower and inactivity higher for non-Hispanic black and Hispanic adolescents. Participation in school physical education programs was considerably low for these adolescents and decreased with age.
train,949,Physical injury represses transgultaminase activity.,13578199,cited_no_evidence,unsupported,0.335313,"Human transglutaminase 2 (TG2), a member of a large family of enzymes that catalyze protein crosslinking, plays an important role in the extracellular matrix biology of many tissues and is implicated in the gluten-induced pathogenesis of celiac sprue. Although vertebrate transglutaminases have been studied extensively, thus far all structurally characterized members of this family have been crystallized in conformations with inaccessible active sites."
train,951,Piezo1 channels are sensors for cell migration in epithelial cells.,21414718,support,supported,0.608545,"TFF1 interacts with the C-terminal portion of the Piezo1 protein. Wound healing and trans-well assays demonstrated that the restored expression of TFF1 promoted cell mobility in gastric cancer cells, and this effect was attenuated by the knockdown of Piezo1."
train,951,Piezo1 channels are sensors for cell migration in epithelial cells.,4422723,wrong_paper,unsupported,0.633664,"Like apoptotic cell extrusion, live cell extrusion resulting from overcrowding also requires sphingosine 1-phosphate signalling and Rho-kinase-dependent myosin contraction, but is distinguished by signalling through stretch-activated channels. Moreover, disruption of a stretch-activated channel, Piezo1, in zebrafish prevents extrusion and leads to the formation of epithelial cell masses."
train,952,Pioglitazone use is not associated with an increased risk of prostate cancer.,3355397,contradict,unsupported,0.835354,"In adjusted analyses, there was no association with 8 of the 10 additional cancers; ever use of pioglitazone was associated with increased risk of prostate cancer (HR, 1.13; 95% CI, 1.02-1.26) and pancreatic cancer (HR, 1.41; 95% CI, 1.16-1.71). Crude incidences of prostate and pancreatic cancer in pioglitazone users vs nonusers were 453.3 vs 449.3 and 81.1 vs 48.4 per 100,000 person-years, respectively."
train,953,Pioglitazone use is significantly associated with an increased risk of pancreatic cancer.,3355397,support,supported,0.883931,"In adjusted analyses, there was no association with 8 of the 10 additional cancers; ever use of pioglitazone was associated with increased risk of prostate cancer (HR, 1.13; 95% CI, 1.02-1.26) and pancreatic cancer (HR, 1.41; 95% CI, 1.16-1.71). Crude incidences of prostate and pancreatic cancer in pioglitazone users vs nonusers were 453.3 vs 449.3 and 81.1 vs 48.4 per 100,000 person-years, respectively."
train,953,Pioglitazone use is significantly associated with an increased risk of pancreatic cancer.,31229233,wrong_paper,unsupported,0.689926,"The one RCT that reported on pioglitazone use found no significant association with bladder cancer (risk ratio [RR] 2.36, 95% confidence interval [CI] 0.91-6.13). The cohort studies of thiazolidinediones (pooled RR 1.15, 95% CI 1.04-1.26; I(2) = 0%) and of pioglitazone specifically (pooled RR 1.22, 95% CI 1.07-1.39; I(2) = 0%) showed significant associations with bladder cancer."
train,954,Pioglitazone use is significantly associated with an increased risk of prostate cancer.,3355397,support,supported,0.911373,"In adjusted analyses, there was no association with 8 of the 10 additional cancers; ever use of pioglitazone was associated with increased risk of prostate cancer (HR, 1.13; 95% CI, 1.02-1.26) and pancreatic cancer (HR, 1.41; 95% CI, 1.16-1.71). Crude incidences of prostate and pancreatic cancer in pioglitazone users vs nonusers were 453.3 vs 449.3 and 81.1 vs 48.4 per 100,000 person-years, respectively."
train,954,Pioglitazone use is significantly associated with an increased risk of prostate cancer.,31229233,wrong_paper,unsupported,0.772665,"The one RCT that reported on pioglitazone use found no significant association with bladder cancer (risk ratio [RR] 2.36, 95% confidence interval [CI] 0.91-6.13). The cohort studies of thiazolidinediones (pooled RR 1.15, 95% CI 1.04-1.26; I(2) = 0%) and of pioglitazone specifically (pooled RR 1.22, 95% CI 1.07-1.39; I(2) = 0%) showed significant associations with bladder cancer."
train,955,Pioneer factor OCT3/4 interacts with major chromatin remodeling factors.,2078658,support,supported,0.710665,"Notably, we found that Oct4 is associated with multiple chromatin-modifying complexes with documented as well as newly proved functional significance in stem cell maintenance and somatic cell reprogramming. Our study establishes a solid biochemical basis for genetic and epigenetic regulation of stem cell pluripotency and provides a framework for exploring alternative factor-based reprogramming strategies."
train,955,Pioneer factor OCT3/4 interacts with major chromatin remodeling factors.,30507607,support,supported,0.664918,"Here, we use an improved affinity protocol to purify Oct4-interacting proteins from mouse embryonic stem cells (ESCs). Subsequent purification of Oct4 partners Sall4, Tcfcp2l1, Dax1, and Esrrb resulted in an Oct4 interactome of 166 proteins, including transcription factors and chromatin-modifying complexes with documented roles in self-renewal, but also many factors not previously associated with the ESC network."
train,955,Pioneer factor OCT3/4 interacts with major chromatin remodeling factors.,4896726,wrong_paper,unsupported,0.716395,"Pioneer transcription factors establish new cell-fate competence by triggering chromatin remodeling. However, many features of pioneer action, such as their kinetics and stability, remain poorly defined."
train,959,Polymeal nutrition increases cardiovascular mortality.,8780599,contradict,unsupported,0.728289,"RESULTS Combining the ingredients of the Polymeal would reduce cardiovascular disease events by 76%. For men, taking the Polymeal daily represented an increase in total life expectancy of 6.6 years, an increase in life expectancy free from cardiovascular disease of 9.0 years, and a decrease in life expectancy with cardiovascular disease of 2.4 years."
train,962,Post-transcriptional handling of mitochondrial transcripts occurs in mitochondrial RNA granules.,13931771,support,supported,0.736736,GRSF1 Regulates RNA Processing in Mitochondrial RNA Granules
train,962,Post-transcriptional handling of mitochondrial transcripts occurs in mitochondrial RNA granules.,935538,support,supported,0.737544,The mitochondrial RNA-binding protein GRSF1 localizes to RNA granules and is required for posttranscriptional mitochondrial gene expression.
train,962,Post-transcriptional handling of mitochondrial transcripts occurs in mitochondrial RNA granules.,4306711,support,supported,0.645636,"RNAi-mediated DDX28 silencing in HEK293T cells does not affect mitochondrial mRNA stability or 16S rRNA processing or modification. However, it leads to reduced levels of 16S rRNA and mt-LSU proteins, impaired mt-LSU assembly, deeply attenuated mitochondrial protein synthesis, and consequent failure to assemble oxidative phosphorylation complexes."
train,962,Post-transcriptional handling of mitochondrial transcripts occurs in mitochondrial RNA granules.,20018321,wrong_paper,unsupported,0.804205,Mitochondrial RNA Granules Are Centers for Posttranscriptional RNA Processing and Ribosome Biogenesis.
train,963,Pre-mRNAs associated with spliceosomal components are less stable than unassociated splicing substrates.,4162857,contradict,unsupported,0.750769,"Pol II-synthesized RNAs containing functional splice sites are protected from nuclear degradation, presumably because the local concentration of the splicing machinery is sufficiently high to ensure its association over interactions with nucleases. Furthermore, the process of transcription influences alternative splicing of newly synthesized pre-mRNAs."
train,963,Pre-mRNAs associated with spliceosomal components are less stable than unassociated splicing substrates.,29828242,cited_no_evidence,unsupported,0.832733,"Because in vitro assays can be manipulated by various biochemical approaches, the versatility of investigating alternative pre-mRNA splicing in the test tube appears endless. Importantly, modifications in reaction conditions can lead to the accumulation, isolation, and characterization of reaction intermediates, a prerequisite for gaining mechanistic insights into how the spliceosome carries out intron removal, and how regulatory elements assist the general splicing machinery in defining splice sites and alternative exons."
train,964,Pre-mRNAs associated with spliceosomal components are more stable than unassociated splicing substrates.,4162857,support,supported,0.752106,"Pol II-synthesized RNAs containing functional splice sites are protected from nuclear degradation, presumably because the local concentration of the splicing machinery is sufficiently high to ensure its association over interactions with nucleases. Furthermore, the process of transcription influences alternative splicing of newly synthesized pre-mRNAs."
train,964,Pre-mRNAs associated with spliceosomal components are more stable than unassociated splicing substrates.,29828242,cited_no_evidence,unsupported,0.836278,"Because in vitro assays can be manipulated by various biochemical approaches, the versatility of investigating alternative pre-mRNA splicing in the test tube appears endless. Importantly, modifications in reaction conditions can lead to the accumulation, isolation, and characterization of reaction intermediates, a prerequisite for gaining mechanistic insights into how the spliceosome carries out intron removal, and how regulatory elements assist the general splicing machinery in defining splice sites and alternative exons."
train,964,Pre-mRNAs associated with spliceosomal components are more stable than unassociated splicing substrates.,21330280,wrong_paper,unsupported,0.749089,"Whereas most RNP enzymes are stable in composition and harbor preformed active sites, the spliceosome, which removes noncoding introns from precursor messenger RNAs (pre-mRNAs), follows fundamentally different strategies. In order to provide both accuracy to the recognition of reactive splice sites in the pre-mRNA and flexibility to the choice of splice sites during alternative splicing, the spliceosome exhibits exceptional compositional and structural dynamics that are exploited during substrate-dependent complex assembly, catalytic activation, and active site remodeling."
train,965,Prescribed exercise training improves quality of life.,40817021,support,supported,0.699815,CONCLUSIONS Exercise training conferred modest but statistically significant improvements in self-reported health status compared with usual care without training. Improvements occurred early and persisted over time.
train,965,Prescribed exercise training improves quality of life.,2820454,wrong_paper,unsupported,0.644583,"At week 15, patients in the primary and secondary training groups had an improved 6-minute walking distance; the mean difference between the control and the primary training group was 111 m (95% confidence interval, 65 to 139 m; P<0.001). Exercise training was well tolerated and improved scores of quality of life, WHO functional class, peak oxygen consumption, oxygen consumption at the anaerobic threshold, and achieved workload."
train,969,PrimPol degrades short DNA replication intermediates on the leading strand during DNA replication.,19356271,cited_no_evidence,unsupported,0.590655,"Here, we characterize a previously unrecognized prim-pol in human cells, which we designate hPrimpol1 (human primase-polymerase 1). hPrimpol1 possesses primase and DNA polymerase activities in vitro, interacts directly with RPA1 and is recruited to sites of DNA damage and stalled replication forks in an RPA1-dependent manner."
train,969,PrimPol degrades short DNA replication intermediates on the leading strand during DNA replication.,17368516,cited_no_evidence,unsupported,0.811631,"PRIMPOL gene silencing or ablation in human and mouse cells impaired mitochondrial DNA replication. On the basis of the synergy observed with replicative DNA polymerases Polγ and Polε, PrimPol is proposed to facilitate replication fork progression by acting as a translesion DNA polymerase or as a specific DNA primase reinitiating downstream of lesions that block synthesis during both mitochondrial and nuclear DNA replication."
train,970,PrimPol generates short DNA replication intermediates on the leading strand during DNA replication.,19356271,cited_no_evidence,unsupported,0.561381,"Here, we characterize a previously unrecognized prim-pol in human cells, which we designate hPrimpol1 (human primase-polymerase 1). hPrimpol1 possesses primase and DNA polymerase activities in vitro, interacts directly with RPA1 and is recruited to sites of DNA damage and stalled replication forks in an RPA1-dependent manner."
train,970,PrimPol generates short DNA replication intermediates on the leading strand during DNA replication.,17368516,cited_no_evidence,unsupported,0.796608,"PRIMPOL gene silencing or ablation in human and mouse cells impaired mitochondrial DNA replication. On the basis of the synergy observed with replicative DNA polymerases Polγ and Polε, PrimPol is proposed to facilitate replication fork progression by acting as a translesion DNA polymerase or as a specific DNA primase reinitiating downstream of lesions that block synthesis during both mitochondrial and nuclear DNA replication."
train,972,Primary cervical cancer screening with HPV detection has lower longitudinal sensitivity than conventional cytology to detect cervical intraepithelial neoplasia grade 2.,46695481,contradict,unsupported,0.778264,"BACKGROUND Screening for cervical cancer based on testing for human papillomavirus (HPV) increases the sensitivity of detection of high-grade (grade 2 or 3) cervical intraepithelial neoplasia, but whether this gain represents overdiagnosis or protection against future high-grade cervical epithelial neoplasia or cervical cancer is unknown. METHODS In a population-based screening program in Sweden, 12,527 women 32 to 38 years of age were randomly assigned at a 1:1 ratio to have an HPV test plus a Papanicolaou (Pap) test (intervention group) or a Pap test alone (control group)."
train,972,Primary cervical cancer screening with HPV detection has lower longitudinal sensitivity than conventional cytology to detect cervical intraepithelial neoplasia grade 2.,27873158,contradict,unsupported,0.807315,"The detection of invasive cervical cancers was similar for the two groups in the first round of screening (nine in the cytology group vs seven in the HPV group, p=0.62); no cases were detected in the HPV group during round two, compared with nine in the cytology group (p=0.004). Overall, in the two rounds of screening, 18 invasive cancers were detected in the cytology group versus seven in the HPV group (p=0.028)."
train,972,Primary cervical cancer screening with HPV detection has lower longitudinal sensitivity than conventional cytology to detect cervical intraepithelial neoplasia grade 2.,28617573,contradict,unsupported,0.786524,"After conservative treatment of cervical pre-cancer, HPV testing picks up more quickly, with higher sensitivity and not lower specificity, residual or recurrent high-grade CIN than follow-up cytology. Primary screening for hrHPV generally detects more CIN2, CIN3 or cancer compared to cytology at cut-off atypical squamous cells of undetermined significance (ASC-US) or LSIL, but is less specific."
train,972,Primary cervical cancer screening with HPV detection has lower longitudinal sensitivity than conventional cytology to detect cervical intraepithelial neoplasia grade 2.,9764256,contradict,unsupported,0.817068,"BACKGROUND Human papillomavirus (HPV) testing is more sensitive for the detection of high-grade cervical lesions than is cytology, but detection of HPV by DNA screening in two screening rounds 5 years apart has not been assessed. The aim of this study was to assess whether HPV DNA testing in the first screen decreases detection of cervical intraepithelial neoplasia (CIN) grade 3 or worse, CIN grade 2 or worse, and cervical cancer in the second screening."
train,973,Primary cervical cytology screening with HPV detection has higher longitudinal sensitivity to detect severe cervical intraepithelial neoplasia than conventional cytology.,27446873,support,supported,0.85178,"Rate of cervical cancer, severe intraepithelial neoplasia, and adenocarcinoma in situ in primary HPV DNA screening with cytology triage: randomised study within organised screening programme."
train,973,Primary cervical cytology screening with HPV detection has higher longitudinal sensitivity to detect severe cervical intraepithelial neoplasia than conventional cytology.,27873158,support,supported,0.820222,"The detection of invasive cervical cancers was similar for the two groups in the first round of screening (nine in the cytology group vs seven in the HPV group, p=0.62); no cases were detected in the HPV group during round two, compared with nine in the cytology group (p=0.004). Overall, in the two rounds of screening, 18 invasive cancers were detected in the cytology group versus seven in the HPV group (p=0.028)."
train,973,Primary cervical cytology screening with HPV detection has higher longitudinal sensitivity to detect severe cervical intraepithelial neoplasia than conventional cytology.,28617573,support,supported,0.785864,"After conservative treatment of cervical pre-cancer, HPV testing picks up more quickly, with higher sensitivity and not lower specificity, residual or recurrent high-grade CIN than follow-up cytology. Primary screening for hrHPV generally detects more CIN2, CIN3 or cancer compared to cytology at cut-off atypical squamous cells of undetermined significance (ASC-US) or LSIL, but is less specific."
train,973,Primary cervical cytology screening with HPV detection has higher longitudinal sensitivity to detect severe cervical intraepithelial neoplasia than conventional cytology.,9764256,support,supported,0.799982,"The aim of this study was to assess whether HPV DNA testing in the first screen decreases detection of cervical intraepithelial neoplasia (CIN) grade 3 or worse, CIN grade 2 or worse, and cervical cancer in the second screening. METHODS In this randomised trial, women aged 29-56 years participating in the cervical screening programme in the Netherlands were randomly assigned to receive HPV DNA (GP5+/6+-PCR method) and cytology co-testing or cytology testing alone, from January, 1999, to September, 2002."
train,973,Primary cervical cytology screening with HPV detection has higher longitudinal sensitivity to detect severe cervical intraepithelial neoplasia than conventional cytology.,6561200,wrong_paper,unsupported,0.850994,Efficacy of HPV DNA testing with cytology triage and/or repeat HPV DNA testing in primary cervical cancer screening.
train,976,Primary pro-inflammatory cytokines suppress secondary pro- and anti-inflammatory mediators.,5304891,cited_no_evidence,unsupported,0.424994,"Little is known about the inter-individual variation of cytokine responses to different pathogens in healthy individuals. To systematically describe cytokine responses elicited by distinct pathogens and to determine the effect of genetic variation on cytokine production, we profiled cytokines produced by peripheral blood mononuclear cells from 197 individuals of European origin from the 200 Functional Genomics (200FG) cohort in the Human Functional Genomics Project (http://www.humanfunctionalgenomics.org), obtained over three different years."
train,977,Pro-inflammatory cytokines are up regulated during tumor development.,39264456,support,supported,0.428741,"However, significant correlations between IL-6, BMI, and TNF-alpha suggested that these cytokines acted as cofactors in weight loss. Survival was neither influenced by BMI, nor the cytokine levels in the present study."
train,977,Pro-inflammatory cytokines are up regulated during tumor development.,14075252,cited_no_evidence,unsupported,0.484575,"Specific molecular pathways have been identified in which tumors can stimulate platelet production and activation; activated platelets can, in turn, promote tumor growth and metastasis. Taken together, these findings provide exciting new potential targets for therapeutic intervention."
train,977,Pro-inflammatory cytokines are up regulated during tumor development.,8702697,wrong_paper,unsupported,0.549464,"AIMS Tumor microenvironment is a strong determinant for the acquisition of metastatic potential of cancer cells. We have recently demonstrated that cancer-associated fibroblasts (CAFs) elicit a redox-dependent epithelial-mesenchymal transition (EMT) in prostate cancer (PCa) cells, driven by cycloxygenase-2/hypoxia-inducible factor-1 (HIF-1)/nuclear factor-κB pathway and enhancing tumor aggressiveness."
train,978,Pro-inflammatory cytokines are up repressed during tumor development.,14075252,cited_no_evidence,unsupported,0.44158,"Specific molecular pathways have been identified in which tumors can stimulate platelet production and activation; activated platelets can, in turn, promote tumor growth and metastasis. Taken together, these findings provide exciting new potential targets for therapeutic intervention."
train,979,Progerin induces premature aging in stem cells.,11659421,support,supported,0.722356,"We found that expression of progerin in iPSC-derived fibroblasts and neurons induces multiple aging-related markers and characteristics, including dopamine-specific phenotypes such as neuromelanin accumulation. Induced aging in PD iPSC-derived dopamine neurons revealed disease phenotypes that require both aging and genetic susceptibility, such as pronounced dendrite degeneration, progressive loss of tyrosine hydroxylase (TH) expression, and enlarged mitochondria or Lewy-body-precursor inclusions."
train,979,Progerin induces premature aging in stem cells.,16630060,wrong_paper,unsupported,0.571072,"Somatic stem cell depletion due to the accumulation of DNA damage has been implicated in the appearance of aging-related phenotypes. Hair graying, a typical sign of aging in mammals, is caused by the incomplete maintenance of melanocyte stem cells (MSCs) with age."
train,980,Propriospinal interneurons that play a role in the plastic reorganization of spinal circuits are integral for recovery from spinal cord injury.,20128547,support,supported,0.635374,"To investigate the neural basis of spontaneous recovery, we used kinematic, physiological and anatomical analyses to evaluate mice with various combinations of spatially and temporally separated lateral hemisections with or without the excitotoxic ablation of intrinsic spinal cord neurons. We show that propriospinal relay connections that bypass one or more injury sites are able to mediate spontaneous functional recovery and supraspinal control of stepping, even when there has been essentially total and irreversible interruption of long descending supraspinal pathways in mice."
train,980,Propriospinal interneurons that play a role in the plastic reorganization of spinal circuits are integral for recovery from spinal cord injury.,4447055,wrong_paper,unsupported,0.517665,Contusive spinal cord injury leads to a variety of disabilities owing to limited neuronal regeneration and functional plasticity. It is well established that an upregulation of glial-derived chondroitin sulphate proteoglycans (CSPGs) within the glial scar and perineuronal net creates a barrier to axonal regrowth and sprouting.
train,984,Pseudogene PTENP1 encodes a transcript that regulates PTEN expression.,6828370,support,supported,0.79703,"We also demonstrate that the transcripts of protein-coding genes such as PTEN are biologically active. These findings attribute a novel biological role to expressed pseudogenes, as they can regulate coding gene expression, and reveal a non-coding function for mRNAs."
train,984,Pseudogene PTENP1 encodes a transcript that regulates PTEN expression.,34071621,wrong_paper,unsupported,0.646073,"PTEN interacts with the N-terminal domain of SRF and PTEN-SRF interaction promotes SRF binding to essential promoter elements in SM-specific genes. Factors inducing phenotypic switching promote loss of nuclear PTEN through nucleo-cytoplasmic translocation resulting in reduced myogenically active SRF, but enhanced SRF activity on target genes involved in proliferation."
train,988,Pseudoknots are not evolutionarily conserved in most eukaryotes.,3033830,cited_no_evidence,unsupported,0.3814,"We have used a bioinformatics approach based on conserved elements to computationally analyze available genomic sequences of eukaryotic organisms and have identified a large number of novel nuclear RNase P and MRP RNA genes. For MRP RNA for instance, this investigation increases the number of known sequences by a factor of three."
train,989,"Pure neural progenitor cell (NPC) populations can only be obtained from cell cultures that undergo passaging, filtration, or other isolation and cell sorting methods.",9988425,cited_no_evidence,unsupported,0.594138,"Neural progenitor cells are propagated in combination with differentiating progeny in floating clusters called neurospheres. The proportion of stem cells in neurospheres is low, however, and they cannot be directly observed or interrogated."
train,990,Pyridostatin decreases telomere fragility in BRCA2-deficient cells.,16472469,contradict,unsupported,0.839096,"Treatment with the G4-stabilizing compound pyridostatin (PDS) increases telomere fragility in BRCA2-deficient cells, suggesting that G4 formation drives telomere instability. Remarkably, PDS reduces proliferation of HR-defective cells by inducing DSB accumulation, checkpoint activation, and deregulated G2/M progression and by enhancing the replication defect intrinsic to HR deficiency."
train,992,Pyridostatin deregulates G2/M progression.,16472469,support,supported,0.557852,"Treatment with the G4-stabilizing compound pyridostatin (PDS) increases telomere fragility in BRCA2-deficient cells, suggesting that G4 formation drives telomere instability. Remarkably, PDS reduces proliferation of HR-defective cells by inducing DSB accumulation, checkpoint activation, and deregulated G2/M progression and by enhancing the replication defect intrinsic to HR deficiency."
train,992,Pyridostatin deregulates G2/M progression.,38131471,wrong_paper,unsupported,0.380949,"The signal transducers activate p53 and inactivate cyclin-dependent kinases to inhibit cell cycle progression from G1 to S (the G1/S checkpoint), DNA replication (the intra-S checkpoint), or G2 to mitosis (the G2/M checkpoint). In this review the molecular mechanisms of DNA repair and the DNA damage checkpoints in mammalian cells are analyzed."
train,994,Pyridostatin encourages proliferation of homologous recombination - defective cells.,16472469,contradict,unsupported,0.627879,"Treatment with the G4-stabilizing compound pyridostatin (PDS) increases telomere fragility in BRCA2-deficient cells, suggesting that G4 formation drives telomere instability. Remarkably, PDS reduces proliferation of HR-defective cells by inducing DSB accumulation, checkpoint activation, and deregulated G2/M progression and by enhancing the replication defect intrinsic to HR deficiency."
train,996,Pyridostatin induces checkpoint activation.,16472469,support,supported,0.590777,"Treatment with the G4-stabilizing compound pyridostatin (PDS) increases telomere fragility in BRCA2-deficient cells, suggesting that G4 formation drives telomere instability. Remarkably, PDS reduces proliferation of HR-defective cells by inducing DSB accumulation, checkpoint activation, and deregulated G2/M progression and by enhancing the replication defect intrinsic to HR deficiency."
train,996,Pyridostatin induces checkpoint activation.,38131471,wrong_paper,unsupported,0.499718,"The DNA damage checkpoints employ damage sensor proteins, such as ATM, ATR, the Rad17-RFC complex, and the 9-1-1 complex, to detect DNA damage and to initiate signal transduction cascades that employ Chk1 and Chk2 Ser/Thr kinases and Cdc25 phosphatases. The signal transducers activate p53 and inactivate cyclin-dependent kinases to inhibit cell cycle progression from G1 to S (the G1/S checkpoint), DNA replication (the intra-S checkpoint), or G2 to mitosis (the G2/M checkpoint)."
train,997,Pyridostatin induces double-strand breaks accumulation.,16472469,support,supported,0.536831,"Treatment with the G4-stabilizing compound pyridostatin (PDS) increases telomere fragility in BRCA2-deficient cells, suggesting that G4 formation drives telomere instability. Remarkably, PDS reduces proliferation of HR-defective cells by inducing DSB accumulation, checkpoint activation, and deregulated G2/M progression and by enhancing the replication defect intrinsic to HR deficiency."
train,997,Pyridostatin induces double-strand breaks accumulation.,10874408,wrong_paper,unsupported,0.438741,Mapping Meiotic Single-Strand DNA Reveals a New Landscape of DNA Double-Strand Breaks in Saccharomyces cerevisiae
train,998,Pyridostatin prevents double-strand breaks accumulation.,16472469,contradict,unsupported,0.558458,"Treatment with the G4-stabilizing compound pyridostatin (PDS) increases telomere fragility in BRCA2-deficient cells, suggesting that G4 formation drives telomere instability. Remarkably, PDS reduces proliferation of HR-defective cells by inducing DSB accumulation, checkpoint activation, and deregulated G2/M progression and by enhancing the replication defect intrinsic to HR deficiency."
train,999,Pyridostatin reduces proliferation of homologous recombination - defective cells.,16472469,support,supported,0.634528,"Treatment with the G4-stabilizing compound pyridostatin (PDS) increases telomere fragility in BRCA2-deficient cells, suggesting that G4 formation drives telomere instability. Remarkably, PDS reduces proliferation of HR-defective cells by inducing DSB accumulation, checkpoint activation, and deregulated G2/M progression and by enhancing the replication defect intrinsic to HR deficiency."
train,999,Pyridostatin reduces proliferation of homologous recombination - defective cells.,6710699,wrong_paper,unsupported,0.446515,"We used three different experimental strategies to show that WRN cellular phenotypes of limited cell division potential, DNA damage hypersensitivity, and defective homologous recombination (HR) are interrelated. WRN cell survival and the generation of viable mitotic recombinant progeny could be rescued by expressing wild-type WRN protein or by expressing the bacterial resolvase protein RusA."
train,1000,Pyridostatin stabilizes the G - quadruplex in the telomeric region.,16472469,support,supported,0.71839,"Here, we demonstrate that the replication efficiency of guanine-rich (G-rich) telomeric repeats is decreased significantly in cells lacking HR. Treatment with the G4-stabilizing compound pyridostatin (PDS) increases telomere fragility in BRCA2-deficient cells, suggesting that G4 formation drives telomere instability."
train,1000,Pyridostatin stabilizes the G - quadruplex in the telomeric region.,26118532,wrong_paper,unsupported,0.80387,"Telomestatin is able to stabilize G-quadruplex structures that are formed from duplex human telomeric DNA as well as from single-stranded DNA. Importantly, telomestatin stabilizes these G-quadruplex structures in the absence of monovalent cations, which is a unique characteristic among G-quadruplex-interactive compounds."
train,1001,R2D2 stops miRNA production by increasing the selectivity of Dcr2 for long dsRNA.,5702790,cited_no_evidence,unsupported,0.651271,"We show that Dicer-2 is a dsRNA-stimulated ATPase that hydrolyzes ATP to ADP; ATP hydrolysis is required for Dicer-2 to process long dsRNA, but not pre-miRNA. Wild-type Dicer-2, but not a mutant defective in ATP hydrolysis, can generate siRNAs faster than it can dissociate from a long dsRNA substrate."
train,1002,RA activation of DIF2 and NB4 cells induces hallmarks of transcriptionally active promoters.,13639330,cited_no_evidence,unsupported,0.397674,"Here we report an unexpected and general strategy that is based on the requirement for specific cohorts of inhibitory histone methyltransferases (HMTs) to impose gene-specific gatekeeper functions that prevent unliganded nuclear receptors and other classes of regulated transcription factors from binding to their target gene promoters and causing constitutive gene activation in the absence of stimulating signals. This strategy, based at least in part on an HMT-dependent inhibitory histone code, imposes a requirement for specific histone demethylases, including LSD1, to permit ligand- and signal-dependent activation of regulated gene expression."
train,1003,RAD52 is involved in break-induced DNA replication (BIR).,14332945,support,supported,0.832269,Mammalian RAD52 Functions in Break-Induced Replication Repair of Collapsed DNA Replication Forks
train,1003,RAD52 is involved in break-induced DNA replication (BIR).,4319844,support,supported,0.630519,"ALT-associated replication defects trigger mitotic DNA synthesis (MiDAS) at telomeres in a RAD52-dependent, but RAD51-independent, manner. Telomeric MiDAS is a conservative DNA synthesis process, potentially mediated by break-induced replication, similar to type II ALT survivors in Saccharomyces cerevisiae Replication stresses induced by ectopic oncogenic expression of cyclin E, G-quadruplexes, or R-loop formation facilitate the ALT pathway and lead to telomere clustering, a hallmark of ALT cancers."
train,1003,RAD52 is involved in break-induced DNA replication (BIR).,4899981,support,supported,0.640526,"Telomeres resemble common fragile sites (CFSs) in that they are difficult-to-replicate and exhibit fragility in mitosis in response to DNA replication stress. At CFSs, this fragility is associated with a delay in the completion of DNA replication until early mitosis, whereupon cells are proposed to switch to a RAD52-dependent form of break-induced replication."
train,1003,RAD52 is involved in break-induced DNA replication (BIR).,8577229,wrong_paper,unsupported,0.752197,Break-induced DNA replication.
train,1004,RANK-RANKL pathway signalling has no known association with development of Aire-expressing medullary thymic epithelial cells.,301838,contradict,unsupported,0.700132,Rank Signaling Links the Development of Invariant γδ T Cell Progenitors and Aire+ Medullary Epithelium
train,1004,RANK-RANKL pathway signalling has no known association with development of Aire-expressing medullary thymic epithelial cells.,2734421,contradict,unsupported,0.594916,"Medullary thymic epithelial cells (mTECs) establish T cell self-tolerance through the expression of autoimmune regulator (Aire) and peripheral tissue-specific self-antigens. However, signals underlying mTEC development remain largely unclear."
train,1004,RANK-RANKL pathway signalling has no known association with development of Aire-expressing medullary thymic epithelial cells.,3952288,contradict,unsupported,0.799413,RANK signals from CD4+3− inducer cells regulate development of Aire-expressing epithelial cells in the thymic medulla
train,1005,RANK-RANKL pathway signalling is linked to development of Aire-expressing medullary thymic epithelial cells.,301838,support,supported,0.697197,Rank Signaling Links the Development of Invariant γδ T Cell Progenitors and Aire+ Medullary Epithelium
train,1005,RANK-RANKL pathway signalling is linked to development of Aire-expressing medullary thymic epithelial cells.,2734421,support,supported,0.594019,"Whereas only RANK signaling was essential for mTEC development during embryogenesis, in postnatal mice, cooperation between CD40 and RANK signals was required for mTEC development to successfully establish the medullary microenvironment. Ligation of RANK or CD40 on fetal thymic stroma in vitro induced mTEC development in a tumor necrosis factor-associated factor 6 (TRAF6)-, NF-kappaB inducing kinase (NIK)-, and IkappaB kinase beta (IKKbeta)-dependent manner."
train,1005,RANK-RANKL pathway signalling is linked to development of Aire-expressing medullary thymic epithelial cells.,3952288,support,supported,0.809693,RANK signals from CD4+3− inducer cells regulate development of Aire-expressing epithelial cells in the thymic medulla
train,1005,RANK-RANKL pathway signalling is linked to development of Aire-expressing medullary thymic epithelial cells.,39128592,wrong_paper,unsupported,0.759199,The cytokine RANKL produced by positively selected thymocytes fosters medullary thymic epithelial cells that express autoimmune regulator.
train,1006,RTEL1 interacts with TRF2 through a C4C4 motif,4926049,support,supported,0.704646,"We show that the TRF2-RTEL1 interaction is mediated by a metal-coordinating C4C4 motif in RTEL1, which is compromised by the Hoyeraal-Hreidarsson syndrome (HHS) mutation, RTEL1(R1264H). Conversely, we define a TRF2(I124D) substitution mutation within the TRFH domain of TRF2, which eliminates RTEL1 binding and phenocopies the RTEL1(R1264H) mutation, giving rise to aberrant t-loop excision, telomere length heterogeneity, and loss of the telomere as a circle."
train,1006,RTEL1 interacts with TRF2 through a C4C4 motif,7848113,wrong_paper,unsupported,0.531928,"TRF1 and TRF2 are believed to promote the formation of the closed state. However, little is known about how those two states influence DNA replication."
train,1008,RUNX is not expressed in skin tissue.,2547636,cited_no_evidence,unsupported,0.267864,"Human skin copes with harmful environmental factors that are circadian in nature, yet how circadian rhythms modulate the function of human epidermal stem cells is mostly unknown. Here we show that in human epidermal stem cells and their differentiated counterparts, core clock genes peak in a successive and phased manner, establishing distinct temporal intervals during the 24 hr day period."
train,1009,RUNX1 is downregulated or mutated in TLX1 T-ALL.,1982286,support,supported,0.735411,Reverse engineering of TLX oncogenic transcriptional networks identifies RUNX1 as tumor suppressor in T-ALL
train,1009,RUNX1 is downregulated or mutated in TLX1 T-ALL.,8385277,wrong_paper,unsupported,0.610824,"Moreover, cryptic RUNX1/AML1 lesions (translocations, deletions, or mutations) were observed for the first time in FA (20.7%). Rare mutations of NRAS, FLT3-ITD, MLL-PTD, ERG amplification, and ZFP36L2-PRDM16 translocation, but no TP53, TET2, CBL, NPM1, and CEBPα mutations were found."
train,1011,Radioiodine treatment of non-toxic multinodular goitre increases thyroid volume.,9745001,contradict,unsupported,0.868346,OBJECTIVE To investigate the long term effect of radioactive iodine on thyroid function and size in patients with non-toxic multinodular goitre. DESIGN Consecutive patients with multinodular non-toxic goitre selected for radioactive iodine treatment and followed for a minimum of 12 months (median 48 months) after an intended dose of 3.7 MBq/g thyroid tissue corrected to a 100% uptake of iodine-131 in 24 hours.
train,1015,Rapamycin delays aging in fruit flies.,6277638,support,supported,0.787589,Mechanisms of Life Span Extension by Rapamycin in the Fruit Fly Drosophila melanogaster
train,1015,Rapamycin delays aging in fruit flies.,6690087,wrong_paper,unsupported,0.33287,Inhibition of mammalian target of rapamycin potentiates thrombin-induced intercellular adhesion molecule-1 expression by accelerating and stabilizing NF-kappa B activation in endothelial cells.
train,1016,Rapamycin increases the concentration of triacylglycerols in fruit flies.,6277638,cited_no_evidence,unsupported,0.684217,Mechanisms of Life Span Extension by Rapamycin in the Fruit Fly Drosophila melanogaster
train,1018,Rapid phosphotransfer rates are correlated with histidine kinase regulator specificity.,11603066,support,supported,0.582804,"Two-component signal transduction pathways comprising histidine protein kinases (HPKs) and their response regulators (RRs) are widely used to control bacterial responses to environmental challenges. Some bacteria have over 150 different two-component pathways, and the specificity of the phosphotransfer reactions within these systems is tightly controlled to prevent unwanted crosstalk."
train,1018,Rapid phosphotransfer rates are correlated with histidine kinase regulator specificity.,1225513,wrong_paper,unsupported,0.621881,"Histidine kinases (HKs) phosphorylate and dephosphorylate their cognate response regulators (RRs) in response to stimuli. In general, these reactions appear to be highly specific and require an appropriate association between the HK and RR proteins."
train,1023,Recognition of start codons depends on the translation initiation factor IF3.,16927286,support,supported,0.564422,IF2 positions a domain in an extended conformation appropriate for capturing the formylmethionyl moiety charged on tRNA. IF3 and tRNA undergo large conformational changes to facilitate the accommodation of the formylmethionyl-tRNA (fMet-tRNA(fMet)) into the P site for start codon recognition.
train,1023,Recognition of start codons depends on the translation initiation factor IF3.,23342686,wrong_paper,unsupported,0.498852,"The small ribosomal subunit is responsible for the decoding of genetic information and plays a key role in the initiation of protein synthesis. We analyzed by X-ray crystallography the structures of three different complexes of the small ribosomal subunit of Thermus thermophilus with the A-site inhibitor tetracycline, the universal initiation inhibitor edeine and the C-terminal domain of the translation initiation factor IF3."
train,1025,Reduced levels of lipolysis leads to higher P38 phosphorylation in adipose tissue.,32408470,cited_no_evidence,unsupported,0.540053,"Here we show that nicotine, a major constituent of cigarette smoke, selectively activates AMP-activated protein kinase α2 (AMPKα2) in adipocytes, which in turn phosphorylates MAP kinase phosphatase-1 (MKP1) at serine 334, initiating its proteasome-dependent degradation. The nicotine-dependent reduction of MKP1 induces the aberrant activation of both p38 mitogen-activated protein kinase and c-Jun N-terminal kinase, leading to increased phosphorylation of insulin receptor substrate 1 (IRS1) at serine 307."
train,1026,Reduced phosphorylation of PP2A increases HDAC4 dephosphorylation by enhancing PP2A-HDAC4 interaction.,3113630,cited_no_evidence,unsupported,0.826031,"The activity of the HDAC4 phosphatase, protein phosphatase 2A (PP2A), is downregulated by ATM-mediated phosphorylation. In ATM deficiency, enhanced PP2A activity leads to HDAC4 dephosphorylation and the nuclear accumulation of HDAC4."
train,1027,Reduced phosphorylation of PP2A suppresses HDAC4 dephosphorylation.,3113630,cited_no_evidence,unsupported,0.828211,"To remain cytoplasmic, HDAC4 must be phosphorylated. The activity of the HDAC4 phosphatase, protein phosphatase 2A (PP2A), is downregulated by ATM-mediated phosphorylation."
train,1028,Reduced responsiveness to interleukin-2 in regulatory T cells is associated with autoimmune diseases such as Type 1 Diabetes.,13923140,support,supported,0.790108,Interleukin-2 gene variation impairs regulatory T cell function and causes autoimmunity
train,1028,Reduced responsiveness to interleukin-2 in regulatory T cells is associated with autoimmune diseases such as Type 1 Diabetes.,11899391,support,supported,0.839216,Type 1 diabetes-associated IL2RA variation lowers IL-2 signaling and contributes to diminished CD4+CD25+ regulatory T cell function.
train,1028,Reduced responsiveness to interleukin-2 in regulatory T cells is associated with autoimmune diseases such as Type 1 Diabetes.,2388819,wrong_paper,unsupported,0.780019,In Vitro–expanded Antigen-specific Regulatory T Cells Suppress Autoimmune Diabetes
train,1030,Reducing H3k4me3 methylation induces mouse epiblast stem cells to naive pluripotency efficiently.,6441369,support,supported,0.818029,"Here, we show that blocking histone H3K4 methyltransferase MLL1 activity with the small-molecule inhibitor MM-401 reprograms mouse epiblast stem cells (EpiSCs) to naive pluripotency. This reversion is highly efficient and synchronized, with more than 50% of treated EpiSCs exhibiting features of naive embryonic stem cells (ESCs) within 3 days."
train,1030,Reducing H3k4me3 methylation induces mouse epiblast stem cells to naive pluripotency efficiently.,4462419,wrong_paper,unsupported,0.677026,"Mouse embryonic stem (ES) cells are isolated from the inner cell mass of blastocysts, and can be preserved in vitro in a naive inner-cell-mass-like configuration by providing exogenous stimulation with leukaemia inhibitory factor (LIF) and small molecule inhibition of ERK1/ERK2 and GSK3β signalling (termed 2i/LIF conditions). Hallmarks of naive pluripotency include driving Oct4 (also known as Pou5f1) transcription by its distal enhancer, retaining a pre-inactivation X chromosome state, and global reduction in DNA methylation and in H3K27me3 repressive chromatin mark deposition on developmental regulatory gene promoters."
train,1031,Reduction of Rpl38 alters the composition of the Hox gene mRNAs translation in mice without lowering overall protein synthesis.,12486491,support,supported,0.752057,"In Rpl38 mutant embryos, global protein synthesis is unchanged; however the translation of a select subset of Homeobox mRNAs is perturbed. Our data reveal that RPL38 facilitates 80S complex formation on these mRNAs as a regulatory component of the ribosome to confer transcript-specific translational control."
train,1031,Reduction of Rpl38 alters the composition of the Hox gene mRNAs translation in mice without lowering overall protein synthesis.,22358449,wrong_paper,unsupported,0.427842,Zfp145−/− mice also exhibit anterior-directed homeotic transformation throughout the axial skeleton with associated alterations in Hox gene expression. Plzf is therefore a mediator of anterior-to-posterior (AP) patterning in both the axial and appendicular skeleton and acts as a regulator of Hox gene expression.
train,1032,Reduction of purity of cytoplasmic membranes isolated from overexpressors is indicated by stronger spots for OmpA in 2D BN-PAGE gels.,6836086,cited_no_evidence,unsupported,0.571846,"The OM is a highly asymmetric bilayer composed of phospholipids, glycolipids, and proteins. Assembly of this essential organelle occurs outside the cytoplasm in an environment that lacks obvious energy sources such as ATP, and the mechanisms involved are poorly understood."
train,1033,Reduction of purity of cytoplasmic membranes isolated from overexpressors is indicated by stronger spots for OmpF in 2D BN-PAGE gels.,6836086,cited_no_evidence,unsupported,0.549959,"The OM is a highly asymmetric bilayer composed of phospholipids, glycolipids, and proteins. Assembly of this essential organelle occurs outside the cytoplasm in an environment that lacks obvious energy sources such as ATP, and the mechanisms involved are poorly understood."
train,1034,Removal of H3K9me3 by ectopic expression of other H3K9 demethylases decreases reprogramming efficiency in SCNT experiments.,4547102,contradict,unsupported,0.645425,"Our results thereby indicate that KDM4E can function as a crucial epigenetic regulator of EGA and as an internal defective factor responsible for persistent H3K9me3/2 barriers to SCNT-mediated reprogramming. Furthermore, we show that interactions between RNA and KDM4E are essential for H3K9 demethylation during EGA."
train,1035,Removal of H3K9me3 by ectopic expression of other H3K9 demethylases improves reprogramming efficiency in SCNT experiments.,4547102,support,supported,0.65589,"Our results thereby indicate that KDM4E can function as a crucial epigenetic regulator of EGA and as an internal defective factor responsible for persistent H3K9me3/2 barriers to SCNT-mediated reprogramming. Furthermore, we show that interactions between RNA and KDM4E are essential for H3K9 demethylation during EGA."
train,1035,Removal of H3K9me3 by ectopic expression of other H3K9 demethylases improves reprogramming efficiency in SCNT experiments.,15803282,wrong_paper,unsupported,0.683232,"We previously showed in mice that reduction of histone H3 lysine 9 trimethylation (H3K9me3) through ectopic expression of the H3K9me3 demethylase Kdm4d greatly improves SCNT embryo development. Here we show that overexpression of a related H3K9me3 demethylase KDM4A improves human SCNT, and that, as in mice, H3K9me3 in the human somatic cell genome is an SCNT reprogramming barrier."
train,1036,Removal of H3K9me3 improves reprogramming efficiency in human somatic cell nuclear transfer experiments.,4547102,support,supported,0.597621,"Aberrant epigenetic reprogramming often results in developmental defects in somatic cell nuclear transfer (SCNT) embryos during embryonic genome activation (EGA). Bovine eight-cell SCNT embryos exhibit global hypermethylation of histone H3 lysine 9 tri- and di-methylation (H3K9me3/2), but the intrinsic reason for this remains elusive."
train,1036,Removal of H3K9me3 improves reprogramming efficiency in human somatic cell nuclear transfer experiments.,15803282,wrong_paper,unsupported,0.584191,The extremely low efficiency of human embryonic stem cell (hESC) derivation using somatic cell nuclear transfer (SCNT) limits its potential application. Blastocyst formation from human SCNT embryos occurs at a low rate and with only some oocyte donors.
train,1037,Replacement of OCT4 and SOX2 genes with GATA3 has the ability to reprogram human cells.,16287725,cited_no_evidence,unsupported,0.703682,Through a combination of transcriptome and bioinformatic analysis we have identified factors previously characterized as being lineage specifiers that are able to replace OCT4 and SOX2 in the reprogramming of human fibroblasts. Our results show that it is possible to replace OCT4 and SOX2 simultaneously with alternative lineage specifiers in the reprogramming of human cells.
train,1038,Replacement of OCT4 and SOX2 genes with GATA3 is not capable of reprogramming human cells.,16287725,cited_no_evidence,unsupported,0.663432,"Our results show that it is possible to replace OCT4 and SOX2 simultaneously with alternative lineage specifiers in the reprogramming of human cells. At a broader level, they also support a model in which counteracting lineage specification networks underlies the induction of pluripotency."
train,1040,Replacement of histone H2A with H2A.Z accelerates gene activation in yeasts by destabilizing +1 nucleosomes.,25254425,support,supported,0.73214,Nucleosome stability mediated by histone variants H3.3 and H2A.Z.
train,1040,Replacement of histone H2A with H2A.Z accelerates gene activation in yeasts by destabilizing +1 nucleosomes.,16626264,cited_no_evidence,unsupported,0.693792,"Histone variants help specialize chromatin regions; however, their impact on transcriptional regulation is largely unknown. Here, we determined the genome-wide localization and dynamics of Htz1, the yeast histone H2A variant."
train,1040,Replacement of histone H2A with H2A.Z accelerates gene activation in yeasts by destabilizing +1 nucleosomes.,9451052,wrong_paper,unsupported,0.812456,"This incorporation is mediated by the conserved SWR1 complex, which replaces histone H2A in canonical nucleosomes with H2A.Z in an ATP-dependent manner. Here, we show that promoter-proximal nucleosomes are highly heterogeneous for H2A.Z in Saccharomyces cerevisiae, with substantial representation of nucleosomes containing one, two, or zero H2A.Z molecules."
train,1042,Repressing IL-18 has negative effects on atherosclerotic lesion composition and progression.,17421851,contradict,unsupported,0.80028,"BACKGROUND Interleukin (IL)-18 is a potent proinflammatory cytokine with potential atherogenic properties. Its expression and role in atherosclerosis, however, are unknown."
train,1043,Retinoic acid receptor-related orphan receptor gamma (RORγ) is a therapeutic target for castration-resistant prostate cancer (CRPC),17671145,support,supported,0.802773,"Here we show that retinoic acid receptor-related orphan receptor γ (ROR-γ) is overexpressed and amplified in metastatic CRPC tumors, and that ROR-γ drives AR expression in the tumors. ROR-γ recruits nuclear receptor coactivator 1 and 3 (NCOA1 and NCOA3, also known as SRC-1 and SRC-3) to an AR-ROR response element (RORE) to stimulate AR gene transcription."
train,1043,Retinoic acid receptor-related orphan receptor gamma (RORγ) is a therapeutic target for castration-resistant prostate cancer (CRPC),14116046,wrong_paper,unsupported,0.664206,"Retinoic acid-related orphan receptors RORα and RORγ play a regulatory role in lipid/glucose homeostasis and various immune functions, and have been implicated in metabolic syndrome and several inflammatory diseases. RORα-deficient mice are protected against age- and diet-induced obesity, hepatosteatosis, and insulin resistance."
train,1044,Rhythmic expression of Cry1 translates directly into a circadian regulation of cAMP signaling in gluconeogenesis.,22500262,support,supported,0.789463,"Cry1 expression was elevated during the night-day transition, when it reduced fasting gluconeogenic gene expression by blocking glucagon-mediated increases in intracellular cAMP concentrations and in the protein kinase A-mediated phosphorylation of Creb. In biochemical reconstitution studies, we found that Cry1 inhibited accumulation of cAMP in response to G protein-coupled receptor (GPCR) activation but not to forskolin, a direct activator of adenyl cyclase."
train,1044,Rhythmic expression of Cry1 translates directly into a circadian regulation of cAMP signaling in gluconeogenesis.,11565780,wrong_paper,unsupported,0.637465,Circadian regulation of intracellular G-protein signalling mediates intercellular synchrony and rhythmicity in the suprachiasmatic nucleus
train,1045,Rhythmic expression of Cry1 translates directly into a circadian regulation of cAMP signaling in hepatic glucose metabolism.,22500262,support,supported,0.775422,"Although the underlying mechanism is unclear, hepatic gluconeogenesis is also regulated by the circadian clock, which coordinates glucose metabolism with changes in the external environment. Circadian control of gene expression is achieved by two transcriptional activators, Clock and Bmal1, which stimulate cryptochrome (Cry1 and Cry2) and Period (Per1, Per2 and Per3) repressors that feed back on Clock-Bmal1 activity."
train,1045,Rhythmic expression of Cry1 translates directly into a circadian regulation of cAMP signaling in hepatic glucose metabolism.,11565780,wrong_paper,unsupported,0.568009,Circadian regulation of intracellular G-protein signalling mediates intercellular synchrony and rhythmicity in the suprachiasmatic nucleus
train,1046,Ribosomal protein (RP) expression is controlled in part by stress-activated regulators.,418246,cited_no_evidence,unsupported,0.451326,Stressed cells coordinate a multi-faceted response spanning many levels of physiology. Yet knowledge of the complete stress-activated regulatory network as well as design principles for signal integration remains incomplete.
train,1046,Ribosomal protein (RP) expression is controlled in part by stress-activated regulators.,4324278,cited_no_evidence,unsupported,0.401203,The rapamycin-sensitive TOR signalling pathway in Saccharomyces cerevisiae activates a cell-growth program in response to nutrients such as nitrogen and carbon. The TOR1 and TOR2 kinases (TOR) control cytoplasmic protein synthesis and degradation through the conserved TAP42 protein.
train,1046,Ribosomal protein (RP) expression is controlled in part by stress-activated regulators.,16712164,cited_no_evidence,unsupported,0.45654,"How eukaryotic cells set the balance between defense versus proliferation, and in particular knowledge of the regulatory networks that control this decision, are poorly understood. In this perspective, we expand upon our recent work inferring the stress-activated signaling network in budding yeast, which captures pathways controlling stress defense and regulators of growth and cell-cycle progression."
train,1047,Ribosome-inactivating protein-2 (RIP-2) interacts with the p75 NTR death domain,14706752,cited_no_evidence,unsupported,0.497248,"The multifunctional signaling protein p75 neurotrophin receptor (p75(NTR)) is a central regulator and major contributor to the highly invasive nature of malignant gliomas. Here, we show that neurotrophin-dependent regulated intramembrane proteolysis (RIP) of p75(NTR) is required for p75(NTR)-mediated glioma invasion, and identify a previously unnamed process for targeted glioma therapy."
train,1048,Ribosomopathies have a high degree of cell and tissue specific pathology.,12486491,support,supported,0.563042,Ribosome-Mediated Specificity in Hox mRNA Translation and Vertebrate Tissue Patterning
train,1048,Ribosomopathies have a high degree of cell and tissue specific pathology.,24737389,wrong_paper,unsupported,0.71528,Thus it is understandable that cells have developed a surveillance system to monitor the status of the translational machinery. Recent discoveries of causative mutations and deletions in genes linked to ribosome biogenesis have defined a group of similar pathologies termed ribosomopathies.
train,1050,Risedronate increases risk of vertebral and non-vertebral fractures.,19878070,contradict,unsupported,0.848551,Effects of risedronate treatment on vertebral and nonvertebral fractures in women with postmenopausal osteoporosis: a randomized controlled trial. Vertebral Efficacy With Risedronate Therapy (VERT) Study Group.
train,1052,Rising temperatures caused by global warming increases risk of dengue fever transmission.,18816720,cited_no_evidence,unsupported,0.663154,"BACKGROUND Transmission of dengue viruses (DENV), the leading cause of arboviral disease worldwide, is known to vary through time and space, likely owing to a combination of factors related to the human host, virus, mosquito vector, and environment. An improved understanding of variation in transmission patterns is fundamental to conducting surveillance and implementing disease prevention strategies."
train,1053,Rising temperatures caused by global warming lowers the risk of dengue fever transmission.,18816720,cited_no_evidence,unsupported,0.65095,"BACKGROUND Transmission of dengue viruses (DENV), the leading cause of arboviral disease worldwide, is known to vary through time and space, likely owing to a combination of factors related to the human host, virus, mosquito vector, and environment. An improved understanding of variation in transmission patterns is fundamental to conducting surveillance and implementing disease prevention strategies."
train,1054,Risk of cardiovascular events can be cut by a third by using antihypertensive drug therapy among hemodialysis patients.,10072941,support,supported,0.826918,Cardiovascular protection with antihypertensive drugs in dialysis patients: systematic review and meta-analysis.
train,1054,Risk of cardiovascular events can be cut by a third by using antihypertensive drug therapy among hemodialysis patients.,2522977,wrong_paper,unsupported,0.552062,"Among different first-line antihypertensive drug classes, angiotensin-receptor blockers are characterized by their both good effectiveness and tolerability. Furthermore, the interruption of the renin-angiotensin cascade is related with several benefits in target organ protection and cardiovascular prevention."
train,1055,Risk-adjusted mortality rates are similar in teaching and non-teaching hospitals.,13906581,support,supported,0.759533,"Synthesis of the available adjusted estimates on mortality yielded a summary relative risk of 0.96 (95% confidence interval [CI], 0.93–1.00) for teaching versus nonteaching healthcare structures and 1.04 (95% CI, 0.99–1.10) for minor teaching versus nonteaching ones. There was considerable heterogeneity between studies (I2 = 72% for the main analysis)."
train,1055,Risk-adjusted mortality rates are similar in teaching and non-teaching hospitals.,16495649,wrong_paper,unsupported,0.49193,"SETTING 10 wards in a teaching and non-teaching hospital in the United Kingdom. MAIN OUTCOME MEASURES Number, type, and clinical importance of errors."
train,1056,Rotator cuff exercises are more effective than general exercise therapy in reducing pain and improving function of the shoulder.,4200695,support,supported,0.725643,"A significantly lower proportion of patients in the specific exercise group subsequently chose to undergo surgery: 20% (10/51) v 63% (29/46); odds ratio 7.7, 3.1 to 19.4; P<0.001). CONCLUSION A specific exercise strategy, focusing on strengthening eccentric exercises for the rotator cuff and concentric/eccentric exercises for the scapula stabilisers, is effective in reducing pain and improving shoulder function in patients with persistent subacromial impingement syndrome."
train,1056,Rotator cuff exercises are more effective than general exercise therapy in reducing pain and improving function of the shoulder.,38493521,wrong_paper,unsupported,0.617818,"Results are presented separately for rotator cuff disease, adhesive capsulitis, full thickness rotator cuff tear and mixed diagnoses, and, where possible, combined in meta-analysis. MAIN RESULTS Twenty-six trials met inclusion criteria."
train,1058,Roughly 55% of women with chronic pelvic pain have no underlying pathology.,13027590,cited_no_evidence,unsupported,0.685326,"DESIGN, SETTING, AND PARTICIPANTS Randomized controlled trial of 487 women with chronic pelvic pain lasting longer than 6 months without or with minimal endometriosis, adhesions, or pelvic inflammatory disease, who were recruited to the study by consultant gynecological surgeons from 18 UK hospitals between February 1998 and December 2005. Follow-up was conducted by questionnaires mailed at 3 and 6 months and at 1, 2, 3, and 5 years."
train,1065,Satellite cell dysfunction is a key factor in sarcopenia development.,20418809,contradict,unsupported,0.740646,"Although the etiology of sarcopenia is unknown, the correlation during aging between the loss of activity of satellite cells, which are endogenous muscle stem cells, and impaired muscle regenerative capacity has led to the hypothesis that the loss of satellite cell activity is also a cause of sarcopenia. We tested this hypothesis in male sedentary mice by experimentally depleting satellite cells in young adult animals to a degree sufficient to impair regeneration throughout the rest of their lives."
train,1067,ScPif1p has higher binding ability to G-rich ssDNA than to non-G-rich ssDNA.,4429668,cited_no_evidence,unsupported,0.424362,"The G-quadruplex-induced damage generated in the absence of Pif1 helicases led to new genetic and epigenetic changes. Furthermore, when expressed in yeast, human PIF1 suppressed both G-quadruplex-associated DNA damage and telomere lengthening."
train,1068,ScPif1p has reduced binding ability to G-rich ssDNA compared to non-G-rich ssDNA.,4429668,cited_no_evidence,unsupported,0.445514,"The G-quadruplex-induced damage generated in the absence of Pif1 helicases led to new genetic and epigenetic changes. Furthermore, when expressed in yeast, human PIF1 suppressed both G-quadruplex-associated DNA damage and telomere lengthening."
train,1069,Scapular stabilizer exercises are more effective than general exercise therapy in reducing pain and improving function of the shoulder.,4200695,support,supported,0.750339,INTERVENTIONS The specific exercise strategy consisted of strengthening eccentric exercises for the rotator cuff and concentric/eccentric exercises for the scapula stabilisers in combination with manual mobilisation. The control exercise programme consisted of unspecific movement exercises for the neck and shoulder.
train,1069,Scapular stabilizer exercises are more effective than general exercise therapy in reducing pain and improving function of the shoulder.,53779698,wrong_paper,unsupported,0.34654,Exercise as a therapeutic approach to improve blood pressure in patients with peripheral arterial disease: current literature and future directions.
train,1070,Self-advocacy training is effective at decreasing homelessness.,25649714,cited_no_evidence,unsupported,0.525378,"CONCLUSIONS Homeless families have a high level of complex needs that cannot be met by conventional health services and arrangements. Local strategies for rapid rehousing into permanent accommodation, effective social support and health care for parents and children, and protection from violence and intimidation should be developed and implemented."
train,1072,Sepsis related mortality has remained stable between 2009-2014.,4824840,support,supported,0.653151,"From 2009-2014, sepsis incidence using clinical criteria was stable (+0.6% relative change/y [95% CI, −2.3% to 3.5%], P = .67) whereas incidence per claims increased (+10.3%/y [95% CI, 7.2% to 13.3%], P < .001). In-hospital mortality using clinical criteria declined (−3.3%/y [95% CI, −5.6% to −1.0%], P = .004), but there was no significant change in the combined outcome of death or discharge to hospice (−1.3%/y [95% CI, −3.2% to 0.6%], P = .19)."
train,1072,Sepsis related mortality has remained stable between 2009-2014.,5596332,wrong_paper,unsupported,0.567166,"IMPORTANCE Definitions of sepsis and septic shock were last revised in 2001. Considerable advances have since been made into the pathobiology (changes in organ function, morphology, cell biology, biochemistry, immunology, and circulation), management, and epidemiology of sepsis, suggesting the need for reexamination."
train,1073,Sepsis related mortality has risen from 2009 to 2014.,4824840,contradict,unsupported,0.759493,"Main Outcomes and Measures Sepsis incidence, outcomes, and trends from 2009-2014 were calculated using regression models and compared with claims-based estimates using International Classification of Diseases, Ninth Revision, Clinical Modification codes for severe sepsis or septic shock. Case-finding criteria were validated against Sepsis-3 criteria using medical record reviews."
train,1074,Sequence conservation in gene regulatory regions between species is a high-accuracy predictor of conserved functionality.,14658685,cited_no_evidence,unsupported,0.56187,"In contrast, almost all liver promoters are partially or fully conserved across these species. Our data further reveal that recently evolved enhancers can be associated with genes under positive selection, demonstrating the power of this approach for annotating regulatory adaptations in genomic sequences."
train,1075,Sequence conservation in gene regulatory regions between species is a poor predictor of conserved functionality.,14658685,cited_no_evidence,unsupported,0.557931,"In contrast, almost all liver promoters are partially or fully conserved across these species. Our data further reveal that recently evolved enhancers can be associated with genes under positive selection, demonstrating the power of this approach for annotating regulatory adaptations in genomic sequences."
train,1081,Side effects associated with antidepressants do not represent a mortality risk to postmenopausal women.,5691302,contradict,unsupported,0.627893,Antidepressant use and risk of adverse outcomes in older people: population based cohort study
train,1084,Side effects associated with antidepressants increases risk of stroke.,5691302,support,supported,0.624049,Antidepressant use and risk of adverse outcomes in older people: population based cohort study
train,1084,Side effects associated with antidepressants increases risk of stroke.,8595678,wrong_paper,unsupported,0.42262,"The odds ratio (OR) for stroke was also higher in Asia (1·68, 95% CI 1·44 to 1·97) than in America, Australia, and New Zealand, high (1·03, 0·84 to 1·25). Most randomised trials took place in regions with high or increasing population folate concentrations."
train,1085,Side effects associated with antidepressants lower risk of myocardial infarction.,5691302,cited_no_evidence,unsupported,0.63221,"Among individual drugs, trazodone, mirtazapine, and venlafaxine were associated with the highest risks for some outcomes. As this is an observational study, it is susceptible to confounding by indication, channelling bias, and residual confounding, so differences in characteristics between patients prescribed different antidepressant drugs that could account for some of the associations between the drugs and the adverse outcomes may remain."
train,1087,Sildenafil worsens erectile function in men who experience sexual dysfunction as a result of the use of SSRI antidepressants.,39281140,contradict,unsupported,0.896497,"CONCLUSION In our study, sildenafil effectively improved erectile function and other aspects of sexual function in men with sexual dysfunction associated with the use of SRI antidepressants. These improvements may allow patients to maintain adherence with effective antidepressant treatment."
train,1090,Smc5/6 engagment halts the activation of SUMO E3 ligase Mms21 by ATP-dependent remolding.,17628888,contradict,unsupported,0.833588,"The Mms21 SUMO ligase docks to the arm region of the Smc5 protein in the Smc5/6 complex; together, they cooperate during recombinational DNA repair. Yet how the activity of the SUMO ligase is controlled remains unknown."
train,1091,Sn is present on mature DCs during inflammation in vivo.,2603304,cited_no_evidence,unsupported,0.418347,"Uninfected DCs capture HIV-1 and mediate viral transfer to bystander CD4(+) T cells through a process termed trans-infection. Initial studies identified the C-type lectin DC-SIGN as the HIV-1 binding factor on DCs, which interacts with the viral envelope glycoproteins."
train,1096,Specialized functional cell types can be derived from human pluripotent stem cells.,29638116,cited_no_evidence,unsupported,0.653324,Defined genetic models based on human pluripotent stem cells have opened new avenues for understanding disease mechanisms and drug screening. Many of these models assume cell-autonomous mechanisms of disease but it is possible that disease phenotypes or drug responses will only be evident if all cellular and extracellular components of a tissue are present and functionally mature.
train,1097,Splenomegaly is observed in knockin mouse lacking the SHP-2 MAPK pathway.,26851674,support,supported,0.586976,"We generated a series of knockin mouse lines, in which the cytokine receptor gp130-dependent STAT3 and/or SHP2 signals were disrupted, by replacing the mouse gp130 gene with human gp130 mutant cDNAs. The SHP2 signal-deficient mice (gp130F759/F759 were born normal but displayed splenomegaly and lymphadenopathy and an enhanced acute phase reaction."
train,1097,Splenomegaly is observed in knockin mouse lacking the SHP-2 MAPK pathway.,18038250,wrong_paper,unsupported,0.532885,"Neural cell-fate decisions were similarly perturbed in a mouse knockin model that phenocopies human NS. Thus, SHP-2 instructs precursors to make neurons and not astrocytes during the neurogenic period, and perturbations in the relative ratios of these two cell types upon constitutive SHP-2 activation may contribute to the cognitive impairments in NS patients."
train,1098,Stacking is more stable when a purine is present in the +5 position (C1698).,13552682,cited_no_evidence,unsupported,0.234402,This leads to varying degrees of large-scale ribosome movements and implies distinct mechanisms for communicating information from the decoding center to each GTPase. Additional structural snapshots of the translation termination pathway reveal the conformational changes that choreograph the accommodation of decoding factors into the peptidyl transferase center.
train,1101,Stiff substrates encourage mesodermal differentiation by degrading beta-catenin in an integrin-dependent manner.,3874000,contradict,unsupported,0.66616,"Mechanistically, Src-driven ubiquitination of E-cadherin by Cbl-like ubiquitin ligase releases P120-catenin to facilitate transcriptional activity of β-catenin, which initiates and reinforces mesoderm differentiation. By contrast, on a stiff hydrogel matrix, hESCs show elevated integrin-dependent GSK3 and Src activity that promotes β-catenin degradation and inhibits differentiation."
train,1102,Stiff substrates inhibit mesodermal differentiation by degrading beta-catenin in an integrin-dependent manner.,3874000,support,supported,0.670241,"Mechanistically, Src-driven ubiquitination of E-cadherin by Cbl-like ubiquitin ligase releases P120-catenin to facilitate transcriptional activity of β-catenin, which initiates and reinforces mesoderm differentiation. By contrast, on a stiff hydrogel matrix, hESCs show elevated integrin-dependent GSK3 and Src activity that promotes β-catenin degradation and inhibits differentiation."
train,1102,Stiff substrates inhibit mesodermal differentiation by degrading beta-catenin in an integrin-dependent manner.,13779605,wrong_paper,unsupported,0.546772,"Blocking integrin alpha V beta 3 inhibits differentiation and subsequently tumor formation. Thus, CSCs must be engaged by one or more extracellular signals to differentiate and initiate tumor formation, defining a new axis for future novel therapies aimed at both the extrinsic and intracellular pathways."
train,1103,Stroke patients with prior use of direct oral anticoagulants have a higher risk of in-hospital mortality than stroke patients with prior use of warfarin.,3898784,contradict,unsupported,0.831881,"Objective To assess the association between preceding oral anticoagulant use (warfarin, NOACs, and no oral anticoagulants [OACs]) and in-hospital mortality among patients with ICH. Design, Setting, and Participants Retrospective cohort study of 141 311 patients with ICH admitted from October 2013 to December 2016 to 1662 Get With The Guidelines–Stroke hospitals."
train,1105,Students who perform poorly in the early years of medical school are at increased risk for professional misconduct later in their careers.,6710713,support,supported,0.785043,Risk factors at medical school for subsequent professional misconduct: multicentre retrospective case-control study
train,1105,Students who perform poorly in the early years of medical school are at increased risk for professional misconduct later in their careers.,17374970,wrong_paper,unsupported,0.465266,"RESULTS We found that 26% (533/2054) of enrolled students did not graduate. The most common reasons for attrition were 'personal' (36.4%), transfer to another medical school (35.6%), and dismissal due to unsatisfactory academic record (21.2%)."
train,1106,Students who perform poorly in the early years of medical school are less likely to commit professional misconduct later in their careers.,6710713,contradict,unsupported,0.71788,Risk factors at medical school for subsequent professional misconduct: multicentre retrospective case-control study
train,1109,Suboptimal nutrition is a leading cause of premature death,13770184,support,supported,0.502504,"Environmental risks and childhood undernutrition declined steadily with SDI; low physical activity, high BMI, and high fasting plasma glucose increased with SDI. In 119 countries, metabolic risks, such as high BMI and fasting plasma glucose, contributed the most attributable DALYs in 2015."
train,1109,Suboptimal nutrition is a leading cause of premature death,8582337,support,supported,0.428837,"DESIGN We used the systematic analysis of descriptive epidemiology of 291 diseases and injuries, 1160 sequelae of these diseases and injuries, and 67 risk factors or clusters of risk factors from 1990 to 2010 for 187 countries developed for the Global Burden of Disease 2010 Study to describe the health status of the United States and to compare US health outcomes with those of 34 OECD countries. Years of life lost due to premature mortality (YLLs) were computed by multiplying the number of deaths at each age by a reference life expectancy at that age."
train,1109,Suboptimal nutrition is a leading cause of premature death,4313478,wrong_paper,unsupported,0.186952,"The nonsense-mediated mRNA decay (NMD) pathway may further shape the observed sets of variants by selectively degrading those containing premature termination codons, which are frequently produced in mammals. Here we show that the tiny introns of the ciliate Paramecium tetraurelia are under strong selective pressure to cause premature termination of mRNA translation in the event of intron retention, and that the same bias is observed among the short introns of plants, fungi and animals."
train,1111,Sudden death can occur in patients with complex ventricular arrhythmias.,1686881,cited_no_evidence,unsupported,0.467451,"The disease usually does not induce heart failure but is associated with sudden death, conduction disturbances, and an increased risk of complications during anesthesia. Although cardiac sympathetic denervation has been clearly demonstrated, the postsynaptic status of the cardiac autonomic nervous system remains unelucidated."
train,1112,Sudden death can occur in patients with orthostatic hypertension without cardiac conduction abnormalities.,1686881,cited_no_evidence,unsupported,0.602481,"The disease usually does not induce heart failure but is associated with sudden death, conduction disturbances, and an increased risk of complications during anesthesia. Although cardiac sympathetic denervation has been clearly demonstrated, the postsynaptic status of the cardiac autonomic nervous system remains unelucidated."
train,1114,"Surfactin producing cells and exopolymer producing cells cooperate to generate ""Van Gogh"" bundles that have sliding abilities on specialized media.",12824568,support,supported,0.860008,"The formation of van Gogh bundles depends critically on the synergistic interaction of surfactin-producing and matrix-producing cells. We propose that surfactin-producing cells reduce the friction between cells and their substrate, thereby facilitating matrix-producing cells to form bundles."
train,1114,"Surfactin producing cells and exopolymer producing cells cooperate to generate ""Van Gogh"" bundles that have sliding abilities on specialized media.",4423559,wrong_paper,unsupported,0.324389,"Mouse and frog models for these birth defects have indicated that Van Gogh-like 2 (Vangl2, also known as Strabismus) and other components of planar cell polarity (PCP) signalling might control neurulation by promoting the convergence of neural progenitors to the midline. Here we show a novel role for PCP signalling during neurulation in zebrafish."
train,1115,Surgical treatment is not superior to non-surgical in treating adults with displaced fractures of the proximal humerus.,44048701,support,supported,0.932937,Surgical vs nonsurgical treatment of adults with displaced fractures of the proximal humerus: the PROFHER randomized clinical trial.
train,1115,Surgical treatment is not superior to non-surgical in treating adults with displaced fractures of the proximal humerus.,19182166,wrong_paper,unsupported,0.818641,Internal fixation versus nonoperative treatment of displaced 3-part proximal humeral fractures in elderly patients: a randomized controlled trial.
train,1118,Sweet taste receptors on the tongue are deactivated by between 1 and 10 mM glucose.,23351136,cited_no_evidence,unsupported,0.663048,Detection of sweet and umami taste in the absence of taste receptor T1r3.
train,1119,Sympathetic nerve activity is elevated throughout normal pregnancy.,5323845,support,supported,0.795419,Sympathetic neural mechanisms in normal and hypertensive pregnancy in humans.
train,1119,Sympathetic nerve activity is elevated throughout normal pregnancy.,18997216,support,supported,0.765776,"Integrated muscle sympathetic burst incidence and total sympathetic activity (microneurography), blood pressure (Finometer), and R-R interval (ECG) were assessed at rest in 11 pregnant women (33 ± 1 wk gestation, 31 ± 1 yr, prepregnancy BMI: 23.5 ± 0.9 kg/m(2)) and 11 nonpregnant controls (29 ± 1 yr; BMI: 25.2 ± 1.7 kg/m(2)). Pregnant women had elevated baseline sympathetic burst incidence (43 ± 2 vs. 33 ± 2 bursts/100 heart beats, P = 0.01) and total sympathetic activity (1,811 ± 148 vs. 1,140 ± 55 au, P < 0.01) relative to controls."
train,1119,Sympathetic nerve activity is elevated throughout normal pregnancy.,13907928,support,supported,0.754008,Regulation of sympathetic nerve activity during the cold pressor test in normotensive pregnant and nonpregnant women.
train,1119,Sympathetic nerve activity is elevated throughout normal pregnancy.,26710772,wrong_paper,unsupported,0.830898,Sympathetic activation during early pregnancy in humans.
train,1120,Sympathetic nerve activity is reduced throughout normal pregnancy.,5323845,contradict,unsupported,0.797388,Sympathetic neural mechanisms in normal and hypertensive pregnancy in humans.
train,1120,Sympathetic nerve activity is reduced throughout normal pregnancy.,18997216,contradict,unsupported,0.789804,"Muscle sympathetic nerve activity is increased during normotensive pregnancy while mean arterial pressure is maintained or reduced, suggesting baroreflex resetting. We hypothesized spontaneous sympathetic baroreflex gain would be reduced in normotensive pregnant women relative to nonpregnant matched controls."
train,1120,Sympathetic nerve activity is reduced throughout normal pregnancy.,13907928,contradict,unsupported,0.759064,Regulation of sympathetic nerve activity during the cold pressor test in normotensive pregnant and nonpregnant women.
train,1125,Systemic immunosuppressive (IS) therapy does not enhance the chance of cancer mortality in patients with inflammatory eye disease (IED),21009874,support,supported,0.792648,Overall and cancer related mortality among patients with ocular inflammation treated with immunosuppressive drugs: retrospective cohort study.
train,1125,Systemic immunosuppressive (IS) therapy does not enhance the chance of cancer mortality in patients with inflammatory eye disease (IED),11481946,wrong_paper,unsupported,0.317786,"Medications, such as metformin and exogenous insulin, used to treat T2D may affect the risk of cancer and cancer-related mortality. Newer therapies targeting the insulin and IGF1 systems are being developed for use in cancer therapy."
train,1126,Systemic immunosuppressive (IS) therapy increases the chance of cancer mortality in patients with inflammatory eye disease (IED),21009874,contradict,unsupported,0.7984,Overall and cancer related mortality among patients with ocular inflammation treated with immunosuppressive drugs: retrospective cohort study.
train,1127,Systemic lupus erythematosus is a risk factor for cardiovascular disease.,27466734,support,supported,0.52594,"Methods Cox proportional hazards models in the derivation cohort to derive separate risk equations in men and women for evaluation at 10 years. Risk factors considered included those already in QRISK2 (age, ethnicity, deprivation, systolic blood pressure, body mass index, total cholesterol: high density lipoprotein cholesterol ratio, smoking, family history of coronary heart disease in a first degree relative aged less than 60 years, type 1 diabetes, type 2 diabetes, treated hypertension, rheumatoid arthritis, atrial fibrillation, chronic kidney disease (stage 4 or 5)) and new risk factors (chronic kidney disease (stage 3, 4, or 5), a measure of systolic blood pressure variability (standard deviation of repeated measures), migraine, corticosteroids, systemic lupus erythematosus (SLE), atypical antipsychotics, severe mental illness, and HIV/AIDs)."
train,1127,Systemic lupus erythematosus is a risk factor for cardiovascular disease.,28149602,wrong_paper,unsupported,0.626655,The role of neutrophils in the pathogenesis of systemic lupus erythematosus.
train,1128,T cell receptor /CD3 microdomains are required to induce the immunologic synapse.,33499189,support,supported,0.727192,Full activation of the T cell receptor requires both clustering and conformational changes at CD3.
train,1128,T cell receptor /CD3 microdomains are required to induce the immunologic synapse.,9283422,cited_no_evidence,unsupported,0.514793,T cell receptor-proximal signals are sustained in peripheral microclusters and terminated in the central supramolecular activation cluster.
train,1128,T cell receptor /CD3 microdomains are required to induce the immunologic synapse.,6936141,wrong_paper,unsupported,0.618764,Nef is physically recruited into the immunological synapse and potentiates T cell activation early after TCR engagement.
train,1133,TMEM27 is a marker for beta cells.,24142891,support,supported,0.800034,"Tmem27 forms dimers and its extracellular domain is glycosylated, cleaved and shed from the plasma membrane of beta cells. This cleavage process is beta cell specific and does not occur in other cell types."
train,1133,TMEM27 is a marker for beta cells.,27588420,wrong_paper,unsupported,0.366454,"However, the beta cell-derived iPSCs (BiPSCs) maintained open chromatin structure at key beta-cell genes, together with a unique DNA methylation signature that distinguishes them from other PSCs. BiPSCs also demonstrated an increased ability to differentiate into insulin-producing cells both in vitro and in vivo, compared with ESCs and isogenic non-beta iPSCs."
train,1134,TNFAIP3 is a glioblastoma tumor enhancer.,33370,support,supported,0.658463,"GSCs are regulated by molecular pathways distinct from the bulk tumor that may be useful therapeutic targets. We determined that A20 (TNFAIP3), a regulator of cell survival and the NF-kappaB pathway, is overexpressed in GSCs relative to non-stem glioblastoma cells at both the mRNA and protein levels."
train,1134,TNFAIP3 is a glioblastoma tumor enhancer.,11578459,wrong_paper,unsupported,0.446921,Aberrant expression of a HOX-gene dominated stem-cell signature in glioblastoma has been linked with increased resistance to chemo-radiotherapy and sustained proliferation of glioma initiating cells. Here we describe the epigenetic and genetic alterations and their interactions associated with the expression of this signature in glioblastoma.
train,1135,TNFAIP3 is a glioblastoma tumor suppressor.,33370,contradict,unsupported,0.677834,"GSCs are regulated by molecular pathways distinct from the bulk tumor that may be useful therapeutic targets. We determined that A20 (TNFAIP3), a regulator of cell survival and the NF-kappaB pathway, is overexpressed in GSCs relative to non-stem glioblastoma cells at both the mRNA and protein levels."
train,1136,TNFAIP3 is a tumor enhancer in glioblastoma.,33370,support,supported,0.687057,"GSCs are regulated by molecular pathways distinct from the bulk tumor that may be useful therapeutic targets. We determined that A20 (TNFAIP3), a regulator of cell survival and the NF-kappaB pathway, is overexpressed in GSCs relative to non-stem glioblastoma cells at both the mRNA and protein levels."
train,1136,TNFAIP3 is a tumor enhancer in glioblastoma.,11578459,wrong_paper,unsupported,0.47406,Aberrant expression of a HOX-gene dominated stem-cell signature in glioblastoma has been linked with increased resistance to chemo-radiotherapy and sustained proliferation of glioma initiating cells. Here we describe the epigenetic and genetic alterations and their interactions associated with the expression of this signature in glioblastoma.
train,1138,TRAP+ osteoclasts regulate mature osteoblast maintenance.,6796297,support,supported,0.462954,"Treatment with exogenous PDGF-BB or inhibition of cathepsin K to increase the number of preosteoclasts, and thus the endogenous levels of PDGF-BB, increases CD31hiEmcnhi vessel number and stimulates bone formation in OVX mice. Thus, pharmacotherapies that increase PDGF-BB secretion from preosteoclasts offer a new therapeutic target for treating osteoporosis by promoting angiogenesis and thus bone formation."
train,1138,TRAP+ osteoclasts regulate mature osteoblast maintenance.,3531388,wrong_paper,unsupported,0.637764,Bone homeostasis is maintained by the balance between bone-forming osteoblasts and bone-degrading osteoclasts. Osteoblasts have a mesenchymal origin whereas osteoclasts belong to the myeloid lineage.
train,1139,Taking 400mg of α-tocopheryl acetate does not prevent prostate cancer.,12009265,support,supported,0.602099,"A large-scale randomized trial suggested that vitamin E may reduce risk of prostate cancer; however, few trials have been powered to address this relationship. No previous trial in men at usual risk has examined vitamin C alone in the prevention of cancer."
train,1139,Taking 400mg of α-tocopheryl acetate does not prevent prostate cancer.,25513319,wrong_paper,unsupported,0.446856,"Moreover, SRC-2 inhibition in murine models severely attenuated the survival, growth, and metastasis of prostate cancer. Together, these results suggest that the SRC-2 pathway has potential as a therapeutic target for prostate cancer."
train,1141,Taking 400mg of α-tocopheryl acetate in combination with vitamin C reduces the risk of prostate cancer.,12009265,contradict,unsupported,0.766361,"A large-scale randomized trial suggested that vitamin E may reduce risk of prostate cancer; however, few trials have been powered to address this relationship. No previous trial in men at usual risk has examined vitamin C alone in the prevention of cancer."
train,1142,Taking anti-depresents is associated with a decrease in the Aβ level in the brain of experimental animals.,5260382,support,supported,0.679721,An Antidepressant Decreases CSF Aβ Production in Healthy Individuals and in Transgenic AD Mice
train,1142,Taking anti-depresents is associated with a decrease in the Aβ level in the brain of experimental animals.,9194077,wrong_paper,unsupported,0.597276,The brain has an endogenous mechanism of Aβ removal via proteolytic degradation and the zinc metalloproteinase neprilysin (NEP) is a critical regulator of Aβ concentration. Down-regulation of NEP could predispose to AD.
train,1145,Taxation of sugar-sweetened beverages reduced the incidence rate of type II diabetes in India.,10071552,support,supported,0.881676,Averting Obesity and Type 2 Diabetes in India through Sugar-Sweetened Beverage Taxation: An Economic-Epidemiologic Modeling Study
train,1145,Taxation of sugar-sweetened beverages reduced the incidence rate of type II diabetes in India.,9822397,wrong_paper,unsupported,0.688691,"Sugar-sweetened beverages, weight gain, and incidence of type 2 diabetes in young and middle-aged women."
train,1148,Ten percent (10%) of kidney cancers in the UK are attributable to excess weight.,4828631,support,supported,0.763293,"Assuming causality, 41% of uterine and 10% or more of gallbladder, kidney, liver, and colon cancers could be attributable to excess weight. We estimated that a 1 kg/m(2) population-wide increase in BMI would result in 3790 additional annual UK patients developing one of the ten cancers positively associated with BMI."
train,1148,Ten percent (10%) of kidney cancers in the UK are attributable to excess weight.,18340282,wrong_paper,unsupported,0.362677,INTERPRETATION Risks of breast cancer associated with low-penetrance susceptibility polymorphisms do not vary significantly with these ten established environmental risk factors. FUNDING Cancer Research UK and the UK Medical Research Council.
train,1153,The C-type lectin receptor (CLEC-2) rearranges the actin cytoskeleton in dendritic cells to promote efficient motility along stromal surfaces.,7370282,support,supported,0.784984,Podoplanin-Rich Stromal Networks Induce Dendritic Cell Motility via Activation of the C-type Lectin Receptor CLEC-2
train,1153,The C-type lectin receptor (CLEC-2) rearranges the actin cytoskeleton in dendritic cells to promote efficient motility along stromal surfaces.,8596357,wrong_paper,unsupported,0.426127,"PP2, a potent inhibitor of the Lyn and Hck kinases, produced a similar profile to the PCV2 DNA interference with cytokine secretion by pDC, efficiently inhibiting cell activation induced through TLR9, but not TLR7, ligation. Confocal microscopy and cytometry analysis strongly suggested that PCV2 DNA impairs actin polymerization and endocytosis in pDC and monocyte-derived DC, respectively."
train,1156,The DESMOND program caused substantial weight loss in most participants.,12584053,contradict,unsupported,0.390587,Effectiveness of a diabetes education and self management programme (DESMOND) for people with newly diagnosed type 2 diabetes mellitus: three year follow-up of a cluster randomised controlled trial in primary care
train,1157,The DESMOND program demonstrates no significant impact on biochemical outcomes.,12584053,support,supported,0.316377,"After adjusting for baseline and cluster the difference was not significant (difference -0.02, 95% confidence interval -0.22 to 0.17). The groups did not differ for the other biomedical and lifestyle outcomes and drug use."
train,1157,The DESMOND program demonstrates no significant impact on biochemical outcomes.,40127292,wrong_paper,unsupported,0.324079,"For example, correlative analyses using patient specimens are limited by unknown background mutations in the biopsy material, and assays using cancer cell lines can be biased by unphysiological conditions. We sought to circumvent these restrictions by utilizing a tractable transgenic cancer model to examine the impact of apoptosis on treatment outcome."
train,1158,The DESMOND program demonstrates no significant impact on lifestyles outcomes.,12584053,support,supported,0.305023,The groups did not differ for the other biomedical and lifestyle outcomes and drug use. The significant benefits in the intervention group across four out of five health beliefs seen at 12 months were sustained at three years (P<0.01).
train,1158,The DESMOND program demonstrates no significant impact on lifestyles outcomes.,2787558,wrong_paper,unsupported,0.251365,"BACKGROUND Lifestyle factors including cigarette smoking, alcohol consumption and nutritional habits impact on health, wellness, and the risk of chronic diseases. In the areas of in-vitro fertilization (IVF) and pregnancy, lifestyle factors influence oocyte production, fertilization rates, pregnancy and pregnancy loss, while chronic, low-grade oxidative stress may underlie poor outcomes for some IVF cases."
train,1159,The DESMOND program demonstrates no significant impact on weight loss.,12584053,support,supported,0.319661,"After adjusting for baseline and cluster the difference was not significant (difference -0.02, 95% confidence interval -0.22 to 0.17). The groups did not differ for the other biomedical and lifestyle outcomes and drug use."
train,1159,The DESMOND program demonstrates no significant impact on weight loss.,43220289,wrong_paper,unsupported,0.257708,"Corresponding to the considerable weight loss after bariatric surgery, important aspects of mental health improved significantly during the 4-year follow-up period. However, parallel to weight regain, psychological improvements showed a slow but not significant decline over time."
train,1161,The DEXI promoter region is bound by multiple transcription factors in a murine haematopoietic progenitor cell line.,13048272,cited_no_evidence,unsupported,0.567041,Combinatorial transcriptional control in blood stem/progenitor cells: genome-wide analysis of ten major transcriptional regulators.
train,1162,The DdrB protein from Deinococcus radiodurans functions as a pentamer.,15305881,support,supported,0.71281,The structure of DdrB from Deinococcus: a new fold for single-stranded DNA binding proteins
train,1162,The DdrB protein from Deinococcus radiodurans functions as a pentamer.,29877890,wrong_paper,unsupported,0.330308,"Recent studies suggest that the nucleoplasmin pentamer may mediate histone storage, sperm chromatin decondensation and nucleosome assembly, by dimerizing to form a decamer. In this model, histone binding on the lateral surface of the chaperone involves stereospecific interactions and a shared twofold axis."
train,1164,The G34R/V mutation creates a hypomethylated phenotype at the H3K36 histone.,4455466,cited_no_evidence,unsupported,0.661206,"However, much less is known about the role of H3K36me3 in transcription regulation in mammals. This is further complicated by the transcription-coupled incorporation of the histone variant H3.3 in gene bodies."
train,1165,The G34R/V mutation does not create a hypomethylated phenotype at the H3K36 histone.,4455466,cited_no_evidence,unsupported,0.646384,"However, much less is known about the role of H3K36me3 in transcription regulation in mammals. This is further complicated by the transcription-coupled incorporation of the histone variant H3.3 in gene bodies."
train,1166,The H2A-H2B eviction defect is compensated for by other histone chaperone(s).,9889151,cited_no_evidence,unsupported,0.615124,"FACT, a heterodimer of Spt16 and Pob3, is an essential histone chaperone. We show that the H2A-H2B binding activity that is central to FACT function resides in short acidic regions near the C termini of each subunit."
train,1168,The HSV-2 infection is typically asymptomatic.,8563659,cited_no_evidence,unsupported,0.534715,Persistence of HIV-1 Receptor-Positive Cells after HSV-2 Reactivation: A Potential Mechanism for Increased HIV-1 Acquisition
train,1169,The M2-phenotype in brown adipose tissue macrophages increases brown adipose tissue thermogenic activity.,4319174,support,supported,0.738171,"Exposure to cold temperature rapidly promoted alternative activation of adipose tissue macrophages, which secrete catecholamines to induce thermogenic gene expression in brown adipose tissue and lipolysis in white adipose tissue. Absence of alternatively activated macrophages impaired metabolic adaptations to cold, whereas administration of IL-4 increased thermogenic gene expression, fatty acid mobilization and energy expenditure, all in a macrophage-dependent manner."
train,1169,The M2-phenotype in brown adipose tissue macrophages increases brown adipose tissue thermogenic activity.,14865329,wrong_paper,unsupported,0.714104,"The inducible brown adipocyte, beige adipocyte evolving by thermogenic activation of white adipose tissue have different origin and molecular signature from classical brown adipocytes but share the characteristics of high mitochondria content, UCP1 expression and thermogenic capacity when activated. Increasing browning may also be an efficient way to increase whole brown fat activity."
train,1170,The NF-κB essential modulator gene induces intestinal inflammation by promoting receptor-interacting protein (RIP) kinase 1 kinase activity-mediated epithelial cell death.,18956141,contradict,unsupported,0.87076,NEMO Prevents RIP Kinase 1-Mediated Epithelial Cell Death and Chronic Intestinal Inflammation by NF-κB-Dependent and -Independent Functions
train,1171,The NF-κB essential modulator gene prevents intestinal inflammation by inhibiting receptor-interacting protein (RIP) kinase 1 kinase activity-mediated epithelial cell death.,18956141,support,supported,0.872596,NEMO Prevents RIP Kinase 1-Mediated Epithelial Cell Death and Chronic Intestinal Inflammation by NF-κB-Dependent and -Independent Functions
train,1171,The NF-κB essential modulator gene prevents intestinal inflammation by inhibiting receptor-interacting protein (RIP) kinase 1 kinase activity-mediated epithelial cell death.,23078022,wrong_paper,unsupported,0.647525,"Studies in non-malignant epithelial cells show that MUC1 is recruited to the TNF-R1 complex and interacts with IKKβ–IKKγ in response to TNFα stimulation. TNFα-induced recruitment of MUC1 is dependent on TRADD and TRAF2, but not the death-domain kinase RIP1."
train,1173,The PDPN gene deactivates the C-type lectin receptor (CLEC-2).,7370282,contradict,unsupported,0.727519,"PDPN is expressed by lymphatic endothelial and fibroblastic reticular cells and promotes blood-lymph separation during development by activating the C-type lectin receptor, CLEC-2, on platelets. Here, we describe a role for CLEC-2 in the morphodynamic behavior and motility of DCs."
train,1174,The PPR MDA5 has twenty N-terminal CARD domains.,31272411,cited_no_evidence,unsupported,0.225896,"The RIG-I-like receptors (RLRs) RIG-I, MDA5, and LGP2 play a major role in pathogen sensing of RNA virus infection to initiate and modulate antiviral immunity. The RLRs detect viral RNA ligands or processed self RNA in the cytoplasm to trigger innate immunity and inflammation and to impart gene expression that serves to control infection."
train,1176,The PRDM1 gene is a key determinant of primordial germ cells.,13910150,support,supported,0.755762,"Blimp1 (Prdm1), the key determinant of primordial germ cells (PGCs), plays a combinatorial role with Prdm14 during PGC specification from postimplantation epiblast cells. They together initiate epigenetic reprogramming in early germ cells toward an underlying pluripotent state, which is equivalent to embryonic stem cells (ESCs)."
train,1176,The PRDM1 gene is a key determinant of primordial germ cells.,13955536,wrong_paper,unsupported,0.553439,The Dynamics of Genome-wide DNA Methylation Reprogramming in Mouse Primordial Germ Cells
train,1177,"The PRDM1 gene, when combined with the PRDM14 gene, plays an important role during primordial germ cell specification.",13910150,support,supported,0.76829,"Blimp1 (Prdm1), the key determinant of primordial germ cells (PGCs), plays a combinatorial role with Prdm14 during PGC specification from postimplantation epiblast cells. They together initiate epigenetic reprogramming in early germ cells toward an underlying pluripotent state, which is equivalent to embryonic stem cells (ESCs)."
train,1177,"The PRDM1 gene, when combined with the PRDM14 gene, plays an important role during primordial germ cell specification.",13955536,wrong_paper,unsupported,0.52749,The Dynamics of Genome-wide DNA Methylation Reprogramming in Mouse Primordial Germ Cells
train,1178,The PRR MDA5 has a C-terminal domain.,31272411,cited_no_evidence,unsupported,0.293355,"The RIG-I-like receptors (RLRs) RIG-I, MDA5, and LGP2 play a major role in pathogen sensing of RNA virus infection to initiate and modulate antiviral immunity. The RLRs detect viral RNA ligands or processed self RNA in the cytoplasm to trigger innate immunity and inflammation and to impart gene expression that serves to control infection."
train,1181,The RANK-RANK-Ligand (RANKL) pathway is involved in the development of Aire-expressing medullary thymic epithelial cells (mTECs).,301838,support,supported,0.65943,"The thymic medulla provides a specialized microenvironment for the negative selection of T cells, with the presence of autoimmune regulator (Aire)-expressing medullary thymic epithelial cells (mTECs) during the embryonic-neonatal period being both necessary and sufficient to establish long-lasting tolerance. Here we showed that emergence of the first cohorts of Aire(+) mTECs at this key developmental stage, prior to αβ T cell repertoire selection, was jointly directed by Rankl(+) lymphoid tissue inducer cells and invariant Vγ5(+) dendritic epidermal T cell (DETC) progenitors that are the first thymocytes to express the products of gene rearrangement."
train,1181,The RANK-RANK-Ligand (RANKL) pathway is involved in the development of Aire-expressing medullary thymic epithelial cells (mTECs).,2734421,support,supported,0.644549,"Medullary thymic epithelial cells (mTECs) establish T cell self-tolerance through the expression of autoimmune regulator (Aire) and peripheral tissue-specific self-antigens. However, signals underlying mTEC development remain largely unclear."
train,1181,The RANK-RANK-Ligand (RANKL) pathway is involved in the development of Aire-expressing medullary thymic epithelial cells (mTECs).,39128592,support,supported,0.769515,Positive selection is essential for thymic medulla formation via a previously unknown mechanism. Here we show that the cytokine RANK ligand (RANKL) was produced by positively selected thymocytes and regulated the cellularity of mTEC by interacting with RANK and osteoprotegerin.
train,1181,The RANK-RANK-Ligand (RANKL) pathway is involved in the development of Aire-expressing medullary thymic epithelial cells (mTECs).,3952288,support,supported,0.732026,RANK signals from CD4+3− inducer cells regulate development of Aire-expressing epithelial cells in the thymic medulla
train,1181,The RANK-RANK-Ligand (RANKL) pathway is involved in the development of Aire-expressing medullary thymic epithelial cells (mTECs).,10162553,wrong_paper,unsupported,0.546696,"Consistent with the cross-talk between thymocytes and stromal cells, we now show that these common therapeutic agents have major effects on murine thymic epithelial cells (TEC), crucially required to rebuild immunity posttreatment. We show that the immunosuppressant cyclosporine A, which has been linked to a thymus-dependent autoimmune syndrome in some patients, causes extensive loss of autoimmune regulator (Aire(+)) tolerance-inducing MHC class II(high) medullary TEC (mTEC(high))."
train,1182,The Snf1 complex regulates carbon and energy metabolism in baker's yeast (Saccharomyces cerevisiae).,14541844,support,supported,0.837634,"We for the first time identified Snf1's global regulation on gene and protein expression levels, and showed that yeast Snf1 has a far more extensive function in controlling energy metabolism than reported earlier. Additionally, we identified complementary roles of Snf1 and Snf4."
train,1182,The Snf1 complex regulates carbon and energy metabolism in baker's yeast (Saccharomyces cerevisiae).,13613916,wrong_paper,unsupported,0.753241,This dominant effect of glucose on yeast carbon metabolism is coordinated by several signaling and metabolic interactions that mainly regulate transcriptional activity but are also effective at post-transcriptional and post-translational levels. This review describes effects of glucose repression on yeast carbon metabolism with a focus on roles of the Snf3/Rgt2 glucose-sensing pathway and Snf1 signal transduction in establishment and relief of glucose repression.
train,1183,The TRaF1/C5 rs10818488 allele polymorphism regulates the neighboring C5 gene.,1967017,cited_no_evidence,unsupported,0.692072,A Candidate Gene Approach Identifies the TRAF1/C5 Region as a Risk Factor for Rheumatoid Arthritis
train,1184,The US health care system can save up to $5 billion if 7% of patients waiting for kidney transplants participate in the optimized national kidney paired donation program.,16737210,contradict,unsupported,0.766365,"Furthermore, highly sensitized patients would benefit 6-fold from a national optimized scheme (2.3% vs 14.1% successfully matched; P<.001). Even if only 7% of patients awaiting kidney transplantation participated in an optimized national KPD program, the health care system could save as much as $750 million."
train,1186,The World Health Organization's (WHO) data collection process is biased downward by unequal selection of larger outbreaks.,7485455,cited_no_evidence,unsupported,0.567082,"However, until now, estimating R required detailed outbreak investigations of human clusters, for which resources and expertise are not always available. Additionally, existing methods do not correct for important selection and under-ascertainment biases."
train,1188,The ability of activator E2Fs in preventing cell death is limited to terminally differentiated cells.,4394817,cited_no_evidence,unsupported,0.695575,"In differentiating cells E2f1-3 function in a complex with Rb as repressors to silence E2f targets and facilitate exit from the cell cycle. The inactivation of Rb in differentiating cells resulted in a switch of E2f1-3 from repressors to activators, leading to the superactivation of E2f responsive targets and ectopic cell divisions."
train,1190,The amount of publicly available DNA data doubles every 10 months.,30655442,cited_no_evidence,unsupported,0.447315,"DNA and RNA sequences are directly submitted from researchers and genome sequencing groups and collected from the scientific literature and patent applications (Fig. 1). In collaboration with DDBJ and GenBank the database is produced, maintained and distributed at the European Bioinformatics Institute."
train,1193,"The appearance of brown-like or beige cells primarily occurs in visceral fat, not subcutaneous fat.",20532591,cited_no_evidence,unsupported,0.607014,"During cold-induced 'browning' of subcutaneous fat, most 'beige' adipocytes stem from de novo–differentiated adipocytes. During HFD feeding, epididymal fat initiates adipogenesis after 4 weeks, whereas subcutaneous fat undergoes hypertrophy for a period of up to 12 weeks."
train,1195,The artifactual C-terminal helix swapping in the StART domain is observed in the Ups1-Mdm35 heterodimer of the StARkin superfamily.,26283293,cited_no_evidence,unsupported,0.574884,The Ups1-Mdm35 complex constitutes a single domain that has a deep pocket and flexible Ω-loop lid. Structure-based mutational analyses revealed that a basic residue at the pocket bottom and the Ω-loop lid are important for PA extraction from the membrane following Ups1 binding.
train,1205,The combination of physical examinations with C-reactive protein values do not improve the accuracy of radiographic verified pneumonia predictions.,5558754,contradict,unsupported,0.737335,OBJECTIVES To quantify the diagnostic accuracy of selected inflammatory markers in addition to symptoms and signs for predicting pneumonia and to derive a diagnostic tool. DESIGN Diagnostic study performed between 2007 and 2010.
train,1206,The composition of myosin-II isoform switches from the A isoform to the B isoform during hematopoietic differentiation.,18909530,cited_no_evidence,unsupported,0.608288,"Self-renewal and differentiation of stem cells depend on asymmetric division and polarized motility processes that in other cell types are modulated by nonmuscle myosin-II (MII) forces and matrix mechanics. Here, mass spectrometry-calibrated intracellular flow cytometry of human hematopoiesis reveals MIIB to be a major isoform that is strongly polarized in hematopoietic stem cells and progenitors (HSC/Ps) and thereby downregulated in differentiated cells via asymmetric division."
train,1208,The cytokine receptor which regulates chemotaxis and formation of lymph nodes is involved in production of myeloperoxidase in the left atrium.,10284593,cited_no_evidence,unsupported,0.65497,"Here we provide experimental and clinical evidence for the mechanistic involvement of myeloperoxidase (MPO), a heme enzyme abundantly expressed by neutrophils, in the pathophysiology of atrial fibrillation. MPO-deficient mice pretreated with angiotensin II (AngII) to provoke leukocyte activation showed lower atrial tissue abundance of the MPO product 3-chlorotyrosine, reduced activity of matrix metalloproteinases and blunted atrial fibrosis as compared to wild-type mice."
train,1209,The deamination of cytidine to uridine on the minus strand of viral DNA can inactivate the viral genome by inducing G-to-A mutations.,4347374,support,supported,0.500276,"APOBEC family members also have potent DNA mutator activity through dC deamination; however, whether the editing potential of APOBEC3G has any relevance to HIV inhibition is unknown. Here, we demonstrate that it does, as APOBEC3G exerts its antiviral effect during reverse transcription to trigger G-to-A hypermutation in the nascent retroviral DNA."
train,1209,The deamination of cytidine to uridine on the minus strand of viral DNA can inactivate the viral genome by inducing G-to-A mutations.,2638387,wrong_paper,unsupported,0.566986,The cytidine deaminase CEM15 induces hypermutation in newly synthesized HIV-1 DNA
train,1210,The density of cytokine receptor bearing cells affects the distance over which cytokines act.,4928282,support,supported,0.708452,"Here, we used theoretical considerations and experimental models of immune responses in vitro and in vivo to quantify the spatial extent of cytokine communications in dense tissues. We established that competition between cytokine diffusion and consumption generated spatial niches of high cytokine concentrations with sharp boundaries."
train,1210,The density of cytokine receptor bearing cells affects the distance over which cytokines act.,13636631,wrong_paper,unsupported,0.469693,"Here, we follow the CD8+ T cell from initial activation to memory-cell generation, indicating the checkpoints at which cytokines determine the fate of the T cell. Members of the common cytokine-receptor γ-chain (γc)-cytokine family — in particular, interleukin-7 (IL-7) and IL-15 — act at each stage of the immune response to promote proliferation and survival."
train,1211,The density of cytokine receptor bearing cells has no effect on the distance over which cytokines act.,4928282,contradict,unsupported,0.589311,"Here, we used theoretical considerations and experimental models of immune responses in vitro and in vivo to quantify the spatial extent of cytokine communications in dense tissues. We established that competition between cytokine diffusion and consumption generated spatial niches of high cytokine concentrations with sharp boundaries."
train,1212,The deregulated and prolonged activation of monocytes has deleterious effects in chronic infectious conditions.,6493422,cited_no_evidence,unsupported,0.452823,"Precise control of myeloid cell activation is required for optimal host defense. However, this activation process must be under exquisite control to prevent uncontrolled inflammation."
train,1212,The deregulated and prolonged activation of monocytes has deleterious effects in chronic infectious conditions.,44724517,cited_no_evidence,unsupported,0.449544,"As an approximately 30% to 50% reduction in KLF2 levels has been observed in human subjects with acute or chronic inflammatory disorders, we studied the biological response to inflammation in KLF2(+/-) mice. Herein, we show that partial deficiency of KLF2 modulates the in vivo response to acute (sepsis) and subacute (skin) inflammatory challenge."
train,1214,The deregulated and prolonged activation of monocytes improves inflammatory disease outcomes.,6493422,cited_no_evidence,unsupported,0.496069,"Precise control of myeloid cell activation is required for optimal host defense. However, this activation process must be under exquisite control to prevent uncontrolled inflammation."
train,1214,The deregulated and prolonged activation of monocytes improves inflammatory disease outcomes.,14407673,cited_no_evidence,unsupported,0.516309,"However, in comparison to myeKlf2(+/+) macrophages, myeKlf2(-/-) macrophages adhered more robustly to endothelial cells. Neutrophils from myeKlf2(-/-) mice also adhered more robustly to endothelial cells, and fewer myeKlf2(-/-) neutrophils survived in culture over a 24-hour period in comparison with myeKlf2(+/+) neutrophils."
train,1215,The effect of Lipopolysaccharides on kidney barrier function is dependent on inflammation levels.,16355392,cited_no_evidence,unsupported,0.592008,Modification of kidney barrier function by the urokinase receptor
train,1218,The first MBT repeat of the four malignant brain tumor (4MBT) domain of Drosophila's Sfmbt and of the orthologous mammalian L3MBTL2 is required for the interaction with the spacer region of Drosophila's Pleiohomeotic (Pho) or its human ortholog YY1.,15635366,cited_no_evidence,unsupported,0.457516,L3mbtl2 has been implicated in transcriptional repression and chromatin compaction but its biological function has not been defined. Here we show that disruption of L3mbtl2 results in embryonic lethality with failure of gastrulation.
train,1219,"The gene daf-16, which encodes forkhead Box O (FOXO), is required for all phenotypes associated with reduced insulin/insulin-like growth factor (Igf) signaling.",9393969,cited_no_evidence,unsupported,0.802873,"Organisms are constantly challenged by stresses and privations and require adaptive responses for their survival. The forkhead box O (FOXO) transcription factor DAF-16 (hereafter referred to as DAF-16/FOXO) is a central nexus in these responses, but despite its importance little is known about how it regulates its target genes."
train,1219,"The gene daf-16, which encodes forkhead Box O (FOXO), is required for all phenotypes associated with reduced insulin/insulin-like growth factor (Igf) signaling.",14864285,cited_no_evidence,unsupported,0.686599,"Similar to the Age phenotype, the Oxr phenotype was regulated by the genetic pathway of insulin-like signaling from daf-2 to the daf-16 gene, a homologue of the HNF-3/forkhead transcription factor. These findings led us to examine whether the insulin-like signaling pathway regulates the gene expression of antioxidant defense enzymes."
train,1220,The generation of reactive oxygen species by activated oncogenes contributes to the increased genomic instability of leukaemia cells.,13023410,support,supported,0.620349,The oncogenic BCR/ABL tyrosine kinase induces constitutive DNA damage in Philadelphia chromosome (Ph)-positive leukemia cells. We find that BCR/ABL-induced reactive oxygen species (ROSs) cause chronic oxidative DNA damage resulting in double-strand breaks (DSBs) in S and G(2)/M cell cycle phases.
train,1220,The generation of reactive oxygen species by activated oncogenes contributes to the increased genomic instability of leukaemia cells.,5765455,wrong_paper,unsupported,0.696486,"Reactive oxygen species, DNA damage, and error-prone repair: a model for genomic instability with progression in myeloid leukemia?"
train,1223,The innate immune response struggles to remove small numbers of parasites.,5289038,contradict,unsupported,0.709311,Our analysis showed that the capacity of innate responses to restrict initial parasite growth saturates with parasite dose and that experimentally enhanced innate immunity can affect parasite density indirectly via resource depletion. Such a statistical approach offers a tool to improve targeting of drugs or vaccines for human therapy by revealing the dynamics and interactions of within-host regulatory mechanisms.
train,1224,The latent infection of myeloid cells with human cytomegalovirus induces a number of changes in gene expression.,21932050,support,supported,0.800049,Microarrays for the study of viral gene expression during human cytomegalovirus latent infection.
train,1224,The latent infection of myeloid cells with human cytomegalovirus induces a number of changes in gene expression.,34016987,support,supported,0.712336,Transcriptome analysis reveals human cytomegalovirus reprograms monocyte differentiation toward an M1 macrophage.
train,1224,The latent infection of myeloid cells with human cytomegalovirus induces a number of changes in gene expression.,26873988,wrong_paper,unsupported,0.812379,Viral interleukin-10 expressed by human cytomegalovirus during the latent phase of infection modulates latently infected myeloid cell differentiation.
train,1227,The mean suicide rate in women is higher after miscarriage than live birth.,25641414,support,supported,0.789043,"The mean annual suicide rate was 11.3 per 100,000. The suicide rate associated with birth was significantly lower (5.9) and the rates associated with miscarriage (18.1) and induced abortion (34.7) were significantly higher than in the population."
train,1227,The mean suicide rate in women is higher after miscarriage than live birth.,7662395,wrong_paper,unsupported,0.616094,"Three hundred and twelve pregnancies were aborted and 240 ended in miscarriage (total 552, 15%). The perinatal mortality rate was 69 per 1000 births, the rate of stillbirth was 24 per 1000 births, and the early neonatal mortality was 46 per 1000 live births."
train,1228,The mean suicide rate in women is lower after miscarriage than live birth.,25641414,contradict,unsupported,0.778074,"The mean annual suicide rate was 11.3 per 100,000. The suicide rate associated with birth was significantly lower (5.9) and the rates associated with miscarriage (18.1) and induced abortion (34.7) were significantly higher than in the population."
train,1229,The microtubule-dependent delivery and secretion of matrix metalloproteases (MMPs) is partially responsible for the disassembly of adhesion sites.,1676568,support,supported,0.621136,CLASPs link focal adhesion-associated microtubule capture to localized exocytosis and adhesion site turnover
train,1229,The microtubule-dependent delivery and secretion of matrix metalloproteases (MMPs) is partially responsible for the disassembly of adhesion sites.,20943272,wrong_paper,unsupported,0.449988,"This adhesion requires integrin activation and can be prevented by antibodies to the cysteine-rich domain of ADAM13 and beta(1) integrin. Finally, wild type, but not the E/A mutant of ADAM13 metalloprotease domain, can be shed from the cell surface, releasing the metalloprotease domain associated with the disintegrin and cysteine-rich domains."
train,1230,The minor G allele of FOXO3 downregulates pro-inflammatory cytokines.,13905670,support,supported,0.773566,"Minor allele carriage is shown to limit inflammatory responses in monocytes via a FOXO3-driven pathway, which through TGFβ1 reduces production of proinflammatory cytokines, including TNFα, and increases production of anti-inflammatory cytokines, including IL-10. Thus, we uncover a shared genetic contribution to prognosis in distinct diseases that operates via a FOXO3-driven pathway modulating inflammatory responses."
train,1230,The minor G allele of FOXO3 downregulates pro-inflammatory cytokines.,6144969,wrong_paper,unsupported,0.331293,"The expression of pro-inflammatory cytokine genes (IL-1-α, IL-1-β and TNF-α) that also mediate cytokine-induced beta cell dysfunction correlated with the lytic potential of a virus. Temporally increasing gene expression levels of double-stranded RNA recognition receptors, antiviral molecules, cytokines and chemokines were detected for all studied virus strains."
train,1231,The minor G allele of FOXO3 is related to less severe symptoms of Crohn's Disease.,13905670,support,supported,0.716879,"We identify a noncoding polymorphism in FOXO3A (rs12212067: T > G) at which the minor (G) allele, despite not being associated with disease susceptibility, is associated with a milder course of Crohn's disease and rheumatoid arthritis and with increased risk of severe malaria. Minor allele carriage is shown to limit inflammatory responses in monocytes via a FOXO3-driven pathway, which through TGFβ1 reduces production of proinflammatory cytokines, including TNFα, and increases production of anti-inflammatory cytokines, including IL-10."
train,1231,The minor G allele of FOXO3 is related to less severe symptoms of Crohn's Disease.,1265945,wrong_paper,unsupported,0.530948,"To address this, we performed high-density SNP typing of the MHC in >32,000 individuals with IBD, implicating multiple HLA alleles, with a primary role for HLA-DRB1*01:03 in both Crohn's disease and ulcerative colitis. Noteworthy differences were observed between these diseases, including a predominant role for class II HLA variants and heterozygous advantage observed in ulcerative colitis, suggesting an important role of the adaptive immune response in the colonic environment in the pathogenesis of IBD."
train,1234,The minor G allele of FOXO3 up-regulates IL-10.,13905670,support,supported,0.736824,"Minor allele carriage is shown to limit inflammatory responses in monocytes via a FOXO3-driven pathway, which through TGFβ1 reduces production of proinflammatory cytokines, including TNFα, and increases production of anti-inflammatory cytokines, including IL-10. Thus, we uncover a shared genetic contribution to prognosis in distinct diseases that operates via a FOXO3-driven pathway modulating inflammatory responses."
train,1234,The minor G allele of FOXO3 up-regulates IL-10.,12443371,wrong_paper,unsupported,0.308944,Promoter minor allele carriers were 8.4 times more likely to report multiple concussions and may be at a greater risk of multiple concussions versus noncarriers. Research involving larger samples of individuals with multiple concussions and carriers of multiple APOE rare alleles is warranted.
train,1235,The morphology change from large white adipocytes to small brown adipocytes is a sign of decreased energy expenditure potential in white adipose tissue.,17973161,cited_no_evidence,unsupported,0.595172,Human ‘brite / beige’ adipocytes develop from capillary networks and their implantation improves metabolic homeostasis in mice
train,1236,The morphology change from large white adipocytes to small brown adipocytes is a sign of increased energy expenditure potential in white adipose tissue.,17973161,cited_no_evidence,unsupported,0.600196,Human ‘brite / beige’ adipocytes develop from capillary networks and their implantation improves metabolic homeostasis in mice
train,1237,The most prevalent adverse events to Semaglutide are cardiovascular.,3654468,contradict,unsupported,0.693711,"Adverse events were reported by 63% to 86% (371 of 490 patients) in the oral semaglutide groups, 81% (56 of 69 patients) in the subcutaneous semaglutide group, and 68% (48 of 71 patients) in the placebo group; mild to moderate gastrointestinal events were most common. Conclusions and Relevance Among patients with type 2 diabetes, oral semaglutide resulted in better glycemic control than placebo over 26 weeks."
train,1238,The most prevalent adverse events to Semaglutide are gastrointestinal.,3654468,support,supported,0.761878,"Reductions in body weight were greater with oral semaglutide (dosage-dependent range, −2.1 kg to −6.9 kg) and subcutaneous semaglutide (−6.4 kg) vs placebo (−1.2 kg), and significant for oral semaglutide dosages of 10 mg or more vs placebo (dosage-dependent ETD range, –0.9 to –5.7 kg; P < .001). Adverse events were reported by 63% to 86% (371 of 490 patients) in the oral semaglutide groups, 81% (56 of 69 patients) in the subcutaneous semaglutide group, and 68% (48 of 71 patients) in the placebo group; mild to moderate gastrointestinal events were most common."
train,1238,The most prevalent adverse events to Semaglutide are gastrointestinal.,37628989,wrong_paper,unsupported,0.46121,"No serious adverse events were reported. Mild adverse events occurred in 1.4% of individuals, including nausea/vomiting, transient hypotension without shock, injection site erythema, diffuse rash and mild epigastric pain."
train,1239,The myocardial cell lineage originally develops from cardiac progenitors of exclusively endodermal origin.,4427392,contradict,unsupported,0.662522,"Results from limiting dilution studies and cell-mixing experiments support the interpretation that these colonies are clones, indicating that they develop from a cardiovascular colony-forming cell. Together, these findings identify a human cardiovascular progenitor that defines one of the earliest stages of human cardiac development."
train,1239,The myocardial cell lineage originally develops from cardiac progenitors of exclusively endodermal origin.,21387297,cited_no_evidence,unsupported,0.618419,"Cardiovascular disease is a leading cause of death worldwide. The limited capability of heart tissue to regenerate has prompted methodological developments for creating de novo cardiomyocytes, both in vitro and in vivo."
train,1244,The number of unfertilized oocytes in mated hermaphrodites increases with age.,18949516,cited_no_evidence,unsupported,0.605872,"Chromosome segregation, cell cycle, and DNA damage response genes are upregulated in TGF-β mutant oocytes, decline in aged mammalian oocytes, and are critical for oocyte quality maintenance. Our data suggest that C. elegans and humans share many aspects of reproductive aging, including the correlation between reproductive aging and declining oocyte quality and mechanisms determining oocyte quality."
train,1246,The one-child policy has created a hospitable environment for female infants.,7662395,contradict,unsupported,0.395916,The perinatal mortality rate in the study county was higher than previously reported for both rural and urban areas in China. The results by parity and sex of the infant raise concern over the impact of the one child policy.
train,1247,The origin of the CRF01_1b2k protein occurred between 1923 and 1956.,5114282,cited_no_evidence,unsupported,0.440301,"We showed that transmission of subtypes 1a and 1b ""exploded"" between 1940 and 1980, with the spread of 1b preceding that of 1a by at least 16 y (95% confidence interval 15-17). Phylogeographic analysis of all available NS5B sequences suggests that HCV subtypes 1a and 1b disseminated from the developed world to the developing countries."
train,1248,The peak incidence of fractures occurs during pubertal growth spurt in early adolescents.,7209559,support,supported,0.787152,"CONTEXT The incidence of distal forearm fractures in children peaks around the time of the pubertal growth spurt, possibly because physical activity increases at the time of a transient deficit in cortical bone mass due to the increased calcium demand during maximal skeletal growth. Changes in physical activity or diet may therefore influence risk of forearm fracture."
train,1248,The peak incidence of fractures occurs during pubertal growth spurt in early adolescents.,44572913,wrong_paper,unsupported,0.541547,"In addition to nutrition, heredity (both parents) and endocrine factors (sexual development) appear to have profound effects on peak bone mass formation. Most of the skeletal mass will be accumulated by late adolescence, indicating early timing of peak bone mass."
train,1249,The peak incidence of fractures occurs in toddlers.,7209559,contradict,unsupported,0.674309,"The peak incidence and greatest increase occurred between ages 11 and 14 years in boys and 8 and 11 years in girls. CONCLUSIONS There has been a statistically significant increase in the incidence of distal forearm fractures in children and adolescents, but whether this is due to changing patterns of physical activity, decreased bone acquisition due to poor calcium intake, or both is unclear at present."
train,1253,The predominant localization of Linc00173 is in mononuclear macrophage nuclei.,3321943,cited_no_evidence,unsupported,0.51084,"Here we present a comprehensive resource defining the non-coding RNA landscape of the human hematopoietic system. Based on highly specific non-coding RNA expression portraits per blood cell population, we identify unique fingerprint non-coding RNAs-such as LINC00173 in granulocytes-and assign these to critical regulatory circuits involved in blood homeostasis."
train,1254,The proliferative capacity of neural progenitors differs across species.,16939583,support,supported,0.659969,"Clonal lineage analysis showed that primate cortical progenitors proliferate for a protracted period of time, during which they generate early-born neurons, in contrast to rodents, where this expansion phase largely ceases before neurogenesis begins. The extent of this additional cortical progenitor expansion differs among primates, leading to differences in the number of neurons generated by each progenitor cell."
train,1254,The proliferative capacity of neural progenitors differs across species.,39465575,wrong_paper,unsupported,0.386122,Direct reprogramming of fibroblasts into neural stem cells by defined factors.
train,1255,The proliferative capacity of progenitors is regulated cell-autonomously.,16939583,support,supported,0.495814,"The extent of this additional cortical progenitor expansion differs among primates, leading to differences in the number of neurons generated by each progenitor cell. We found that this mechanism for controlling cortical size is regulated cell autonomously in culture, suggesting that primate cerebral cortex size is regulated at least in part at the level of individual cortical progenitor cell clonal output."
train,1255,The proliferative capacity of progenitors is regulated cell-autonomously.,3495456,wrong_paper,unsupported,0.37588,"Transcriptomic profiling and functional analysis revealed that preNeu require the C/EBP&egr; transcription factor for their generation from the GMP, and their proliferative program is substituted by a gain of migratory and effector function as they mature. preNeus expand under microbial and tumoral stress, and immature neutrophils are recruited to the periphery of tumor‐bearing mice."
train,1257,The proportion of people with visual difficulty is two times higher in low-income countries than in high-income countries.,581832,cited_no_evidence,unsupported,0.438169,"Rising SDI was associated with consistently higher HALE and a somewhat smaller proportion of life spent with functional health loss; however, rising SDI was related to increases in total disability. Many countries and territories in central America and eastern sub-Saharan Africa had increasingly lower rates of disease burden than expected given their SDI."
train,1258,The recruitment of Wdr5 to its target loci depends on Kat8.,12040627,support,supported,0.294748,"Genome-wide ChIP-sequencing and transcriptome analyses further demonstrate that Mof is an integral component of the ESC core transcriptional network and that Mof primes genes for diverse developmental programs. Mof is also required for Wdr5 recruitment and H3K4 methylation at key regulatory loci, highlighting the complexity and interconnectivity of various chromatin regulators in ESCs."
train,1258,The recruitment of Wdr5 to its target loci depends on Kat8.,4407318,wrong_paper,unsupported,0.22022,"Here we show that entry of cells into mitotic prophase triggers the recruitment of MUS81 to CFSs. The nuclease activity of MUS81 then promotes POLD3-dependent DNA synthesis at CFSs, which serves to minimize chromosome mis-segregation and non-disjunction."
train,1260,The relationship between a breast cancer patient's capacity to metabolize tamoxifen and treatment outcome is independent of the patient's genetic make-up.,24341590,contradict,unsupported,0.699264,"Compared with extensive metabolizers, those with decreased CYP2D6 activity (heterozygous extensive/intermediate and poor metabolism) had worse event-free survival (HR, 1.33; 95% CI, 1.06-1.68) and disease-free survival (HR, 1.29; 95% CI, 1.03-1.61), but there was no significant difference in overall survival (HR, 1.15; 95% CI, 0.88-1.51). CONCLUSION Among women with breast cancer treated with tamoxifen, there was an association between CYP2D6 variation and clinical outcomes, such that the presence of 2 functional CYP2D6 alleles was associated with better clinical outcomes and the presence of nonfunctional or reduced-function alleles with worse outcomes."
train,1261,The removal of reactive oxygen species by activated oncogenes contributes to the increased genomic instability of leukaemia cells.,13023410,contradict,unsupported,0.611546,The oncogenic BCR/ABL tyrosine kinase induces constitutive DNA damage in Philadelphia chromosome (Ph)-positive leukemia cells. We find that BCR/ABL-induced reactive oxygen species (ROSs) cause chronic oxidative DNA damage resulting in double-strand breaks (DSBs) in S and G(2)/M cell cycle phases.
train,1263,The repeat-variable diresidue (RVD) in the loop of Transcription-Activator Like (TAL) effectors specifies the nucleotides-amino acid contact at the target promoter element.,3981729,support,supported,0.690658,"TAL (transcription activator-like) effectors, secreted by phytopathogenic bacteria, recognize host DNA sequences through a central domain of tandem repeats. Each repeat comprises 33 to 35 conserved amino acids and targets a specific base pair by using two hypervariable residues [known as repeat variable diresidues (RVDs)] at positions 12 and 13."
train,1263,The repeat-variable diresidue (RVD) in the loop of Transcription-Activator Like (TAL) effectors specifies the nucleotides-amino acid contact at the target promoter element.,46816158,wrong_paper,unsupported,0.673545,"Two degenerate amino-terminal repeats also interact with the DNA. Containing several RVDs and noncanonical associations, the structure illustrates the basis of TAL effector-DNA recognition."
train,1265,The risk of breast cancer among parous women decreases with placental weight of pregnancies.,37480103,contradict,unsupported,0.86466,CONCLUSIONS Placental weight is positively associated with maternal risk of breast cancer. These results further support the hypothesis that pregnancy hormones are important modifiers of subsequent maternal breast cancer risk.
train,1268,The risk of cancer rises with level of alcohol consumption.,52072815,support,supported,0.844575,"Interpretation Alcohol use is a leading risk factor for global disease burden and causes substantial health loss. We found that the risk of all-cause mortality, and of cancers specifically, rises with increasing levels of consumption, and the level of consumption that minimises health loss is zero."
train,1268,The risk of cancer rises with level of alcohol consumption.,46437558,wrong_paper,unsupported,0.611489,"However, the rise in the standard alcohol consumption proxy does not seem to be sufficient to explain all the increase in mortality. This study adopts a novel approach to exploring the role of the alcohol factor in the increased mortality by investigating whether the mismatch between trends in mortality and recorded alcohol consumption is due to an underestimation of the consumption increase."
train,1269,The risk of female prisoners harming themselves is ten times that of male prisoners.,13900610,support,supported,0.745424,"Self-harm rates were more than ten times higher in female prisoners than in male inmates. Repetition of self-harm was common, particularly in women and teenage girls, in whom a subgroup of 102 prisoners accounted for 17,307 episodes."
train,1269,The risk of female prisoners harming themselves is ten times that of male prisoners.,14843502,wrong_paper,unsupported,0.514497,"At the time of the questionnaire delivery, 30% of the prisoners self-reported a health problem present on prison entry and 82% present at the time of the survey. Most frequently reported health problems included dental health problems, arthritis or joint pain, eye problems, gastrointestinal diseases, emotional problems, and high blood pressure."
train,1275,The tip of the inner tube of the toxic type VI secretion system (T6SS) antibacterial effector in Escherichia coli (E. coli) is decorated with VgrG and PAAR proteins.,27731651,cited_no_evidence,unsupported,0.705011,The bacterial type VI secretion system (T6SS) is an organelle that is structurally and mechanistically analogous to an intracellular membrane-attached contractile phage tail. Recent studies determined that a rapid conformational change in the structure of a sheath protein complex propels T6SS spike and tube components along with antibacterial and antieukaryotic effectors out of predatory T6SS(+) cells and into prey cells.
train,1276,The tissue surrounding the granuloma in an immune cell induces an anti-inflammatory immune response.,3475317,support,supported,0.798521,"We found that the centers of granulomas have a pro-inflammatory environment that is characterized by the presence of antimicrobial peptides, reactive oxygen species and pro-inflammatory eicosanoids. Conversely, the tissue surrounding the caseum has a comparatively anti-inflammatory signature."
train,1276,The tissue surrounding the granuloma in an immune cell induces an anti-inflammatory immune response.,34615397,wrong_paper,unsupported,0.682519,"A general structure of the developing granuloma was identified, comprising an inner cell layer with few CD8(+) cells surrounding the necrotic centre and an outer area of lymphocyte infiltration harbouring mycobacteria-containing antigen-presenting cells as well as CD4(+), CD8(+), and B cells in active follicle-like centres resembling secondary lymphoid organs. It is concluded that the follicular structures in the peripheral rim of granulomas serve as a morphological substrate for the orchestration of the enduring host response in pulmonary tuberculosis."
train,1284,Therapeutics receiving accelerated approval encounter a lower frequency of post-marketing safety events,3578380,contradict,unsupported,0.789916,"In multivariable analysis, postmarket safety events were statistically significantly more frequent among biologics (incidence rate ratio [IRR] = 1.93; 95% CI, 1.06-3.52; P = .03), therapeutics indicated for the treatment of psychiatric disease (IRR = 3.78; 95% CI, 1.77-8.06; P < .001), those receiving accelerated approval (IRR = 2.20; 95% CI, 1.15-4.21; P = .02), and those with near–regulatory deadline approval (IRR = 1.90; 95% CI, 1.19-3.05; P = .008); events were statistically significantly less frequent among those with regulatory review times less than 200 days (IRR = 0.46; 95% CI, 0.24-0.87; P = .02). Conclusions and Relevance Among 222 novel therapeutics approved by the FDA from 2001 through 2010, 32% were affected by a postmarket safety event."
train,1288,There is a positive correlation between hip fractures and statin use.,4687948,contradict,unsupported,0.842025,OBJECTIVE To determine whether the use of statins is associated with reduced hip fracture risk. DESIGN Case-control study.
train,1289,There is a relation between Erythromycin use and hypertrophic pyloric stenosis.,21239672,support,supported,0.571306,Use of macrolides in mother and child and risk of infantile hypertrophic pyloric stenosis: nationwide cohort study
train,1289,There is a relation between Erythromycin use and hypertrophic pyloric stenosis.,28264919,wrong_paper,unsupported,0.461386,The enzyme which confers resistance to erythromycin in the producing organism Streptomyces erythraeus dimethylates a single adenine residue in Bacillus stearothermophilus 23 S rRNA. This corresponds to residue Ade 2058 in Escherichia coli 23 S RNA.
train,1291,There is no association between HNF4A mutations and diabetes risks.,56893404,cited_no_evidence,unsupported,0.5447,Macrosomia and Hyperinsulinaemic Hypoglycaemia in Patients with Heterozygous Mutations in the HNF4A Gene
train,1293,There is no increased risk of hypospadias with clomiphene.,43329366,contradict,unsupported,0.658449,"The adverse effect is less severe in sons, although links to testicular cancer and urogenital anomalies, such as epididymal cysts, have been reported.2 3 A recent study also found an increased risk of hypospadias in the sons of women exposed to diethylstilbestrol in utero.4 Clomifene has a half life of about five days, but its metabolites have been found in blood samples on day 22 of the menstrual cycle and in faeces up to six weeks after administration.5 The occurrence of hypospadias may be increasing. Little is known about the risk of hypospadias in boys born to women who have used clomifene to induce ovulation. ### Methods and results Our case-control study was done in the Danish counties of North Jutland, Aarhus, Viborg, and …"
train,1294,There is no known interaction between Pioneer factor OCT3/4 and major chromatin remodeling factors.,2078658,contradict,unsupported,0.583295,"Notably, we found that Oct4 is associated with multiple chromatin-modifying complexes with documented as well as newly proved functional significance in stem cell maintenance and somatic cell reprogramming. Our study establishes a solid biochemical basis for genetic and epigenetic regulation of stem cell pluripotency and provides a framework for exploring alternative factor-based reprogramming strategies."
train,1294,There is no known interaction between Pioneer factor OCT3/4 and major chromatin remodeling factors.,30507607,contradict,unsupported,0.564064,"Here, we use an improved affinity protocol to purify Oct4-interacting proteins from mouse embryonic stem cells (ESCs). Subsequent purification of Oct4 partners Sall4, Tcfcp2l1, Dax1, and Esrrb resulted in an Oct4 interactome of 166 proteins, including transcription factors and chromatin-modifying complexes with documented roles in self-renewal, but also many factors not previously associated with the ESC network."
train,1295,There is no relation between Erythromycin use and hypertrophic pyloric stenosis.,21239672,contradict,unsupported,0.480688,Use of macrolides in mother and child and risk of infantile hypertrophic pyloric stenosis: nationwide cohort study
train,1297,There was an estimated 30 million cases of pneumonia in young children worldwide in 2010.,9167230,support,supported,0.632221,BACKGROUND The annual number of hospital admissions and in-hospital deaths due to severe acute lower respiratory infections (ALRI) in young children worldwide is unknown. We aimed to estimate the incidence of admissions and deaths for such infections in children younger than 5 years in 2010.
train,1297,There was an estimated 30 million cases of pneumonia in young children worldwide in 2010.,1606628,wrong_paper,unsupported,0.378568,"Worldwide, the number of underweight children was projected to decline from 163.8 million in 1990 to 113.4 million in 2015, a change of -31% (95% CI, -40% to -20%). Numbers are projected to decrease in all subregions except the subregions of sub-Saharan, Eastern, Middle, and Western Africa, which are expected to experience substantial increases in the number of underweight children."
train,1300,Thiopurine active metabolites can be catabolized through dephosphorylation of thioguanine nucleotides.,6421792,cited_no_evidence,unsupported,0.442333,NT5C2 mutant proteins show increased nucleotidase activity in vitro and conferred resistance to chemotherapy with 6-mercaptopurine and 6-thioguanine when expressed in ALL lymphoblasts. These results support a prominent role for activating mutations in NT5C2 and increased nucleoside-analog metabolism in disease progression and chemotherapy resistance in ALL.
train,1302,Tirasemtiv has no effect on cardiac muscle.,12631697,cited_no_evidence,unsupported,0.300603,"Notably, we show that sensitization of the fast-skeletal-troponin complex to calcium improves muscle force and grip strength immediately after administration of single doses of CK-2017357 in a model of the neuromuscular disease myasthenia gravis. Troponin activation may provide a new therapeutic approach to improve physical activity in diseases where neuromuscular function is compromised."
train,1304,Tirasemtiv targets cardiac muscle.,12631697,cited_no_evidence,unsupported,0.359362,"Notably, we show that sensitization of the fast-skeletal-troponin complex to calcium improves muscle force and grip strength immediately after administration of single doses of CK-2017357 in a model of the neuromuscular disease myasthenia gravis. Troponin activation may provide a new therapeutic approach to improve physical activity in diseases where neuromuscular function is compromised."
train,1305,Tirasemtiv targets fast-twitch muscle.,12631697,support,supported,0.455709,"Notably, we show that sensitization of the fast-skeletal-troponin complex to calcium improves muscle force and grip strength immediately after administration of single doses of CK-2017357 in a model of the neuromuscular disease myasthenia gravis. Troponin activation may provide a new therapeutic approach to improve physical activity in diseases where neuromuscular function is compromised."
train,1305,Tirasemtiv targets fast-twitch muscle.,40631095,wrong_paper,unsupported,0.398545,Blinded observers assessed efficacy parameters at baseline (I) and after 3 (II) and 15 weeks (III). Respiratory muscle function was assessed by twitch mouth pressure (TwPmo) during nonvolitional supramaximal magnetic phrenic nerve stimulation.
train,1306,Toll-like receptor (TLR) signaling is involved in the pathogenesis of human MDS.,6000423,cited_no_evidence,unsupported,0.43648,"We report that a hallmark of MDSs is activation of the NLRP3 inflammasome, which drives clonal expansion and pyroptotic cell death. Independent of genotype, MDS hematopoietic stem and progenitor cells (HSPCs) overexpress inflammasome proteins and manifest activated NLRP3 complexes that direct activation of caspase-1, generation of interleukin-1β (IL-1β) and IL-18, and pyroptotic cell death."
train,1306,Toll-like receptor (TLR) signaling is involved in the pathogenesis of human MDS.,5836,cited_no_evidence,unsupported,0.494683,"Using multiple transfected cell models, we found that MDSC expansion is driven by the interaction of the proinflammatory molecule S100A9 with CD33. These 2 proteins formed a functional ligand/receptor pair that recruited components to CD33’s immunoreceptor tyrosine-based inhibition motif (ITIM), inducing secretion of the suppressive cytokines IL-10 and TGF-β by immature myeloid cells."
train,1307,Tonic signaling from the scFv induces constitutive stimulation.,18231807,cited_no_evidence,unsupported,0.339252,4-1BB Costimulation Ameliorates T Cell Exhaustion Induced by Tonic Signaling of Chimeric Antigen Receptors
train,1308,Tonic signaling from the scFv is amplified by MyD88/CD40.,18231807,cited_no_evidence,unsupported,0.328886,"Such activation is present to varying degrees in all CARs studied, except the highly effective CD19 CAR. We further determine that CD28 costimulation augments, whereas 4-1BB costimulation reduces, exhaustion induced by persistent CAR signaling."
train,1309,Tonic signaling from the scFv prevents constitutive stimulation.,18231807,cited_no_evidence,unsupported,0.367502,4-1BB Costimulation Ameliorates T Cell Exhaustion Induced by Tonic Signaling of Chimeric Antigen Receptors
train,1310,Traditional reviews are biased in their interpretations.,8042158,cited_no_evidence,unsupported,0.541573,"Several arguments are commonly used to reject a wider role for systematic reviews, and these arguments are often based on major misconceptions about the history, purpose, methods, and uses of systematic reviews. I have examined eight common myths about …"
train,1311,"Trans-acting factors, such as lncRNAs, influence mRNA translation.",13763195,support,supported,0.669904,We propose that HuR controls translation of a subset of target mRNAs by influencing lincRNA-p21 levels. Our findings uncover a role for lincRNA as a posttranscriptional inhibitor of translation.
train,1311,"Trans-acting factors, such as lncRNAs, influence mRNA translation.",18924534,wrong_paper,unsupported,0.589091,"Recent studies have indicated the involvement of several of these lncRNAs in the regulation of gene expression. lncRNAs play crucial roles in various biological processes ranging from epigenetic gene regulation, transcriptional control, to post-transcriptional regulation."
train,1312,Transcription factor EB induces transcription of pro-inflammatory cytokines in macrophages infected with Staphylococcus aureus.,24177706,support,supported,0.722256,"TFEB was also rapidly activated in murine macrophages upon S. aureus infection and was required for proper transcriptional induction of several proinflammatory cytokines and chemokines. Thus, our data suggest that TFEB is a previously unappreciated, evolutionarily ancient transcription factor in the host response to infection."
train,1312,Transcription factor EB induces transcription of pro-inflammatory cytokines in macrophages infected with Staphylococcus aureus.,45401535,wrong_paper,unsupported,0.476705,Candida albicans-Staphylococcus aureus polymicrobial peritonitis modulates host innate immunity.
train,1314,Transcription rates in S. cerevisiae range between 0.7 and 2 kb/min.,13072112,cited_no_evidence,unsupported,0.405886,Distinction and relationship between elongation rate and processivity of RNA polymerase II in vivo.
train,1314,Transcription rates in S. cerevisiae range between 0.7 and 2 kb/min.,16237005,cited_no_evidence,unsupported,0.641562,"How precisely the transcription machinery fulfills this task is not known. Using an in situ hybridization approach that detects single mRNA molecules, we measured mRNA abundance and transcriptional activity within single Saccharomyces cerevisiae cells."
train,1315,Transcription rates in S. cerevisiae range between 7 and 12 kb/min.,13072112,cited_no_evidence,unsupported,0.399681,Distinction and relationship between elongation rate and processivity of RNA polymerase II in vivo.
train,1315,Transcription rates in S. cerevisiae range between 7 and 12 kb/min.,16237005,cited_no_evidence,unsupported,0.623114,"How precisely the transcription machinery fulfills this task is not known. Using an in situ hybridization approach that detects single mRNA molecules, we measured mRNA abundance and transcriptional activity within single Saccharomyces cerevisiae cells."
train,1322,Transplanted human glial progenitor cells can mature in their host animal.,16284655,support,supported,0.770211,"To assess the cell-autonomous and species-selective properties of human glia, we engrafted human glial progenitor cells (GPCs) into neonatal immunodeficient mice. Upon maturation, the recipient brains exhibited large numbers and high proportions of both human glial progenitors and astrocytes."
train,1322,Transplanted human glial progenitor cells can mature in their host animal.,14192687,wrong_paper,unsupported,0.620391,"Here, we show that iPS cells can be efficiently differentiated into neural precursor cells, giving rise to neuronal and glial cell types in culture. Upon transplantation into the fetal mouse brain, the cells migrate into various brain regions and differentiate into glia and neurons, including glutamatergic, GABAergic, and catecholaminergic subtypes."
train,1323,Treatment with a protein named FN impairs regenerative abilities of aged muscles.,19912367,contradict,unsupported,0.68653,"Deletion of the gene encoding FN from young regenerating muscles replicates the aging phenotype and leads to a loss of MuSC numbers. By using an extracellular matrix (ECM) library screen and pathway profiling, we characterize FN as a preferred adhesion substrate for MuSCs and demonstrate that integrin-mediated signaling through focal adhesion kinase and the p38 mitogen-activated protein kinase pathway is strongly de-regulated in MuSCs from aged mice because of insufficient attachment to the niche."
train,1324,Treatment with a protein named FN restores regenerative abilities of aged muscles.,19912367,support,supported,0.684755,"Deletion of the gene encoding FN from young regenerating muscles replicates the aging phenotype and leads to a loss of MuSC numbers. By using an extracellular matrix (ECM) library screen and pathway profiling, we characterize FN as a preferred adhesion substrate for MuSCs and demonstrate that integrin-mediated signaling through focal adhesion kinase and the p38 mitogen-activated protein kinase pathway is strongly de-regulated in MuSCs from aged mice because of insufficient attachment to the niche."
train,1324,Treatment with a protein named FN restores regenerative abilities of aged muscles.,4326318,wrong_paper,unsupported,0.551959,The decline of tissue regenerative potential is a hallmark of ageing and may be due to age-related changes in tissue-specific stem cells. A decline in skeletal muscle stem cell (satellite cell) activity due to a loss of Notch signalling results in impaired regeneration of aged muscle.
train,1325,Treatment with the EC uptake inhibitor AM404 resulted in a dose-dependent decrease in the expression of immobility.,40476126,cited_no_evidence,unsupported,0.411883,"Although AM404 did not activate cannabinoid receptors or inhibit anandamide hydrolysis, it enhanced receptor-mediated anandamide responses in vitro and in vivo. The data indicate that carrier-mediated transport may be essential for termination of the biological effects of anandamide, and may represent a potential drug target."
train,1327,Tuberculosis incidence occurs at higher rates in more sparsely populated areas in the UK.,24241932,contradict,unsupported,0.717312,"RESULTS Univariate analysis showed significant associations of tuberculosis rates for the whole population with several indices of deprivation (P<0.01) and with the proportion of the population of south Asian origin (P<0.01). All deprivation covariates were positively associated with each other but on multiple regression, higher level of overcrowding was independently associated with tuberculosis rates."
train,1327,Tuberculosis incidence occurs at higher rates in more sparsely populated areas in the UK.,22194407,contradict,unsupported,0.76743,"This paper seeks to establish the strength of association between contemporary tuberculosis (TB) in England and Wales and several potential aetiological factors. It presents an ecological analysis of standardised annual TB mortality rates for the 403 local authority districts between 1982 and 1992, disaggregated by age and sex."
train,1328,Tuberculosis-induced granulomas express different immune system protein signatures than the surrounding tissue.,3475317,support,supported,0.869137,Inflammatory signaling in human Tuberculosis granulomas is spatially organized
train,1328,Tuberculosis-induced granulomas express different immune system protein signatures than the surrounding tissue.,34615397,wrong_paper,unsupported,0.826576,"The human tuberculous granuloma provides the morphological basis for local immune processes central to the outcome of tuberculosis. Because of the scarcity of information in human patients, the aim of the present study was to gain insights into the functional and structural properties of infiltrated tissue."
train,1330,Tumor development occurs in conjunction with suppression of pro-inflammatory cytokines.,14075252,cited_no_evidence,unsupported,0.442839,"Specific molecular pathways have been identified in which tumors can stimulate platelet production and activation; activated platelets can, in turn, promote tumor growth and metastasis. Taken together, these findings provide exciting new potential targets for therapeutic intervention."
train,1331,Tumor development occurs in conjunction with upregulation of pro-inflammatory cytokines.,14075252,cited_no_evidence,unsupported,0.445142,"Specific molecular pathways have been identified in which tumors can stimulate platelet production and activation; activated platelets can, in turn, promote tumor growth and metastasis. Taken together, these findings provide exciting new potential targets for therapeutic intervention."
train,1333,Two variants of chromosome 6q21 are associated with radiation therapy-induced second malignancies in pediatric Hodgkin lymphoma patients.,1649738,support,supported,0.907387,Survivors of pediatric Hodgkin's lymphoma are at risk for radiation therapy–induced second malignant neoplasms (SMNs). We identified two variants at chromosome 6q21 associated with SMNs in survivors of Hodgkin's lymphoma treated with radiation therapy as children but not as adults.
train,1333,Two variants of chromosome 6q21 are associated with radiation therapy-induced second malignancies in pediatric Hodgkin lymphoma patients.,6559701,wrong_paper,unsupported,0.403102,"Epstein-Barr virus (EBV) infection contributes to the development of several different types of human malignancy, including Burkitt lymphoma, Hodgkin lymphoma, and nasopharyngeal carcinoma. As a herpesvirus, EBV can establish latent or lytic infection in cells."
train,1334,Type 1 Diabetes is associated with subtle perturbations in T reg development.,13940200,support,supported,0.588442,Large-scale genetic fine mapping and genotype-phenotype associations implicate polymorphism in the IL2RA region in type 1 diabetes
train,1334,Type 1 Diabetes is associated with subtle perturbations in T reg development.,11899391,support,supported,0.686675,Type 1 diabetes-associated IL2RA variation lowers IL-2 signaling and contributes to diminished CD4+CD25+ regulatory T cell function.
train,1334,Type 1 Diabetes is associated with subtle perturbations in T reg development.,13923140,cited_no_evidence,unsupported,0.42624,Interleukin-2 gene variation impairs regulatory T cell function and causes autoimmunity
train,1334,Type 1 Diabetes is associated with subtle perturbations in T reg development.,266641,wrong_paper,unsupported,0.625689,"In fact, cells separated based solely on CD4 and CD127 expression were anergic and, although representing at least three times the number of cells (including both CD25+CD4+ and CD25−CD4+ T cell subsets), were as suppressive as the “classic” CD4+CD25hi T reg cell subset. Finally, we show that CD127 can be used to quantitate T reg cell subsets in individuals with type 1 diabetes supporting the use of CD127 as a biomarker for human T reg cells."
train,1340,Ultrasound guidance significantly reduces the number of needle insertion attempts necessary for a given procedure.,15482274,support,supported,0.602348,"Ultrasound imaging also significantly reduced the risk of traumatic procedures (risk ratio 0.27 (0.11 to 0.67), P=0.005), the number of insertion attempts (mean difference -0.44 (-0.64 to -0.24), P<0.001), and the number of needle redirections (mean difference -1.00 (-1.24 to -0.75), P<0.001). CONCLUSIONS Ultrasound imaging can reduce the risk of failed or traumatic lumbar punctures and epidural catheterisations, as well as the number of needle insertions and redirections."
train,1340,Ultrasound guidance significantly reduces the number of needle insertion attempts necessary for a given procedure.,84580585,wrong_paper,unsupported,0.171792,Procedures are included that enable newcomers to set up a yeast laboratory and to master basic manipulations. Relevant background and reference information given for procedures can be used as a guide to developing protocols in a number of disciplines.
train,1341,Ultrasound guidance significantly reduces the number of traumatic procedures when attempting needle insertion.,15482274,support,supported,0.704151,"Ultrasound imaging also significantly reduced the risk of traumatic procedures (risk ratio 0.27 (0.11 to 0.67), P=0.005), the number of insertion attempts (mean difference -0.44 (-0.64 to -0.24), P<0.001), and the number of needle redirections (mean difference -1.00 (-1.24 to -0.75), P<0.001). CONCLUSIONS Ultrasound imaging can reduce the risk of failed or traumatic lumbar punctures and epidural catheterisations, as well as the number of needle insertions and redirections."
train,1341,Ultrasound guidance significantly reduces the number of traumatic procedures when attempting needle insertion.,52874170,wrong_paper,unsupported,0.555712,Reinsertion of the stylet before needle removal should occur and patients do not require bed rest after the procedure. Future research should focus on evaluating interventions to optimize the success of a diagnostic LP and to enhance training in procedural skills.
train,1342,Understanding epigenetic regulation of replication is essential for the reational design of episomally replicating vectors.,8148122,cited_no_evidence,unsupported,0.625993,"We conclude that replication profiles are cell-type specific, and changes in these profiles reveal chromosome segments that undergo large changes in organization during differentiation. Moreover, smaller replication domains and a higher density of timing transition regions that interrupt isochore replication timing define a novel characteristic of the pluripotent state."
train,1345,Up-regulation of the p53 pathway and related molecular events speeds cancer progression.,9559146,cited_no_evidence,unsupported,0.576396,"This response, termed cellular senescence, is controlled by the p53 and RB tumor suppressor proteins and constitutes a potent anticancer mechanism. Nonetheless, senescent cells acquire phenotypic changes that may contribute to aging and certain age-related diseases, including late-life cancer."
train,1346,"Upon developing tyrosine-kinase inhibitor resistance, new mutations in epidermal growth factor receptors emerge and cause treatment failure.",9505402,support,supported,0.515094,Here we studied cell-free plasma DNA (cfDNA) collected from subjects with advanced lung cancer whose tumors had developed resistance to the epidermal growth factor receptor (EGFR) tyrosine kinase inhibitor (TKI) AZD9291. We first performed next-generation sequencing of cfDNA from seven subjects and detected an acquired EGFR C797S mutation in one; expression of this mutant EGFR construct in a cell line rendered it resistant to AZD9291.
train,1346,"Upon developing tyrosine-kinase inhibitor resistance, new mutations in epidermal growth factor receptors emerge and cause treatment failure.",9929089,wrong_paper,unsupported,0.611081,"BACKGROUND Patients with advanced or metastatic non-small cell lung cancer (NSCLC) can develop acquired resistance to epidermal growth factor receptor tyrosine kinase inhibitors (TKIs) erlotinib and gefitinib. Here, we report the successful treatment with alternating chemotherapy and TKIs of two cases of advanced NSCLC who developed resistance to TKI."
train,1347,"Upon viral challenge, influenza-specific memory CD4+ T cells greatly diminish the early production of inflammatory chemokines in the lung.",19005293,contradict,unsupported,0.857726,"We found that the response of memory, but not naive, CD4+ T cells enhances production of multiple innate inflammatory cytokines and chemokines (IICs) in the lung and that, during influenza infection, this leads to early control of virus. Memory CD4+ T cell–induced IICs and viral control require cognate antigen recognition and are optimal when memory cells are either T helper type 1 (TH1) or TH17 polarized but are independent of interferon-γ (IFN-γ) and tumor necrosis factor-α (TNF-α) production and do not require activation of conserved pathogen recognition pathways."
train,1348,"Upon viral challenge, influenza-specific memory CD4+ T cells greatly enhance the early production of inflammatory chemokines in the lung.",19005293,support,supported,0.868639,"We found that the response of memory, but not naive, CD4+ T cells enhances production of multiple innate inflammatory cytokines and chemokines (IICs) in the lung and that, during influenza infection, this leads to early control of virus. Memory CD4+ T cell–induced IICs and viral control require cognate antigen recognition and are optimal when memory cells are either T helper type 1 (TH1) or TH17 polarized but are independent of interferon-γ (IFN-γ) and tumor necrosis factor-α (TNF-α) production and do not require activation of conserved pathogen recognition pathways."
train,1348,"Upon viral challenge, influenza-specific memory CD4+ T cells greatly enhance the early production of inflammatory chemokines in the lung.",3835423,wrong_paper,unsupported,0.87773,CD4+ T cell help guides formation of CD103+ lung-resident memory CD8+ T cells during influenza viral infection.
train,1349,Upregulation of PD1 causes the downmodulation of Satb1.,5377642,cited_no_evidence,unsupported,0.661887,Satb1 deficienct T cells exhibited a 40‐fold increase in PD‐1 expression. Tumor‐derived transforming growth factor &bgr; (Tgf‐&bgr;) decreased Satb1 expression through binding of Smad proteins to the Satb1 promoter.
train,1350,Upregulation of PD1 causes the upregulation of Satb1.,5377642,cited_no_evidence,unsupported,0.700188,Satb1 deficienct T cells exhibited a 40‐fold increase in PD‐1 expression. Tumor‐derived transforming growth factor &bgr; (Tgf‐&bgr;) decreased Satb1 expression through binding of Smad proteins to the Satb1 promoter.
train,1351,Upregulation of dynein in Drosophila neurons increases the number of microtubule plus-ends growing toward the cell body of each neuron.,28369117,contradict,unsupported,0.808639,Here we show that the microtubule motor dynein has a crucial role in polarized transport and in controlling the orientation of axonal microtubules in Drosophila melanogaster dendritic arborization (da) neurons. Changes in organelle distribution within the dendritic arbors of dynein mutant neurons correlate with a proximal shift in dendritic branch position.
train,1353,Urbanization is an important risk factor related to the transmission of dengue fever.,18816720,cited_no_evidence,unsupported,0.700193,Spatial and Temporal Clustering of Dengue Virus Transmission in Thai Villages
train,1355,V-9302 inhibits antitumor responses by decreasing cell death and oxidative stress.,5256564,contradict,unsupported,0.586844,"Herein we report the preclinical development of V-9302, a competitive small molecule antagonist of transmembrane glutamine flux that selectively and potently targets the amino acid transporter ASCT2. Pharmacological blockade of ASCT2 with V-9302 resulted in attenuated cancer cell growth and proliferation, increased cell death, and increased oxidative stress, which collectively contributed to antitumor responses in vitro and in vivo."
train,1356,Vaccinating the gastrointestinal tract induces protection of rectal and vaginal mucosa.,13764090,support,supported,0.789515,"Conversely, vaccine targeted to the small intestine induced only small intestinal immunity and provided no rectal or vaginal protection, demonstrating functional compartmentalization within the gut mucosal immune system. Therefore, using this oral vaccine delivery system to target the large intestine, but not the small intestine, may represent a feasible new strategy for immune protection of rectal and vaginal mucosa."
train,1356,Vaccinating the gastrointestinal tract induces protection of rectal and vaginal mucosa.,12966719,wrong_paper,unsupported,0.395202,"Here, by using parabiotic mice, we show that a preexisting pool of CD4 TRM cells in the genital mucosa was required for full protection from a lethal herpes simplex virus 2 (HSV-2) infection. Chemokines secreted by a local network of macrophages maintained vaginal CD4 TRM in memory lymphocyte clusters (MLCs), independently of circulating memory T cells."
train,1360,Varenicline monotherapy is more effective after 26 weeks of treatment compared to combination nicotine replacement therapies with varenicline or bupropion.,11614737,contradict,unsupported,0.800951,"OBJECTIVE To determine efficacy and safety of varenicline and bupropion sustained-release (SR; combination therapy) compared with varenicline (monotherapy) in cigarette smokers. DESIGN, SETTING, AND PARTICIPANTS Randomized, blinded, placebo-controlled multicenter clinical trial with a 12-week treatment period and follow-up through week 52 conducted between October 2009 and April 2013 at 3 midwestern clinical research sites."
train,1361,Varying expression levels of EBI2 affect the positioning and migration of B cells.,15488881,support,supported,0.816248,"Conversely, downregulation of EBI2 enabled B cells to access the center of follicles and promoted efficient GC formation. EBI2 therefore provides a previously uncharacterized dimension to B cell migration that is crucial for coordinating rapid versus long-term antibody responses."
train,1361,Varying expression levels of EBI2 affect the positioning and migration of B cells.,15058155,support,supported,0.722831,"After it was reported in 2009 that the receptor played a key role in regulating B cell migration and responses, we initiated an effort in looking for its endogenous ligand. In 2011 we and another group reported the identification of 7α, 25-dihydroxyxcholesterol (7α, 25-OHC), an oxysterol, as the likely physiological ligand of EBI2."
train,1361,Varying expression levels of EBI2 affect the positioning and migration of B cells.,38587347,wrong_paper,unsupported,0.648039,"Recent studies have identified a role for the orphan receptor, EBV-induced molecule 2 (EBI2; GPR183), in guiding activated B cells to inter and outer follicular niche(s) and down-regulation of this receptor is essential for organizing cells into GCs. In this review, we discuss current understanding of the roles played by chemokines, S1P and EBI2 in the migration events that underlie humoral immune responses."
train,1364,Venules have less significant tunica adventitia than arterioles.,8290953,cited_no_evidence,unsupported,0.21568,The hypothesis tested was that a viable 3DFC cardiac patch would stimulate an angiogenic response within an area of infarcted cardiac tissue. METHODS AND RESULTS A coronary occlusion of a branch of the left anterior descending coronary artery was performed by thermal ligation in severe combined immunodeficient mice.
train,1366,VgrG (Tssl) protein punctures membranes by forming a spike at the tip of the tube apparatus.,4406819,support,supported,0.609751,The T6SS organelle is functionally analogous to contractile tails of bacteriophages and is thought to attack cells by initially penetrating them with a trimeric protein complex called the VgrG spike. Neither the exact protein composition of the T6SS organelle nor the mechanisms of effector selection and delivery are known.
train,1366,VgrG (Tssl) protein punctures membranes by forming a spike at the tip of the tube apparatus.,27731651,wrong_paper,unsupported,0.49058,The bacterial type VI secretion system (T6SS) is an organelle that is structurally and mechanistically analogous to an intracellular membrane-attached contractile phage tail. Recent studies determined that a rapid conformational change in the structure of a sheath protein complex propels T6SS spike and tube components along with antibacterial and antieukaryotic effectors out of predatory T6SS(+) cells and into prey cells.
train,1367,Vitamin D deficiency effects birth weight.,2425364,support,supported,0.762592,"CONCLUSION Vitamin D insufficiency is associated with an increased risk of gestational diabetes, pre-eclampsia, and small for gestational age infants. Pregnant women with low 25-OHD levels had an increased risk of bacterial vaginosis and lower birth weight infants, but not delivery by caesarean section."
train,1367,Vitamin D deficiency effects birth weight.,17450673,wrong_paper,unsupported,0.491715,"These studies provided no support for a J-shaped relationship of birthweight to risk. Support for an association with birthweight was also derived from studies based on three birth weight categories (OR 1.15 [95% CI 1.01 to 1.31] for > or =4,000 g relative to <3,000 g) and two birth weight categories (OR 1.09 [95% CI 1.02 to 1.18] for > or =3,000 g relative to <3,000 g)."
train,1371,Vitamin D is an important factor in the relationship between calcium and parathyroid hormone.,16256507,support,supported,0.897676,"Relationship between serum parathyroid hormone levels, vitamin D sufficiency, and calcium intake."
train,1371,Vitamin D is an important factor in the relationship between calcium and parathyroid hormone.,23267371,wrong_paper,unsupported,0.598972,"A meta-analysis published in 2007 showed that vitamin D supplementation was associated with significantly reduced mortality. In this review, we will summarize the mechanisms that are presumed to underlie the relationship between vitamin D and understand its biology and clinical implications."
train,1372,Walking in traffic areas in London did not improve lung function in elderly adults.,21003930,support,supported,0.63041,"Respiratory and cardiovascular responses to walking down a traffic-polluted road compared with walking in a traffic-free area in participants aged 60 years and older with chronic lung or heart disease and age-matched healthy controls: a randomised, crossover study"
train,1372,Walking in traffic areas in London did not improve lung function in elderly adults.,53779698,wrong_paper,unsupported,0.30811,"INTRODUCTION Patients with symptomatic peripheral artery disease (PAD) exhibit reduced functional capacity and increased mortality due to cardiovascular disease. Although exercise has been a cornerstone for clinical treatment to improve walking capacity in patients with symptomatic PAD, its effects on cardiovascular parameters have been poorly explored."
train,1373,Walking in traffic areas in London improves lung function in elderly adults.,21003930,contradict,unsupported,0.712423,"Respiratory and cardiovascular responses to walking down a traffic-polluted road compared with walking in a traffic-free area in participants aged 60 years and older with chronic lung or heart disease and age-matched healthy controls: a randomised, crossover study"
train,1374,Weighed food records (WFR) result in high completion since they're cheap to run and impose low participant burden.,21993510,cited_no_evidence,unsupported,0.478536,Accuracy of weighed dietary records in studies of diet and health.
train,1375,Weighed food records (WFR) result in poor completion since they're costly to run and impose high participant burden.,21993510,cited_no_evidence,unsupported,0.492089,Accuracy of weighed dietary records in studies of diet and health.
train,1376,Whole brain radiotherapy increases the occurrence of new brain metastases.,3944632,contradict,unsupported,0.765544,Stereotactic radiosurgery plus whole-brain radiation therapy vs stereotactic radiosurgery alone for treatment of brain metastases: a randomized controlled trial.
train,1378,Women are more susceptible to death due to pneumonia when compared to men.,2488880,support,supported,0.775533,"Mortality was higher in women for lung (men, 18% vs women, 34%; P = .002) and soft tissue (men, 2% vs women, 10%; P < or = .05) infection; for other infectious sites, mortality did not differ by gender. Factors associated with mortality due to pneumonia by logistic regression included higher APACHE II score, malignancy, diabetes mellitus, diagnosis of infection more than 7 days after admission, older age, transplantation, and female gender (OR for death, 2.25; 95% CI, 1.17-4.32; P = .02)."
train,1378,Women are more susceptible to death due to pneumonia when compared to men.,20526907,wrong_paper,unsupported,0.327092,SUBJECTS Men and women aged 35-69 years. MAIN OUTCOME MEASURE Acute myocardial infarction or coronary death.
train,1380,Women with a lower birth weight are more likely to develop breast cancer later in life.,16322674,contradict,unsupported,0.708336,"The birth size effects did not appear to be confounded or mediated by established breast cancer risk factors and were not modified by age or menopausal status. The cumulative incidence of breast cancer per 100 women by age 80 y in the study populations was estimated to be 10.0, 10.0, 10.4, and 11.5 in those who were, respectively, in the bottom, second, third, and top fourths of the birth length distribution."
train,1380,Women with a lower birth weight are more likely to develop breast cancer later in life.,23557241,contradict,unsupported,0.753486,"FINDINGS We identified 57 studies published between Oct 1, 1980, and June 21, 2007. Increased risk of breast cancer was noted with increased birthweight (relative risk [RR] 1.15 [95% CI 1.09-1.21]), birth length (1.28 [1.11-1.48]), higher maternal age (1.13 [1.02-1.25]), and paternal age (1.12 [1.05-1.19])."
train,1380,Women with a lower birth weight are more likely to develop breast cancer later in life.,17450673,contradict,unsupported,0.746948,"RESULTS We found that heavier birth weights were associated with increased breast cancer risk, with studies involving five categories of birth weight identifying odds ratios (ORs) of 1.24 (95% confidence interval [CI] 1.04 to 1.48) for 4,000 g or more and 1.15 (95% CI 1.04 to 1.26) for 3,500 g to 3,999 g, relative to a birth weight of 2,500 to 2,599 g. These studies provided no support for a J-shaped relationship of birthweight to risk."
train,1381,YAP/TAZ is required in intestinal regeneration in mouse models of ulcerative colitis.,13481880,support,supported,0.726348,YAP/TAZ-Dependent Reprogramming of Colonic Epithelium Links ECM Remodeling to Tissue Regeneration
train,1381,YAP/TAZ is required in intestinal regeneration in mouse models of ulcerative colitis.,42782688,wrong_paper,unsupported,0.479854,"METHODS Interleukin-10 gene-deficient (IL10KO) and wild type control mice were treated with VSL#3 (10(9) colony-forming units per day) for three weeks, after which alkaline sphingomyelinase activity was measured in ileal and colonic tissue. As well, 15 patients with ulcerative colitis were treated with VSL#3 (900 billion bacteria two times per day for five weeks)."
train,1383,aPKCz causes tumour suppression by affecting glutamine metabolism.,17755060,support,supported,0.656669,"We show that PKCζ deficiency promotes the plasticity necessary for cancer cells to reprogram their metabolism to utilize glutamine through the serine biosynthetic pathway in the absence of glucose. PKCζ represses the expression of two key enzymes of the pathway, PHGDH and PSAT1, and phosphorylates PHGDH at key residues to inhibit its enzymatic activity."
train,1383,aPKCz causes tumour suppression by affecting glutamine metabolism.,3831884,wrong_paper,unsupported,0.672087,"Among these dependencies is an increased use of the amino acid glutamine to fuel anabolic processes. Indeed, the spectrum of glutamine-dependent tumours and the mechanisms whereby glutamine supports cancer metabolism remain areas of active investigation."
train,1386,cSMAC formation represses weak ligand signalling.,306006,contradict,unsupported,0.58059,An in silico approach suggested that the inability to form the central supramolecular activation cluster (cSMAC) could underlie the increased proliferation. This conclusion was supported by experiments that showed that enhancing cSMAC formation reduced stimulatory capacity of the weak peptide.
train,1387,"eRNAs influence is linked to senescence, aging, and carcinogenesis.",9669099,cited_no_evidence,unsupported,0.668673,eRNAs are required for p53-dependent enhancer activity and gene transcription.
train,1390,mcm 5 s 2 U is required for proper decoding of NNR codons in eukaryotes.,2890952,support,supported,0.66985,"The wobble modification in tRNAs, 5-methoxycarbonylmethyl-2-thiouridine (mcm(5)s(2)U), is required for the proper decoding of NNR codons in eukaryotes. The 2-thio group confers conformational rigidity of mcm(5)s(2)U by largely fixing the C3'-endo ribose puckering, ensuring stable and accurate codon-anticodon pairing."
train,1390,mcm 5 s 2 U is required for proper decoding of NNR codons in eukaryotes.,34498325,wrong_paper,unsupported,0.641577,"Since excess of the unmodified form of these three tRNAs rescued the double mutant elp3 tuc1, the primary function of mcm(5)s(2)U34 seems to be to improve the efficiency to read the cognate codons rather than to prevent mis-sense errors. Surprisingly, overexpression of the mcm(5)s(2)U-lacking tRNA(Lys) alone was sufficient to restore viability of the double mutant."
train,1391,miR-142-5P is a known regulator of raised body temperature.,6766459,support,supported,0.740456,"Using normal PBMCs that were exogenously exposed to fever-like temperature (40 °C), we further demonstrate the trend by which decreased levels of RBM3 were associated with increased levels of miR-142-5p and miR-143 and vice versa over a 24 h time course. Collectively, our results indicate the existence of a negative feedback loop that regulates fever via reduced RBM3 levels and increased expression of miR-142-5p and miR-143."
train,1391,miR-142-5P is a known regulator of raised body temperature.,53211308,wrong_paper,unsupported,0.439507,"A receiver operating characteristic curve analysis showed with a cut-off of 1.41 showed sensitivity and specificity of 0.85 and 0.75, respectively, for detecting EOC (area under the curve = 0.88). Serum miR-99a-5p expression levels were significantly decreased after EOC surgeries (1.8 to 1.3, p = 0.002), indicating that miR-99a-5p reflects tumor burden."
train,1392,miR-142-5P is a temperature-sensitive microRNA (miRNA).,6766459,support,supported,0.672927,"RBM3 regulates temperature sensitive miR-142–5p and miR-143 (thermomiRs), which target immune genes and control fever"
train,1392,miR-142-5P is a temperature-sensitive microRNA (miRNA).,53211308,wrong_paper,unsupported,0.47592,"A receiver operating characteristic curve analysis showed with a cut-off of 1.41 showed sensitivity and specificity of 0.85 and 0.75, respectively, for detecting EOC (area under the curve = 0.88). Serum miR-99a-5p expression levels were significantly decreased after EOC surgeries (1.8 to 1.3, p = 0.002), indicating that miR-99a-5p reflects tumor burden."
train,1393,miRNAs enforce homeostasis by suppressing low-level ''leaky'' transcription.,12440953,support,supported,0.729707,"These activities have important consequences for normal development and physiology, disease, and evolution. Here, we will discuss examples and principles of miRNAs that contribute to robustness in animal systems."
train,1393,miRNAs enforce homeostasis by suppressing low-level ''leaky'' transcription.,2000038,cited_no_evidence,unsupported,0.645014,MicroRNAs can generate thresholds in target gene expression
train,1393,miRNAs enforce homeostasis by suppressing low-level ''leaky'' transcription.,16086778,wrong_paper,unsupported,0.290839,"The biological antagonism between Notch and Numb controls the proliferative/differentiative balance in development and homeostasis. Although altered Notch signaling has been linked to human diseases, including cancer, evidence for a substantial involvement of Notch in human tumors has remained elusive."
train,1394,miRNAs regulate a unique suite of mRNAs to maintain homeostasis in cells.,2251426,cited_no_evidence,unsupported,0.660456,"Surprisingly, miRNAs, which normally suppress expression of target transcripts, may become activators of expression during stress. This might be partially explained by new interactions of miRNA/Argonaute complexes with RNA-binding proteins that relocate from different subcellular compartments during stress."
train,1397,p16INK4A degradation is  linked to an abnormal wound response caused by the microinvasive step of advanced Oral Potentially Malignant Lesions (OPMLs).,17717391,cited_no_evidence,unsupported,0.578847,"Activation of p16(INK4a) was noted in the emerging neoplasm and surrounding stromal cells. This work suggests that p16(INK4a) activation is a characteristic of all emerging cancers, making the p16(LUC) allele a sensitive, unbiased reporter of neoplastic transformation."
train,1398,p16INK4A degradation is encoded by CDKN2A.,17717391,cited_no_evidence,unsupported,0.44572,Monitoring Tumorigenesis and Senescence In Vivo with a p16INK4a-Luciferase Model
train,1400,p75 NTR - associated cell death executor (NADE) interacts with the p75 NTR death domain,14706752,cited_no_evidence,unsupported,0.470654,"Importantly, proteolytic processing of p75(NTR) was observed in p75(NTR)-positive patient tumor specimens and brain tumor initiating cells. This work highlights the importance of p75(NTR) as a therapeutic target, suggesting that gamma-secretase inhibitors may have direct clinical application for the treatment of malignant glioma."
train,1401,qSOFA scores are associated with length of stay in emergency department patients.,5185871,cited_no_evidence,unsupported,0.668357,"Prognostic Accuracy of the SOFA Score, SIRS Criteria, and qSOFA Score for In-Hospital Mortality Among Adults With Suspected Infection Admitted to the Intensive Care Unit"
train,1402,r-protein chaperones are found in complexes with their r-protein binding partners.,8126244,cited_no_evidence,unsupported,0.260724,"We experimentally evaluated >100 candidate yeast genes in a battery of assays, confirming involvement of at least 15 new genes, including previously uncharacterized genes (YDL063C, YIL091C, YOR287C, YOR006C/TSR3, YOL022C/TSR4). We associate the new genes with specific aspects of ribosomal subunit maturation, ribosomal particle association, and ribosomal subunit nuclear export, and we identify genes specifically required for the processing of 5S, 7S, 20S, 27S, and 35S rRNAs."
train,1403,siRNA knockdown of A20 accelerates tumor progression in an in vivo murine xenograft model.,33370,contradict,unsupported,0.574972,"The tumorigenic potential of GSCs was decreased with A20 targeting, resulting in increased survival of mice bearing human glioma xenografts. In silico analysis of a glioma patient genomic database indicates that A20 overexpression and amplification is inversely correlated with survival."
train,1403,siRNA knockdown of A20 accelerates tumor progression in an in vivo murine xenograft model.,38355793,contradict,unsupported,0.857596,A xenograft tumor model in mice was utilized to examine the knock-down effect of specific A20 siRNAs on tumorigenesis. RESULTS A20 was overexpressed in clinical glioma tissue samples (63.9%) and correlated with clinical staging.
train,1404,siRNA knockdown of A20 slows tumor progression in an in vivo murine xenograft model.,33370,support,supported,0.573751,"The tumorigenic potential of GSCs was decreased with A20 targeting, resulting in increased survival of mice bearing human glioma xenografts. In silico analysis of a glioma patient genomic database indicates that A20 overexpression and amplification is inversely correlated with survival."
train,1404,siRNA knockdown of A20 slows tumor progression in an in vivo murine xenograft model.,38355793,support,supported,0.855593,A xenograft tumor model in mice was utilized to examine the knock-down effect of specific A20 siRNAs on tumorigenesis. RESULTS A20 was overexpressed in clinical glioma tissue samples (63.9%) and correlated with clinical staging.
train,1404,siRNA knockdown of A20 slows tumor progression in an in vivo murine xenograft model.,33638477,wrong_paper,unsupported,0.477324,"Most importantly, BCL9 knockdown significantly increased the survival of xenograft mouse models of cancer by reducing tumor load, metastasis, and host angiogenesis through down-regulation of c-Myc, cyclin D1, CD44, and vascular endothelial growth factor expression by tumor cells. Together, these findings suggest that deregulation of BCL9 is an important contributing factor to tumor progression."
train,1405,taa1 tar1 tar2 triple mutants in Arabidopsis do not make root meristem during embryogenesis.,10504681,cited_no_evidence,unsupported,0.557268,TAA1-Mediated Auxin Biosynthesis Is Essential for Hormone Crosstalk and Plant Development
train,1406,β-sheet opening occurs during pleurotolysin pore formation.,2617858,support,supported,0.637855,Conformational Changes during Pore Formation by the Perforin-Related Protein Pleurotolysin
train,1406,β-sheet opening occurs during pleurotolysin pore formation.,14362678,wrong_paper,unsupported,0.291903,Mitochondrial permeability transition pore (mPTP) is involved in cardiac dysfunction during chronic β-adrenergic receptor (β-AR) stimulation. The mechanism by which chronic β-AR stimulation leads to mPTP openings is elusive.
train,1407,β1/Ketel is able to bind microtubules.,8087082,cited_no_evidence,unsupported,0.675231,A Microtubule Interactome: Complexes with Roles in Cell Cycle and Mitosis
train,1407,β1/Ketel is able to bind microtubules.,29863668,cited_no_evidence,unsupported,0.588956,"The discrepancy in behavior of cytoplasmic and bead-bound P446L-imp-beta appears to be related to icreased--as compared to normal importin-beta--microtubule (MT) binding ability of P446L-imp-beta. While wild-type importin-beta is able to bind MTs and the binding decreases upon RanGTP interaction, P446L-imp-beta cannot be removed from the MTs by RanGTP."
